-- phpMyAdmin SQL Dump
-- version 4.5.1
-- http://www.phpmyadmin.net
--
-- Host: 127.0.0.1
-- Generation Time: Sep 15, 2017 at 11:58 AM
-- Server version: 10.1.19-MariaDB
-- PHP Version: 5.6.28

SET SQL_MODE = "NO_AUTO_VALUE_ON_ZERO";
SET time_zone = "+00:00";


/*!40101 SET @OLD_CHARACTER_SET_CLIENT=@@CHARACTER_SET_CLIENT */;
/*!40101 SET @OLD_CHARACTER_SET_RESULTS=@@CHARACTER_SET_RESULTS */;
/*!40101 SET @OLD_COLLATION_CONNECTION=@@COLLATION_CONNECTION */;
/*!40101 SET NAMES utf8mb4 */;

--
-- Database: `db_reliance`
--

-- --------------------------------------------------------

--
-- Table structure for table `be_acl_actions`
--

CREATE TABLE `be_acl_actions` (
  `id` int(10) UNSIGNED NOT NULL,
  `name` varchar(254) NOT NULL
) ENGINE=InnoDB DEFAULT CHARSET=utf8;

--
-- Dumping data for table `be_acl_actions`
--

INSERT INTO `be_acl_actions` (`id`, `name`) VALUES
(1, 'add');

-- --------------------------------------------------------

--
-- Table structure for table `be_acl_groups`
--

CREATE TABLE `be_acl_groups` (
  `id` int(10) UNSIGNED NOT NULL,
  `lft` int(10) UNSIGNED NOT NULL DEFAULT '0',
  `rgt` int(10) UNSIGNED NOT NULL DEFAULT '0',
  `name` varchar(254) NOT NULL,
  `link` int(10) UNSIGNED DEFAULT NULL
) ENGINE=InnoDB DEFAULT CHARSET=utf8;

--
-- Dumping data for table `be_acl_groups`
--

INSERT INTO `be_acl_groups` (`id`, `lft`, `rgt`, `name`, `link`) VALUES
(1, 1, 12, 'Member', NULL),
(2, 10, 11, 'Administrator', NULL),
(3, 8, 9, 'store', 0),
(4, 6, 7, 'calendar', 0),
(5, 4, 5, 'printing', 0),
(6, 2, 3, 'lamination', 0);

-- --------------------------------------------------------

--
-- Table structure for table `be_acl_permissions`
--

CREATE TABLE `be_acl_permissions` (
  `id` int(10) UNSIGNED NOT NULL,
  `aro_id` int(10) UNSIGNED NOT NULL DEFAULT '0',
  `aco_id` int(10) UNSIGNED NOT NULL DEFAULT '0',
  `allow` char(1) DEFAULT NULL
) ENGINE=InnoDB DEFAULT CHARSET=utf8;

--
-- Dumping data for table `be_acl_permissions`
--

INSERT INTO `be_acl_permissions` (`id`, `aro_id`, `aco_id`, `allow`) VALUES
(1, 2, 1, 'Y');

-- --------------------------------------------------------

--
-- Table structure for table `be_acl_permission_actions`
--

CREATE TABLE `be_acl_permission_actions` (
  `id` int(10) UNSIGNED NOT NULL,
  `access_id` int(10) UNSIGNED NOT NULL DEFAULT '0',
  `axo_id` int(10) UNSIGNED NOT NULL DEFAULT '0',
  `allow` char(1) DEFAULT NULL
) ENGINE=InnoDB DEFAULT CHARSET=utf8;

-- --------------------------------------------------------

--
-- Table structure for table `be_acl_resources`
--

CREATE TABLE `be_acl_resources` (
  `id` int(10) UNSIGNED NOT NULL,
  `lft` int(10) UNSIGNED NOT NULL DEFAULT '0',
  `rgt` int(10) UNSIGNED NOT NULL DEFAULT '0',
  `name` varchar(254) NOT NULL,
  `link` int(10) UNSIGNED DEFAULT NULL
) ENGINE=InnoDB DEFAULT CHARSET=utf8;

--
-- Dumping data for table `be_acl_resources`
--

INSERT INTO `be_acl_resources` (`id`, `lft`, `rgt`, `name`, `link`) VALUES
(1, 1, 22, 'Site', NULL),
(2, 2, 21, 'Control Panel', NULL),
(3, 3, 20, 'System', NULL),
(4, 14, 15, 'Members', NULL),
(5, 4, 13, 'Access Control', NULL),
(6, 16, 17, 'Settings', NULL),
(7, 18, 19, 'Utilities', NULL),
(8, 11, 12, 'Permissions', NULL),
(9, 9, 10, 'Groups', NULL),
(10, 7, 8, 'Resources', NULL),
(11, 5, 6, 'Actions', NULL);

-- --------------------------------------------------------

--
-- Table structure for table `be_backups`
--

CREATE TABLE `be_backups` (
  `backup_id` int(11) NOT NULL,
  `file` varchar(100) NOT NULL,
  `backup_date` datetime NOT NULL
) ENGINE=InnoDB DEFAULT CHARSET=utf8;

-- --------------------------------------------------------

--
-- Table structure for table `be_groups`
--

CREATE TABLE `be_groups` (
  `id` int(10) UNSIGNED NOT NULL,
  `locked` tinyint(1) UNSIGNED NOT NULL DEFAULT '0',
  `disabled` tinyint(1) UNSIGNED NOT NULL DEFAULT '0'
) ENGINE=InnoDB DEFAULT CHARSET=utf8;

--
-- Dumping data for table `be_groups`
--

INSERT INTO `be_groups` (`id`, `locked`, `disabled`) VALUES
(1, 1, 0),
(2, 1, 0),
(3, 0, 0),
(4, 0, 0),
(5, 0, 0),
(6, 0, 0);

-- --------------------------------------------------------

--
-- Table structure for table `be_preferences`
--

CREATE TABLE `be_preferences` (
  `name` varchar(254) NOT NULL,
  `value` text NOT NULL
) ENGINE=MyISAM DEFAULT CHARSET=utf8;

--
-- Dumping data for table `be_preferences`
--

INSERT INTO `be_preferences` (`name`, `value`) VALUES
('default_user_group', '1'),
('smtp_host', ''),
('keep_error_logs_for', '30'),
('email_protocol', 'sendmail'),
('use_registration_captcha', '0'),
('page_debug', '0'),
('automated_from_name', 'Momo Engine'),
('allow_user_registration', '1'),
('use_login_captcha', '0'),
('site_name', 'Reliance MIS'),
('automated_from_email', 'noreply@momoengine.com'),
('account_activation_time', '7'),
('allow_user_profiles', '0'),
('activation_method', 'email'),
('autologin_period', '30'),
('min_password_length', '8'),
('smtp_user', ''),
('smtp_pass', ''),
('email_mailpath', '/usr/sbin/sendmail'),
('smtp_port', '25'),
('smtp_timeout', '5'),
('email_wordwrap', '1'),
('email_wrapchars', '76'),
('email_mailtype', 'html'),
('email_charset', 'utf-8'),
('bcc_batch_mode', '0'),
('bcc_batch_size', '200'),
('login_field', 'both'),
('meta_keywords', 'Polychem MIS'),
('meta_description', 'Polychem MIS'),
('offline_message', 'this is offline message'),
('theme', 'default'),
('site_status', '1'),
('date_format', 'Y-m-d'),
('date_time_format', 'Y-m-d H:i:s'),
('backup_path', 'backups'),
('google_analytics_tracking_code', ''),
('activate_google_analytics', '0');

-- --------------------------------------------------------

--
-- Table structure for table `be_resources`
--

CREATE TABLE `be_resources` (
  `id` int(10) UNSIGNED NOT NULL,
  `locked` tinyint(1) UNSIGNED NOT NULL DEFAULT '0'
) ENGINE=InnoDB DEFAULT CHARSET=utf8;

--
-- Dumping data for table `be_resources`
--

INSERT INTO `be_resources` (`id`, `locked`) VALUES
(1, 1),
(2, 1),
(3, 1),
(4, 1),
(5, 1),
(6, 1),
(7, 1),
(8, 1),
(9, 1),
(10, 1),
(11, 1);

-- --------------------------------------------------------

--
-- Table structure for table `be_shortcuts`
--

CREATE TABLE `be_shortcuts` (
  `shortcut_id` int(11) NOT NULL,
  `name` varchar(255) NOT NULL,
  `image` varchar(255) NOT NULL,
  `link` text NOT NULL,
  `new_window` tinyint(4) NOT NULL,
  `display_order` int(11) NOT NULL,
  `added_date` datetime NOT NULL,
  `status` tinyint(4) NOT NULL
) ENGINE=MyISAM DEFAULT CHARSET=utf8;

-- --------------------------------------------------------

--
-- Table structure for table `be_users`
--

CREATE TABLE `be_users` (
  `id` int(10) UNSIGNED NOT NULL,
  `username` varchar(32) NOT NULL,
  `password` varchar(40) NOT NULL,
  `email` varchar(254) NOT NULL,
  `active` tinyint(1) UNSIGNED NOT NULL DEFAULT '0',
  `group` int(10) UNSIGNED DEFAULT NULL,
  `activation_key` varchar(32) DEFAULT NULL,
  `last_visit` datetime DEFAULT NULL,
  `created` datetime NOT NULL,
  `modified` datetime DEFAULT NULL
) ENGINE=InnoDB DEFAULT CHARSET=utf8;

--
-- Dumping data for table `be_users`
--

INSERT INTO `be_users` (`id`, `username`, `password`, `email`, `active`, `group`, `activation_key`, `last_visit`, `created`, `modified`) VALUES
(1, 'admin', '7aac5c7353e84ec039c9a690ffe7bb69395cf9a2', 'bjrukin995@gmail.com', 1, 2, NULL, '2017-08-27 12:00:34', '2016-06-07 00:52:10', '2016-06-15 03:35:09'),
(2, 'store', '7aac5c7353e84ec039c9a690ffe7bb69395cf9a2', 'store@gmail.com', 1, 3, NULL, '2017-09-15 11:54:19', '2016-06-07 07:53:55', NULL),
(10, 'office', '7aac5c7353e84ec039c9a690ffe7bb69395cf9a2', 'office@gmail.com', 1, 1, NULL, '2017-03-20 13:20:00', '2016-09-26 08:41:51', NULL),
(11, 'ktm_office', '7aac5c7353e84ec039c9a690ffe7bb69395cf9a2', 'ktm@office.com', 1, 1, NULL, '2017-02-08 11:56:19', '2016-10-24 06:35:17', NULL),
(12, 'manager', '7aac5c7353e84ec039c9a690ffe7bb69395cf9a2', 'manager@test.com', 1, 1, NULL, '2017-02-08 11:57:28', '2016-12-15 09:11:02', NULL),
(13, 'test', '7aac5c7353e84ec039c9a690ffe7bb69395cf9a2', 'test@test.com', 1, 1, NULL, '2017-09-15 11:11:36', '2017-04-30 12:42:48', NULL),
(14, 'lab', '7aac5c7353e84ec039c9a690ffe7bb69395cf9a2', 'lab@test.com', 1, 1, NULL, '2017-08-27 05:54:35', '2017-06-06 07:16:38', NULL);

-- --------------------------------------------------------

--
-- Table structure for table `be_user_profiles`
--

CREATE TABLE `be_user_profiles` (
  `user_id` int(10) UNSIGNED NOT NULL
) ENGINE=InnoDB DEFAULT CHARSET=utf8;

--
-- Dumping data for table `be_user_profiles`
--

INSERT INTO `be_user_profiles` (`user_id`) VALUES
(1),
(2),
(10),
(11),
(12),
(13),
(14);

-- --------------------------------------------------------

--
-- Table structure for table `ci_sessions`
--

CREATE TABLE `ci_sessions` (
  `session_id` varchar(40) NOT NULL DEFAULT '0',
  `ip_address` varchar(16) NOT NULL DEFAULT '0',
  `user_agent` varchar(50) NOT NULL,
  `user_data` text NOT NULL,
  `last_activity` int(10) UNSIGNED NOT NULL DEFAULT '0'
) ENGINE=MyISAM DEFAULT CHARSET=utf8;

-- --------------------------------------------------------

--
-- Table structure for table `email_templates`
--

CREATE TABLE `email_templates` (
  `email_template_id` int(11) NOT NULL,
  `name` varchar(255) NOT NULL,
  `slug_name` varchar(255) NOT NULL,
  `subject` varchar(255) NOT NULL,
  `body` text NOT NULL,
  `created_date` datetime NOT NULL,
  `modified_date` datetime NOT NULL
) ENGINE=InnoDB DEFAULT CHARSET=utf8;

-- --------------------------------------------------------

--
-- Table structure for table `layouts`
--

CREATE TABLE `layouts` (
  `layout_id` int(11) NOT NULL,
  `name` varchar(100) NOT NULL
) ENGINE=MyISAM DEFAULT CHARSET=utf8;

-- --------------------------------------------------------

--
-- Table structure for table `pages`
--

CREATE TABLE `pages` (
  `page_id` int(11) NOT NULL,
  `page_title` varchar(255) NOT NULL,
  `description` text NOT NULL,
  `image_name` varchar(255) NOT NULL,
  `meta_keywords` text NOT NULL,
  `meta_description` text NOT NULL,
  `created_date` datetime NOT NULL,
  `modified_date` datetime NOT NULL,
  `slug_id` int(11) NOT NULL,
  `slug_name` varchar(250) NOT NULL,
  `status` tinyint(4) NOT NULL
) ENGINE=MyISAM DEFAULT CHARSET=utf8;

-- --------------------------------------------------------

--
-- Table structure for table `settings`
--

CREATE TABLE `settings` (
  `setting_id` int(11) NOT NULL,
  `code` varchar(100) NOT NULL,
  `key` varchar(100) NOT NULL,
  `value` text NOT NULL
) ENGINE=MyISAM DEFAULT CHARSET=utf8;

--
-- Dumping data for table `settings`
--

INSERT INTO `settings` (`setting_id`, `code`, `key`, `value`) VALUES
(8, 'PSC', 'silo', '768.12'),
(7, 'OPC', 'silo', '835.89');

-- --------------------------------------------------------

--
-- Table structure for table `slugs`
--

CREATE TABLE `slugs` (
  `slug_id` int(11) NOT NULL,
  `slug_name` varchar(250) NOT NULL,
  `route` varchar(255) NOT NULL
) ENGINE=MyISAM DEFAULT CHARSET=utf8;

-- --------------------------------------------------------

--
-- Table structure for table `tbl_attendance`
--

CREATE TABLE `tbl_attendance` (
  `id` int(11) NOT NULL,
  `date_np` varchar(256) NOT NULL,
  `date_en` varchar(256) NOT NULL,
  `department_id` int(11) NOT NULL,
  `day_staff` varchar(256) NOT NULL DEFAULT '0',
  `day_contract` varchar(256) NOT NULL DEFAULT '0',
  `night_staff` varchar(256) NOT NULL DEFAULT '0',
  `night_contract` varchar(256) NOT NULL DEFAULT '0'
) ENGINE=InnoDB DEFAULT CHARSET=latin1;

-- --------------------------------------------------------

--
-- Table structure for table `tbl_bank`
--

CREATE TABLE `tbl_bank` (
  `id` int(11) NOT NULL,
  `bank_name` varchar(256) NOT NULL,
  `phone` varchar(256) NOT NULL,
  `email` varchar(256) NOT NULL
) ENGINE=InnoDB DEFAULT CHARSET=latin1;

--
-- Dumping data for table `tbl_bank`
--

INSERT INTO `tbl_bank` (`id`, `bank_name`, `phone`, `email`) VALUES
(23, 'Everest Bank Ltd.', '', ''),
(24, 'Cash', '', ''),
(25, 'Global IME Bank Ltd.', '', ''),
(26, 'Siddhartha Bank Ltd.', '', ''),
(27, 'Himalayan Bank Ltd.', '', ''),
(28, 'NIC Asia Bank Ltd.', '', ''),
(29, 'Nepal Investment Bank Ltd.', '', ''),
(30, 'Nepal SBI Bank', '', ''),
(31, 'Nepal Bank Ltd.', '', ''),
(32, 'Bank of Kathmandu Lumbini', '', '');

-- --------------------------------------------------------

--
-- Table structure for table `tbl_border`
--

CREATE TABLE `tbl_border` (
  `id` int(11) NOT NULL,
  `border` varchar(256) NOT NULL
) ENGINE=InnoDB DEFAULT CHARSET=latin1;

--
-- Dumping data for table `tbl_border`
--

INSERT INTO `tbl_border` (`id`, `border`) VALUES
(1, 'Birjung'),
(2, 'Bhairawa'),
(3, 'Sirsiya');

-- --------------------------------------------------------

--
-- Table structure for table `tbl_brand`
--

CREATE TABLE `tbl_brand` (
  `id` int(11) NOT NULL,
  `brand_name` varchar(255) NOT NULL,
  `type_id` int(11) NOT NULL
) ENGINE=InnoDB DEFAULT CHARSET=latin1;

--
-- Dumping data for table `tbl_brand`
--

INSERT INTO `tbl_brand` (`id`, `brand_name`, `type_id`) VALUES
(1, 'Chrome', 1),
(2, 'Dunlop', 2),
(3, 'Dragon', 1),
(5, 'Robust', 2),
(6, 'ProPlus', 2),
(7, 'Shivalik', 2);

-- --------------------------------------------------------

--
-- Table structure for table `tbl_brand_type`
--

CREATE TABLE `tbl_brand_type` (
  `id` int(11) NOT NULL,
  `name` varchar(256) NOT NULL,
  `order` int(11) NOT NULL
) ENGINE=InnoDB DEFAULT CHARSET=latin1;

--
-- Dumping data for table `tbl_brand_type`
--

INSERT INTO `tbl_brand_type` (`id`, `name`, `order`) VALUES
(1, 'OPC', 0),
(2, 'PSC', 0);

-- --------------------------------------------------------

--
-- Table structure for table `tbl_category`
--

CREATE TABLE `tbl_category` (
  `category_id` int(11) NOT NULL,
  `category_name` varchar(256) NOT NULL,
  `sequence_order` int(11) NOT NULL
) ENGINE=InnoDB DEFAULT CHARSET=latin1;

--
-- Dumping data for table `tbl_category`
--

INSERT INTO `tbl_category` (`category_id`, `category_name`, `sequence_order`) VALUES
(1, 'Raw Material', 0),
(2, 'Packing Material', 0),
(4, 'Fuel', 0);

-- --------------------------------------------------------

--
-- Table structure for table `tbl_category_department`
--

CREATE TABLE `tbl_category_department` (
  `id` int(11) NOT NULL,
  `category_id` int(11) NOT NULL,
  `department_id` int(11) NOT NULL,
  `order` int(11) NOT NULL
) ENGINE=InnoDB DEFAULT CHARSET=latin1;

--
-- Dumping data for table `tbl_category_department`
--

INSERT INTO `tbl_category_department` (`id`, `category_id`, `department_id`, `order`) VALUES
(1, 12, 1, 1),
(2, 10, 1, 2),
(3, 5, 1, 3),
(4, 14, 1, 4),
(5, 8, 1, 5),
(6, 6, 1, 6),
(7, 9, 1, 7),
(8, 2, 1, 8),
(9, 4, 1, 9),
(10, 3, 1, 10),
(11, 12, 2, 1),
(12, 10, 2, 2),
(13, 5, 2, 3),
(14, 14, 2, 4),
(15, 8, 2, 5),
(16, 6, 2, 6),
(17, 9, 2, 7),
(18, 2, 2, 8),
(19, 4, 2, 9),
(20, 3, 2, 10),
(21, 13, 3, 1),
(22, 10, 3, 2),
(23, 14, 3, 3),
(24, 12, 3, 4),
(25, 6, 3, 5),
(26, 9, 3, 6),
(27, 16, 4, 1),
(28, 12, 5, 1),
(29, 10, 5, 2),
(30, 14, 5, 3),
(31, 7, 5, 4),
(32, 30, 5, 5),
(33, 5, 5, 6),
(34, 11, 5, 7),
(35, 9, 5, 8),
(36, 15, 5, 9),
(37, 1, 5, 10),
(38, 13, 5, 11);

-- --------------------------------------------------------

--
-- Table structure for table `tbl_cost_material`
--

CREATE TABLE `tbl_cost_material` (
  `id` int(11) NOT NULL,
  `material_id` int(11) NOT NULL,
  `cost_id` int(11) NOT NULL,
  `quantity` float NOT NULL,
  `duty` float NOT NULL,
  `excise` float NOT NULL,
  `price` float NOT NULL
) ENGINE=InnoDB DEFAULT CHARSET=latin1;

--
-- Dumping data for table `tbl_cost_material`
--

INSERT INTO `tbl_cost_material` (`id`, `material_id`, `cost_id`, `quantity`, `duty`, `excise`, `price`) VALUES
(1, 11, 1, 45000, 60774, 0, 1.49),
(2, 11, 2, 45000, 60774, 0, 1.49),
(5, 11, 3, 45000, 24099, 0, 1.49),
(6, 59, 4, 2475, 30977, 0, 1.1),
(7, 58, 4, 3800, 67233, 0, 1.555),
(8, 60, 4, 8055, 85693, 0, 0.935001),
(11, 47, 5, 20000, 84950, 0, 41.5),
(15, 48, 6, 20000, 235044, 0, 1.05),
(16, 55, 7, 52500, 490262, 0, 0.82),
(17, 55, 8, 52500, 495278, 0, 0.825),
(31, 67, 10, 14792.4, 437371, 167659, 1.80005),
(32, 68, 10, 5062.5, 149685, 57379, 1.8),
(38, 11, 13, 195000, 22541, 0, 3.6),
(39, 67, 14, 20304.8, 604382, 231680, 1.8),
(40, 55, 15, 52500, 491484, 0, 0.825),
(45, 54, 17, 51000, 251446, 0, 0.408),
(47, 11, 16, 6500, 22541, 0, 3.6),
(50, 67, 19, 16038, 47466, 183796, 1.02235),
(51, 68, 19, 7008, 209509, 80312, 1.02278),
(53, 59, 11, 2475, 30977, 0, 1.1),
(54, 58, 11, 3800, 67233, 0, 1.555),
(55, 60, 11, 8055, 85693, 0, 0.935001),
(60, 48, 20, 20000, 100, 0, 0.96),
(62, 48, 22, 20000, 123, 123, 0.96),
(63, 55, 23, 51000, 234, 234, 0.8),
(64, 11, 12, 6500, 22541, 0, 3.6),
(65, 28, 9, 1000, 48262, 0, 206),
(66, 26, 9, 1000, 71455, 0, 305),
(67, 38, 9, 400, 32018, 0, 1025),
(68, 30, 9, 200, 7263, 0, 465),
(69, 31, 9, 800, 25927, 0, 415),
(70, 24, 9, 300, 11129, 0, 475),
(71, 22, 9, 1000, 43732, 0, 560),
(72, 48, 24, 40000, 12, 12, 0.965);

-- --------------------------------------------------------

--
-- Table structure for table `tbl_cost_sheet`
--

CREATE TABLE `tbl_cost_sheet` (
  `id` int(11) NOT NULL,
  `lc_id` varchar(256) NOT NULL,
  `pp_no` varchar(256) NOT NULL,
  `currency_exchange_rate` float NOT NULL,
  `duty_exchange_rate` float NOT NULL,
  `transport_charge` float NOT NULL,
  `insurance` float NOT NULL,
  `custom_fee` float NOT NULL,
  `agency_fee` float NOT NULL,
  `dry_port_fee` float NOT NULL,
  `addition_fee` float NOT NULL,
  `bank_charge` float NOT NULL,
  `csf` float NOT NULL,
  `freight` float NOT NULL,
  `fee_fine` float NOT NULL,
  `local_transport` float NOT NULL,
  `date_en` date NOT NULL,
  `date_np` varchar(256) NOT NULL DEFAULT '0000-00-00'
) ENGINE=InnoDB DEFAULT CHARSET=latin1;

--
-- Dumping data for table `tbl_cost_sheet`
--

INSERT INTO `tbl_cost_sheet` (`id`, `lc_id`, `pp_no`, `currency_exchange_rate`, `duty_exchange_rate`, `transport_charge`, `insurance`, `custom_fee`, `agency_fee`, `dry_port_fee`, `addition_fee`, `bank_charge`, `csf`, `freight`, `fee_fine`, `local_transport`, `date_en`, `date_np`) VALUES
(5, '5', '75982', 1.6, 0, 95843.8, 2915, 0, 500, 0, 8876, 5660, 565, 0, 0, 0, '0000-00-00', ''),
(6, '6', '52', 108.05, 0, 20000, 0, 132158, 500, 6180, 7225, 6112, 565, 0, 0, 0, '0000-00-00', ''),
(7, '7', '62', 108.75, 0, 51000, 10098, 469840, 500, 19365, 12754, 8419, 565, 0, 0, 0, '0000-00-00', ''),
(8, '8', '228', 108.3, 0, 51000, 10200, 361368, 500, 19530, 12829, 10165, 565, 0, 0, 0, '0000-00-00', ''),
(9, '9', '78629', 1.6, 0, 79040, 7165, 0, 500, 0, 24594, 7031, 565, 0, 0, 0, '2016-10-17', '2073-07-01'),
(10, '10', '2676', 107.7, 0, 20000, 0, 0, 500, 6180, 9569, 7814, 565, 0, 0, 0, '0000-00-00', ''),
(11, '11', '102612', 107.2, 0, 14450, 3814, 186794, 500, 0, 10058, 5501, 565, 0, 0, 0, '0000-00-00', ''),
(12, '13', '104219', 1.6, 0, 0, 823, 0, 0, 0, 5728, 2601, 565, 0, 0, 68250, '2016-11-16', '2073-08-01'),
(14, '14', '527', 107.35, 0, 20000, 9260, 136611, 500, 6180, 9743, 6535.15, 565, 0, 0, 0, '0000-00-00', ''),
(15, '15', '1192', 107.65, 0, 51000, 0, 348568, 500, 19035, 12772, 7147.43, 565, 0, 0, 0, '0000-00-00', ''),
(16, '13', '112014', 1.6, 0, 0, 823, 0, 0, 0, 68250, 2601, 565, 0, 0, 68250, '0000-00-00', ''),
(17, '17', '2075', 107.15, 0, 51000, 7274, 328541, 500, 18540, 10700, 7791.52, 565, 0, 0, 0, '0000-00-00', ''),
(18, '19', '78253', 1.6, 0, 17850, 3359, 0, 500, 0, 12485, 5012.22, 565, 0, 0, 0, '0000-00-00', ''),
(19, '20', '1306', 107.53, 0, 20000, 12503, 141000, 496, 6180, 10590, 7436.35, 565, 0, 0, 0, '0000-00-00', ''),
(22, '25', '123', 123, 0, 123, 123, 123, 123, 123, 123, 123, 123, 0, 123, 123, '2016-11-18', '2073-08-03'),
(23, '21', '234', 234, 0, 234, 234, 234, 234, 234, 234, 234, 234, 0, 234, 234, '2016-11-18', '2073-08-03'),
(24, '28', '1232', 1233, 0, 12, 12, 12, 12, 12, 12, 12, 12, 0, 12, 12, '2016-09-17', '2073-06-01');

-- --------------------------------------------------------

--
-- Table structure for table `tbl_daily_production_sales`
--

CREATE TABLE `tbl_daily_production_sales` (
  `id` int(11) NOT NULL,
  `date_np` varchar(255) DEFAULT NULL,
  `date_en` date NOT NULL,
  `type_id` int(11) DEFAULT NULL,
  `brand_id` int(11) DEFAULT NULL,
  `production` int(11) DEFAULT NULL,
  `sales` int(11) DEFAULT NULL
) ENGINE=InnoDB DEFAULT CHARSET=latin1;

--
-- Dumping data for table `tbl_daily_production_sales`
--

INSERT INTO `tbl_daily_production_sales` (`id`, `date_np`, `date_en`, `type_id`, `brand_id`, `production`, `sales`) VALUES
(1, '2074-04-01', '2017-07-16', 2, 2, 4608, 4600),
(2, '2074-04-01', '2017-07-16', 2, 7, 765, 730),
(3, '2074-04-01', '2017-07-16', 2, 6, 320, 320),
(4, '2074-04-01', '2017-07-16', 1, 1, 1787, 1790),
(5, '2074-04-01', '2017-07-16', 1, 3, 340, 340),
(6, '2074-03-31', '2017-07-15', 1, 1, 62, 0),
(7, '2074-03-31', '2017-07-15', 2, 2, 49, 0),
(8, '2074-04-02', '2017-07-17', 1, 1, 1110, 1140),
(9, '2074-04-02', '2017-07-17', 2, 2, 2951, 2965),
(10, '2074-04-02', '2017-07-17', 2, 6, 840, 840),
(11, '2074-04-02', '2017-07-17', 2, 7, 420, 420),
(14, '2074-04-03', '2017-07-18', 1, 1, 2101, 2100),
(15, '2074-04-03', '2017-07-18', 1, 3, 820, 820),
(16, '2074-04-03', '2017-07-18', 2, 2, 3514, 3500),
(17, '2074-04-03', '2017-07-18', 2, 7, 640, 640),
(18, '2074-04-03', '2017-07-18', 2, 6, 540, 540),
(19, '2074-04-03', '2017-07-18', 2, 5, 421, 420),
(20, '2074-04-04', '2017-07-19', 1, 1, 1563, 1560),
(21, '2074-04-04', '2017-07-19', 1, 3, 1381, 1380),
(22, '2074-04-04', '2017-07-19', 2, 2, 3655, 3650),
(23, '2074-04-04', '2017-07-19', 2, 7, 1332, 1370),
(24, '2074-04-04', '2017-07-19', 2, 6, 571, 570),
(25, '2074-04-05', '2017-07-20', 1, 1, 1593, 1545),
(26, '2074-04-05', '2017-07-20', 1, 3, 390, 390),
(27, '2074-04-05', '2017-07-20', 2, 2, 2136, 2150),
(28, '2074-04-05', '2017-07-20', 2, 7, 1110, 1110),
(29, '2074-04-05', '2017-07-20', 2, 6, 1040, 1040),
(30, '2074-04-06', '2017-07-21', 1, 1, 2302, 2314),
(31, '2074-04-06', '2017-07-21', 1, 3, 1330, 1330),
(32, '2074-04-06', '2017-07-21', 2, 2, 3911, 3910),
(33, '2074-04-06', '2017-07-21', 2, 6, 890, 890),
(34, '2074-04-06', '2017-07-21', 2, 7, 1260, 1260),
(35, '2074-04-07', '2017-07-22', 1, 1, 610, 610),
(36, '2074-04-07', '2017-07-22', 1, 3, 960, 960),
(37, '2074-04-07', '2017-07-22', 2, 2, 2320, 2320),
(38, '2074-04-07', '2017-07-22', 2, 7, 420, 420),
(39, '2074-04-07', '2017-07-22', 2, 6, 330, 330),
(40, '2074-04-08', '2017-07-23', 1, 1, 1118, 1155),
(41, '2074-04-08', '2017-07-23', 1, 3, 100, 100),
(42, '2074-04-08', '2017-07-23', 2, 2, 1770, 1765),
(43, '2074-04-08', '2017-07-23', 2, 7, 200, 200),
(44, '2074-04-09', '2017-07-24', 1, 1, 1240, 1240),
(45, '2074-04-09', '2017-07-24', 1, 3, 420, 420),
(46, '2074-04-09', '2017-07-24', 2, 2, 3536, 3540),
(47, '2074-04-09', '2017-07-24', 2, 7, 620, 610),
(48, '2074-04-09', '2017-07-24', 2, 6, 178, 180),
(49, '2074-04-10', '2017-07-25', 1, 1, 741, 740),
(50, '2074-04-10', '2017-07-25', 1, 3, 1260, 1260),
(51, '2074-04-10', '2017-07-25', 2, 2, 3134, 3135),
(52, '2074-04-10', '2017-07-25', 2, 7, 1186, 1180),
(53, '2074-04-10', '2017-07-25', 2, 6, 228, 220),
(54, '2074-04-11', '2017-07-26', 1, 1, 3715, 3715),
(55, '2074-04-11', '2017-07-26', 2, 2, 2309, 2310),
(56, '2074-04-11', '2017-07-26', 2, 7, 603, 620),
(57, '2074-04-11', '2017-07-26', 2, 6, 412, 420),
(58, '2074-04-12', '2017-07-27', 1, 1, 1820, 1820),
(59, '2074-04-12', '2017-07-27', 1, 3, 1430, 1430),
(60, '2074-04-12', '2017-07-27', 2, 2, 3190, 3190),
(61, '2074-04-12', '2017-07-27', 2, 7, 1140, 1140),
(62, '2074-04-12', '2017-07-27', 2, 6, 380, 380),
(63, '2074-04-12', '2017-07-27', 2, 5, 419, 420),
(64, '2074-04-13', '2017-07-28', 1, 1, 1660, 1660),
(65, '2074-04-13', '2017-07-28', 1, 3, 300, 300),
(66, '2074-04-13', '2017-07-28', 2, 2, 3521, 3520),
(67, '2074-04-13', '2017-07-28', 2, 7, 120, 120),
(68, '2074-04-13', '2017-07-28', 2, 5, 420, 420),
(69, '2074-04-14', '2017-07-29', 1, 1, 490, 490),
(70, '2074-04-14', '2017-07-29', 1, 3, 100, 100),
(71, '2074-04-14', '2017-07-29', 2, 2, 1767, 1767),
(72, '2074-04-14', '2017-07-29', 2, 7, 481, 481),
(73, '2074-04-14', '2017-07-29', 2, 6, 1, 1),
(74, '2074-04-14', '2017-07-29', 2, 5, 1, 1),
(75, '2074-04-15', '2017-07-30', 1, 1, 1410, 1410),
(76, '2074-04-15', '2017-07-30', 1, 3, 330, 330),
(77, '2074-04-15', '2017-07-30', 2, 2, 2320, 2320),
(78, '2074-04-16', '2017-07-31', 1, 1, 1750, 1750),
(79, '2074-04-16', '2017-07-31', 1, 3, 310, 310),
(80, '2074-04-16', '2017-07-31', 2, 2, 3830, 3830),
(81, '2074-04-16', '2017-07-31', 2, 6, 1450, 1450),
(82, '2074-04-17', '2017-08-01', 1, 1, 1591, 1590),
(83, '2074-04-17', '2017-08-01', 1, 3, 645, 645),
(84, '2074-04-17', '2017-08-01', 2, 2, 2761, 2760),
(85, '2074-04-17', '2017-08-01', 2, 7, 421, 420),
(86, '2074-04-17', '2017-08-01', 2, 6, 225, 225),
(87, '2074-04-17', '2017-08-01', 2, 5, 420, 420),
(88, '2074-04-18', '2017-08-02', 1, 1, 1350, 1350),
(89, '2074-04-18', '2017-08-02', 1, 3, 420, 420),
(90, '2074-04-18', '2017-08-02', 2, 2, 3339, 3340),
(91, '2074-04-19', '2017-08-03', 1, 1, 760, 760),
(92, '2074-04-19', '2017-08-03', 1, 3, 330, 330),
(93, '2074-04-19', '2017-08-03', 2, 2, 1050, 1050),
(94, '2074-04-19', '2017-08-03', 2, 7, 100, 100),
(95, '2074-04-19', '2017-08-03', 2, 6, 400, 400),
(96, '2074-04-20', '2017-08-04', 1, 1, 534, 530),
(97, '2074-04-20', '2017-08-04', 1, 3, 423, 420),
(98, '2074-04-20', '2017-08-04', 2, 2, 551, 551),
(99, '2074-04-20', '2017-08-04', 2, 6, 420, 420),
(100, '2074-04-21', '2017-08-05', 1, 1, 1371, 1370),
(101, '2074-04-21', '2017-08-05', 2, 2, 1820, 1820),
(102, '2074-04-21', '2017-08-05', 2, 7, 360, 360),
(103, '2074-04-21', '2017-08-05', 2, 6, 330, 330),
(104, '2074-04-22', '2017-08-06', 1, 1, 1569, 1575),
(105, '2074-04-22', '2017-08-06', 1, 3, 150, 150),
(106, '2074-04-22', '2017-08-06', 2, 2, 2915, 2915),
(107, '2074-04-22', '2017-08-06', 2, 7, 840, 840),
(108, '2074-04-23', '2017-08-07', 1, 1, 1090, 1090),
(109, '2074-04-23', '2017-08-07', 2, 2, 721, 720),
(110, '2074-04-23', '2017-08-07', 2, 6, 960, 960),
(111, '2074-04-23', '2017-08-07', 2, 5, 420, 420),
(112, '2074-04-24', '2017-08-08', 1, 1, 740, 660),
(113, '2074-04-24', '2017-08-08', 2, 2, 1090, 1090),
(114, '2074-04-24', '2017-08-08', 2, 7, 570, 570),
(115, '2074-04-24', '2017-08-08', 2, 6, 330, 330),
(116, '2074-04-25', '2017-08-09', 1, 1, 1070, 1150),
(117, '2074-04-25', '2017-08-09', 2, 2, 1300, 1300),
(118, '2074-04-25', '2017-08-09', 2, 7, 560, 560),
(119, '2074-04-26', '2017-08-10', 1, 1, 1300, 1300),
(120, '2074-04-26', '2017-08-10', 2, 2, 869, 870),
(121, '2074-04-26', '2017-08-10', 2, 7, 150, 150),
(122, '2074-04-26', '2017-08-10', 2, 6, 201, 200),
(123, '2074-04-26', '2017-08-10', 2, 5, 420, 420),
(124, '2074-04-27', '2017-08-11', 1, 1, 310, 310),
(125, '2074-04-27', '2017-08-11', 2, 2, 560, 530),
(126, '2074-04-27', '2017-08-11', 2, 6, 420, 420),
(127, '2074-04-28', '2017-08-12', 1, 1, 420, 420),
(128, '2074-04-28', '2017-08-12', 2, 2, 558, 570),
(129, '2074-04-31', '2017-08-15', 1, 1, 1250, 1250),
(130, '2074-04-31', '2017-08-15', 1, 3, 200, 200),
(131, '2074-04-31', '2017-08-15', 2, 2, 2240, 2240),
(132, '2074-04-31', '2017-08-15', 2, 7, 200, 200),
(133, '2074-04-31', '2017-08-15', 2, 6, 220, 220),
(134, '2074-04-32', '2017-08-16', 1, 1, 800, 800),
(135, '2074-04-32', '2017-08-16', 2, 2, 3720, 3720),
(136, '2074-04-32', '2017-08-16', 2, 7, 620, 620),
(137, '2074-04-32', '2017-08-16', 2, 6, 840, 840),
(138, '2074-05-01', '2017-08-17', 1, 1, 1060, 1060),
(139, '2074-05-01', '2017-08-17', 1, 3, 420, 420),
(140, '2074-05-01', '2017-08-17', 2, 2, 2820, 2820),
(141, '2074-05-01', '2017-08-17', 2, 6, 320, 320),
(142, '2074-05-02', '2017-08-18', 1, 1, 170, 170),
(143, '2074-05-02', '2017-08-18', 1, 3, 420, 420),
(144, '2074-05-02', '2017-08-18', 2, 2, 1830, 1830),
(145, '2074-05-02', '2017-08-18', 2, 7, 330, 330),
(146, '2074-05-02', '2017-08-18', 2, 6, 590, 590),
(147, '2074-05-03', '2017-08-19', 1, 1, 1260, 1260),
(148, '2074-05-03', '2017-08-19', 2, 2, 840, 840),
(149, '2074-05-04', '2017-08-20', 1, 1, 1140, 1140),
(150, '2074-05-04', '2017-08-20', 1, 3, 450, 450),
(151, '2074-05-04', '2017-08-20', 2, 2, 2400, 2400),
(152, '2074-05-04', '2017-08-20', 2, 7, 570, 570),
(153, '2074-05-04', '2017-08-20', 2, 6, 210, 210),
(154, '2074-05-04', '2017-08-20', 2, 5, 211, 210),
(155, '2074-05-05', '2017-08-21', 1, 1, 350, 350),
(156, '2074-05-05', '2017-08-21', 2, 2, 700, 700),
(157, '2074-05-05', '2017-08-21', 2, 7, 420, 420),
(158, '2074-05-06', '2017-08-22', 1, 1, 1161, 610),
(159, '2074-05-06', '2017-08-22', 1, 3, 276, 250),
(160, '2074-05-06', '2017-08-22', 2, 2, 1362, 1350),
(161, '2074-05-06', '2017-08-22', 2, 6, 620, 620),
(162, '2074-05-07', '2017-08-23', 1, 1, 667, 630),
(163, '2074-05-07', '2017-08-23', 1, 3, 536, 420),
(164, '2074-05-07', '2017-08-23', 2, 2, 4630, 2610),
(165, '2074-05-07', '2017-08-23', 2, 6, 330, 330),
(166, '2074-05-08', '2017-08-24', 1, 1, 1730, 1480),
(167, '2074-05-08', '2017-08-24', 1, 3, 380, 0),
(168, '2074-05-08', '2017-08-24', 2, 2, 2300, 2300),
(169, '2074-05-08', '2017-08-24', 2, 7, 450, 200),
(170, '2074-05-08', '2017-08-24', 2, 6, 500, 0),
(171, '2074-05-09', '2017-08-25', 1, 1, 0, 20),
(172, '2074-05-09', '2017-08-25', 1, 3, 0, 150),
(173, '2074-05-09', '2017-08-25', 2, 2, 0, 185),
(174, '2074-05-09', '2017-08-25', 2, 7, 0, 270),
(175, '2074-05-10', '2017-08-26', 1, 1, 0, 200),
(176, '2074-05-10', '2017-08-26', 2, 2, 0, 570),
(177, '2074-05-11', '2017-08-27', 1, 1, 1610, 1810),
(178, '2074-05-11', '2017-08-27', 1, 3, 220, 220),
(179, '2074-05-11', '2017-08-27', 2, 2, 3546, 3630),
(180, '2074-05-12', '2017-08-28', 1, 1, 1120, 1120),
(181, '2074-05-12', '2017-08-28', 1, 3, 0, 230),
(182, '2074-05-12', '2017-08-28', 2, 2, 2450, 2940),
(183, '2074-05-12', '2017-08-28', 2, 6, 0, 100),
(184, '2074-05-13', '2017-08-29', 1, 1, 1160, 1160),
(185, '2074-05-13', '2017-08-29', 1, 3, 420, 420),
(186, '2074-05-13', '2017-08-29', 2, 2, 2334, 3020),
(187, '2074-05-13', '2017-08-29', 2, 7, 840, 840),
(188, '2074-05-13', '2017-08-29', 2, 6, 420, 420),
(189, '2074-05-14', '2017-08-30', 1, 1, 220, 580),
(190, '2074-05-14', '2017-08-30', 2, 2, 1676, 1676),
(191, '2074-05-14', '2017-08-30', 2, 7, 570, 570),
(192, '2074-05-15', '2017-08-31', 1, 1, 1940, 1940),
(193, '2074-05-15', '2017-08-31', 1, 3, 420, 420),
(194, '2074-05-15', '2017-08-31', 2, 2, 3490, 3490),
(195, '2074-05-15', '2017-08-31', 2, 6, 230, 620),
(196, '2074-05-15', '2017-08-31', 2, 7, 540, 540),
(197, '2074-05-16', '2017-09-01', 1, 1, 570, 570),
(198, '2074-05-16', '2017-09-01', 1, 3, 165, 300),
(199, '2074-05-16', '2017-09-01', 2, 2, 2525, 2530),
(200, '2074-05-16', '2017-09-01', 2, 6, 120, 120),
(201, '2074-05-17', '2017-09-02', 2, 2, 1891, 1890),
(202, '2074-05-17', '2017-09-02', 2, 7, 750, 750),
(203, '2074-05-18', '2017-09-03', 1, 1, 1344, 1380),
(204, '2074-05-18', '2017-09-03', 2, 2, 2329, 2330),
(205, '2074-05-18', '2017-09-03', 2, 7, 421, 420),
(206, '2074-05-19', '2017-09-04', 1, 1, 970, 970),
(207, '2074-05-19', '2017-09-04', 2, 2, 2371, 2370),
(208, '2074-05-19', '2017-09-04', 2, 6, 520, 520),
(209, '2074-05-20', '2017-09-05', 1, 1, 1370, 1370),
(210, '2074-05-20', '2017-09-05', 2, 2, 1480, 1480),
(211, '2074-05-21', '2017-09-06', 1, 1, 1000, 1000),
(212, '2074-05-21', '2017-09-06', 2, 2, 2440, 2440),
(213, '2074-05-21', '2017-09-06', 2, 7, 418, 420),
(214, '2074-05-21', '2017-09-06', 2, 6, 419, 420),
(215, '2074-05-22', '2017-09-07', 2, 2, 2705, 2705),
(216, '2074-05-22', '2017-09-07', 2, 6, 560, 560),
(217, '2074-05-22', '2017-09-07', 1, 1, 730, 720),
(218, '2074-05-22', '2017-09-07', 1, 3, 701, 700),
(219, '2074-05-23', '2017-09-08', 1, 1, 1015, 1015),
(220, '2074-05-23', '2017-09-08', 1, 3, 419, 420),
(221, '2074-05-23', '2017-09-08', 2, 2, 1260, 1260),
(222, '2074-05-23', '2017-09-08', 2, 7, 150, 150),
(223, '2074-05-24', '2017-09-09', 1, 1, 782, 780),
(224, '2074-05-24', '2017-09-09', 2, 2, 1810, 1810),
(225, '2074-05-24', '2017-09-09', 2, 7, 421, 420),
(226, '2074-05-25', '2017-09-10', 1, 1, 1719, 1730),
(227, '2074-05-25', '2017-09-10', 1, 3, 420, 420),
(228, '2074-05-25', '2017-09-10', 2, 2, 2580, 2580),
(229, '2074-05-26', '2017-09-11', 1, 1, 267, 265),
(230, '2074-05-26', '2017-09-11', 2, 2, 2264, 2250),
(231, '2074-05-26', '2017-09-11', 2, 6, 485, 485),
(232, '2074-05-27', '2017-09-12', 1, 1, 1365, 1360),
(233, '2074-05-27', '2017-09-12', 1, 1, 344, 340),
(234, '2074-05-27', '2017-09-12', 2, 2, 1553, 1530),
(235, '2074-05-27', '2017-09-12', 2, 2, 1265, 1260),
(236, '2074-05-27', '2017-09-12', 2, 6, 955, 950),
(237, '2074-05-27', '2017-09-12', 2, 5, 5, 0),
(238, '2074-05-28', '2017-09-13', 1, 1, 210, 210),
(239, '2074-05-28', '2017-09-13', 1, 3, 96, 100),
(240, '2074-05-28', '2017-09-13', 2, 2, 1908, 1910),
(241, '2074-05-28', '2017-09-13', 2, 7, 420, 420),
(242, '2074-05-29', '2017-09-14', 1, 1, 2553, 2550),
(243, '2074-05-29', '2017-09-14', 1, 3, 420, 420),
(244, '2074-05-29', '2017-09-14', 2, 2, 2846, 2830),
(245, '2074-05-29', '2017-09-14', 2, 7, 453, 450),
(246, '2074-05-29', '2017-09-14', 2, 6, 420, 420);

-- --------------------------------------------------------

--
-- Table structure for table `tbl_dealers`
--

CREATE TABLE `tbl_dealers` (
  `dealer_id` int(11) NOT NULL,
  `dealer_name` varchar(256) NOT NULL,
  `contact` varchar(256) NOT NULL,
  `mobile` varchar(256) NOT NULL,
  `created_date_np` date NOT NULL,
  `created_date_en` date NOT NULL,
  `email` varchar(256) NOT NULL,
  `dealer_address` varchar(256) NOT NULL,
  `status` tinyint(4) NOT NULL
) ENGINE=InnoDB DEFAULT CHARSET=latin1;

--
-- Dumping data for table `tbl_dealers`
--

INSERT INTO `tbl_dealers` (`dealer_id`, `dealer_name`, `contact`, `mobile`, `created_date_np`, `created_date_en`, `email`, `dealer_address`, `status`) VALUES
(4, 'Reliance Cement Pvt. Ltd.', 'Rishi ', '980263052', '2074-03-08', '0000-00-00', '', 'Bhairahawa', 1),
(5, 'Unitech Cement Pvt. Ltd', 'Girdhari Ji', '9', '2074-03-08', '0000-00-00', '', 'Simara', 1),
(6, 'Satya Sai Traders', 'Sanjay Rauniyar', '9855020836', '2074-03-08', '0000-00-00', 'sstsanjayrauniyar@yahoo.com', 'Birgunj', 1),
(7, 'Maruti Cement', 'Jyoti Joshi', '9852027276', '2074-03-08', '0000-00-00', 'jyotijoshi@maruticements.com', 'Biratnagar', 1),
(8, 'Shree Cement Ltd.', 'Pradeep Bharti', '9', '2074-03-08', '0000-00-00', 'clinker_sources@yahoo.co.in', 'Hans Bhawan, B.S Zafar Marg, New Delhi', 1),
(9, 'Bhilai Jaypee Cement', 'Bhilai Jaypee Cement', '+91-11-26145389', '2074-03-08', '0000-00-00', 'clk.mkt@jalindia.co.in', 'Bhilai Township, Bhiilai, Durg. Chhattisgarh', 1),
(10, 'ACC Ltd', 'Pradeep Bharti', '+917626272301', '2074-03-08', '0000-00-00', 'clinker_sources@yahoo.co.in', 'Kymore Cement works, Dist. Katni, MP (India)', 1),
(11, 'Emami Cement Ltd.', 'Pradeep Bharti', '+917626272301', '2074-03-08', '0000-00-00', 'clinker_sources@yahoo.co.in', 'Vill. Risda, Baloda Bazar, Chhatisgarh', 1),
(12, 'J. K. Lakshmi Cement Ltd.', 'Jatinder Aggarwal', '+91-02971244409, ', '2074-03-08', '0000-00-00', 'jkaggarwalclinker@rediffmail.com', 'Jaykay Puram, Sirohi', 1),
(13, 'Reliance Cement Co.  Pvt. Ltd.', 'Pradeep Bharti', '+91-2230383333', '2074-03-08', '0000-00-00', 'clinker_sources@yahoo.co.in', 'Dhirubhai Ambani City, Thane, Belapur Road, Navi Mumbai', 1),
(14, 'Nepal Shalimar Cement Pvt. Ltd.', 'Buddha Sumsher Syangbo', '0977-51-522088, 053-520716', '2074-03-08', '0000-00-00', 'pco@baidgroup.com.np', 'Birgunj', 1),
(15, 'Tata Steel Limited', 'Vikash Sharma', '9855032617', '2074-03-08', '0000-00-00', 'vikash16417@gmail.com', 'Jajpur, Orrisa, India', 1),
(16, 'Jindal Steel & Power', 'Kamal Agrawal', '9845020666', '2074-03-08', '0000-00-00', 'kamalag2008@gmail.com', 'Jindal Nagar, Odisha', 1),
(17, 'Narsingh Ispat Ltd.', 'Kamal Agrawal', '9845020666', '2074-03-08', '0000-00-00', 'kamalag2008@gmail.com', '26, Ramlal Mukherjee Lane, Salkia, Howrah (W.B)', 1),
(18, 'Platinum Marketing ', 'Rajnishji', '9852672440', '2074-03-08', '0000-00-00', '', 'Jhapa, Birtamod', 1),
(19, 'Kanishka International', 'Rajnishji', '9852672440', '2074-03-08', '0000-00-00', '', 'Jhapa, Birtamod', 1),
(20, 'Adarsha Polyplastic Pvt. Ltd.', 'Santosh Keshari', '051-525556/528602', '2074-03-08', '0000-00-00', '', 'Main Road, Birgunj(Nepal)', 1),
(21, 'Shiv Shakti Chemoplast Pvt. Ltd.', 'Ayub Khan', '9804205923', '2074-03-08', '0000-00-00', '', 'Chorni, Parsa', 1),
(22, 'Nekon KB Plasto Engineering Industries Pvt. Ltd.', 'Manoj ji', '98550036868', '2074-03-08', '0000-00-00', '', 'Chorni, Parsa', 1),
(23, 'Nekon KB Plasto Engineering Industries Pvt. Ltd.', 'Manoj ji', '98550036868', '2074-03-08', '0000-00-00', '', 'Chorni, Parsa', 1),
(24, 'Shri Gadhimai Bhusa Suppliers', 'Amiri Das', '9814265111', '2074-03-08', '0000-00-00', '', 'Jeetpur, Bara', 1),
(25, 'Godawari Oil & Lubricants Pvt. Ltd', 'Rambabu ji/Rupeshji', '051-580205/9815212431', '2074-03-08', '0000-00-00', '', 'Simara, Bara', 1),
(26, 'Supertech - opening stock', '9', '9', '2074-04-01', '0000-00-00', '', 'Jitpur', 1),
(27, 'Narsingh Ispat Limited', 'Narsingh Ispat Limited', '0', '2017-08-02', '2017-08-02', '', '', 0),
(28, 'Tata Steel Limited', '9', '9', '2017-08-08', '2017-08-11', '', '', 0);

-- --------------------------------------------------------

--
-- Table structure for table `tbl_departments`
--

CREATE TABLE `tbl_departments` (
  `id` int(11) NOT NULL,
  `name` varchar(256) NOT NULL
) ENGINE=InnoDB DEFAULT CHARSET=latin1;

--
-- Dumping data for table `tbl_departments`
--

INSERT INTO `tbl_departments` (`id`, `name`) VALUES
(6, 'Admin'),
(7, 'Store'),
(33, 'Lab'),
(35, 'Genset 320'),
(36, 'Genset 25'),
(37, 'JCB.432ZX'),
(38, 'JCB.4DX'),
(39, 'Boiler'),
(40, 'Cement Mill'),
(41, 'Packaging'),
(42, 'Electrical'),
(43, 'Mechanical'),
(44, 'STAR CEMENT UDHYOG-JEETPUR'),
(45, 'ARNIKO CEMENT INDUSTRIES PVT.LTD.-JEETPUR'),
(46, 'MARUTI CEMENTS LIMITED-SIRAHA'),
(47, 'KARNA INTERNATIONAL PVT.LTD.-KATHMANDU'),
(48, 'ADVANCE MARKETING PVT.LTD.-JEETPUR'),
(49, 'SLAG DRYER');

-- --------------------------------------------------------

--
-- Table structure for table `tbl_department_materialproperties`
--

CREATE TABLE `tbl_department_materialproperties` (
  `dmp_id` int(11) NOT NULL,
  `department_id` int(11) NOT NULL,
  `material_property` varchar(256) NOT NULL,
  `order` int(11) NOT NULL
) ENGINE=InnoDB DEFAULT CHARSET=latin1;

--
-- Dumping data for table `tbl_department_materialproperties`
--

INSERT INTO `tbl_department_materialproperties` (`dmp_id`, `department_id`, `material_property`, `order`) VALUES
(1, 1, 'Dimension', 3),
(2, 1, 'Brand', 1),
(3, 1, 'Quality', 2),
(4, 1, 'Emboss', 5),
(5, 1, 'Color', 4),
(6, 2, 'Dimension', 1),
(7, 2, 'Brand', 2),
(8, 2, 'Quality', 3),
(9, 2, 'Emboss', 4),
(10, 2, 'Color', 5),
(14, 4, 'Brand', 1),
(15, 4, 'Design', 2),
(16, 5, 'Brand', 1),
(22, 5, 'Coating', 2);

-- --------------------------------------------------------

--
-- Table structure for table `tbl_department_reports`
--

CREATE TABLE `tbl_department_reports` (
  `id` int(11) NOT NULL,
  `department_id` int(11) NOT NULL,
  `report_id` int(11) NOT NULL
) ENGINE=InnoDB DEFAULT CHARSET=latin1 COMMENT='department for reports';

--
-- Dumping data for table `tbl_department_reports`
--

INSERT INTO `tbl_department_reports` (`id`, `department_id`, `report_id`) VALUES
(156, 11, 2),
(157, 16, 2),
(158, 17, 2),
(159, 18, 2),
(160, 19, 2),
(419, 1, 1),
(420, 2, 1),
(421, 3, 1),
(422, 4, 1),
(423, 5, 1),
(424, 7, 1),
(425, 8, 1),
(426, 9, 1),
(427, 10, 1),
(428, 11, 1),
(429, 12, 1),
(430, 13, 1),
(431, 14, 1),
(432, 20, 1),
(433, 22, 1),
(434, 23, 1),
(435, 24, 1),
(436, 25, 1),
(437, 26, 1),
(438, 27, 1),
(439, 28, 1),
(440, 29, 1);

-- --------------------------------------------------------

--
-- Table structure for table `tbl_dept_request`
--

CREATE TABLE `tbl_dept_request` (
  `request_id` int(11) NOT NULL,
  `material_id` int(11) NOT NULL,
  `department_id` int(11) NOT NULL,
  `request_quantity` double NOT NULL,
  `request_np_date` varchar(10) NOT NULL,
  `request_en_date` varchar(10) NOT NULL,
  `store_status` int(11) NOT NULL DEFAULT '0' COMMENT '0=pending, 1=approve, 2=disapprove',
  `store_confirm_np_date` varchar(10) NOT NULL,
  `store_confirm_en_date` varchar(10) NOT NULL,
  `department_status` int(11) NOT NULL DEFAULT '0' COMMENT '0=pending, 1=approve, 2=disapprove',
  `dept_confirm_np_date` varchar(10) NOT NULL,
  `dept_confirm_en_date` date NOT NULL,
  `accepted_quantity` double NOT NULL,
  `current_stock` double NOT NULL,
  `resend_status` tinyint(4) NOT NULL,
  `direct_dispatch` tinyint(4) NOT NULL
) ENGINE=InnoDB DEFAULT CHARSET=latin1;

--
-- Dumping data for table `tbl_dept_request`
--

INSERT INTO `tbl_dept_request` (`request_id`, `material_id`, `department_id`, `request_quantity`, `request_np_date`, `request_en_date`, `store_status`, `store_confirm_np_date`, `store_confirm_en_date`, `department_status`, `dept_confirm_np_date`, `dept_confirm_en_date`, `accepted_quantity`, `current_stock`, `resend_status`, `direct_dispatch`) VALUES
(1, 27, 41, 0, '', '', 1, '2074-04-01', '2017-07-16', 1, '2074-04-01', '2017-07-16', 2000, 36850, 0, 1),
(2, 26, 41, 0, '', '', 1, '2074-04-01', '2017-07-16', 1, '2074-04-01', '2017-07-16', 4000, 78353, 0, 1),
(3, 28, 41, 0, '', '', 1, '2074-04-01', '2017-07-16', 1, '2074-04-01', '2017-07-16', 1000, 29697, 0, 1),
(5, 26, 41, 0, '', '', 1, '2074-04-02', '2017-07-17', 1, '2074-04-02', '2017-07-17', 3000, 74353, 0, 1),
(6, 30, 41, 0, '', '', 1, '2074-04-02', '2017-07-17', 1, '2074-04-02', '2017-07-17', 1000, 11022, 0, 1),
(7, 26, 41, 0, '', '', 1, '2074-04-03', '2017-07-18', 1, '2074-04-03', '2017-07-18', 3000, 71353, 0, 1),
(8, 27, 41, 0, '', '', 1, '2074-04-03', '2017-07-18', 1, '2074-04-03', '2017-07-18', 2000, 34850, 0, 1),
(9, 30, 41, 0, '', '', 1, '2074-04-03', '2017-07-18', 1, '2074-04-03', '2017-07-18', 1000, 10022, 0, 1),
(10, 29, 41, 0, '', '', 1, '2074-04-03', '2017-07-18', 1, '2074-04-03', '2017-07-18', 1000, 11040, 0, 1),
(11, 31, 41, 0, '', '', 1, '2074-04-03', '2017-07-18', 1, '2074-04-03', '2017-07-18', 1000, 29434, 0, 1),
(12, 29, 41, 0, '', '', 1, '2074-04-01', '2017-07-16', 1, '2074-04-01', '2017-07-16', 1000, 10040, 0, 1),
(13, 26, 41, 0, '', '', 1, '2074-04-04', '2017-07-19', 1, '2074-04-04', '2017-07-19', 2000, 68353, 0, 1),
(14, 27, 41, 0, '', '', 1, '2074-04-04', '2017-07-19', 1, '2074-04-04', '2017-07-19', 2000, 61850, 0, 1),
(15, 30, 41, 0, '', '', 1, '2074-04-04', '2017-07-19', 1, '2074-04-04', '2017-07-19', 1000, 9022, 0, 1),
(16, 29, 41, 0, '', '', 1, '2074-04-04', '2017-07-19', 1, '2074-04-04', '2017-07-19', 1000, 9040, 0, 1),
(17, 32, 35, 0, '', '', 1, '2074-04-04', '2017-07-19', 1, '2074-04-04', '2017-07-19', 220, 1115, 0, 1),
(18, 32, 37, 0, '', '', 1, '2074-04-04', '2017-07-19', 1, '2074-04-04', '2017-07-19', 190, 1115, 0, 1),
(19, 32, 38, 0, '', '', 1, '2074-04-04', '2017-07-19', 1, '2074-04-04', '2017-07-19', 30, 1115, 0, 1),
(20, 27, 41, 0, '', '', 1, '2074-04-05', '2017-07-20', 1, '2074-04-05', '2017-07-20', 2000, 85850, 0, 1),
(21, 26, 41, 0, '', '', 1, '2074-04-05', '2017-07-20', 1, '2074-04-05', '2017-07-20', 2000, 66353, 0, 1),
(22, 28, 41, 0, '', '', 1, '2074-04-05', '2017-07-20', 1, '2074-04-05', '2017-07-20', 1000, 28697, 0, 1),
(23, 29, 41, 0, '', '', 1, '2074-04-05', '2017-07-20', 1, '2074-04-05', '2017-07-20', 1000, 32040, 0, 1),
(26, 26, 41, 0, '', '', 1, '2074-04-06', '2017-07-21', 1, '2074-04-06', '2017-07-21', 1000, 64353, 0, 1),
(27, 27, 41, 0, '', '', 1, '2074-04-06', '2017-07-21', 1, '2074-04-06', '2017-07-21', 1000, 83850, 0, 1),
(28, 30, 41, 0, '', '', 1, '2074-04-06', '2017-07-21', 1, '2074-04-06', '2017-07-21', 1000, 32022, 0, 1),
(30, 32, 37, 0, '', '', 1, '2074-04-06', '2017-07-21', 1, '2074-04-06', '2017-07-21', 170, 675, 0, 1),
(31, 29, 41, 0, '', '', 1, '2074-04-06', '2017-07-21', 1, '2074-04-06', '2017-07-21', 1000, 31040, 0, 1),
(32, 20, 45, 0, '', '', 1, '2074-04-05', '2017-07-20', 1, '2074-04-05', '2017-07-20', 59.41, 2519.39, 0, 1),
(33, 20, 45, 0, '', '', 1, '2074-04-06', '2017-07-21', 1, '2074-04-06', '2017-07-21', 81.11, 2459.98, 0, 1),
(34, 20, 45, 0, '', '', 1, '2074-04-07', '2017-07-22', 1, '2074-04-07', '2017-07-22', 173.35, 2378.87, 0, 1),
(35, 32, 37, 0, '', '', 1, '2074-04-07', '2017-07-22', 1, '2074-04-07', '2017-07-22', 150, 505, 0, 1),
(37, 27, 41, 0, '', '', 1, '2074-04-07', '2017-07-22', 1, '2074-04-07', '2017-07-22', 1000, 112850, 0, 1),
(38, 26, 41, 0, '', '', 1, '2074-04-07', '2017-07-22', 1, '2074-04-07', '2017-07-22', 2000, 87353, 0, 1),
(39, 28, 41, 0, '', '', 1, '2074-04-07', '2017-07-22', 1, '2074-04-07', '2017-07-22', 1000, 27697, 0, 1),
(40, 29, 41, 0, '', '', 1, '2074-04-07', '2017-07-22', 1, '2074-04-07', '2017-07-22', 1000, 30040, 0, 1),
(41, 30, 41, 0, '', '', 1, '2074-04-07', '2017-07-22', 1, '2074-04-07', '2017-07-22', 1000, 31022, 0, 1),
(42, 32, 40, 0, '', '', 1, '2074-04-07', '2017-07-22', 1, '2074-04-07', '2017-07-22', 10, 355, 0, 1),
(43, 26, 41, 0, '', '', 1, '2074-04-08', '2017-07-23', 1, '2074-04-08', '2017-07-23', 2000, 85353, 0, 1),
(44, 27, 41, 0, '', '', 1, '2074-04-08', '2017-07-23', 1, '2074-04-08', '2017-07-23', 1000, 111850, 0, 1),
(45, 32, 37, 0, '', '', 1, '2074-04-09', '2017-07-24', 1, '2074-04-09', '2017-07-24', 165, 345, 0, 1),
(46, 32, 38, 0, '', '', 1, '2074-04-09', '2017-07-24', 1, '2074-04-09', '2017-07-24', 70, 345, 0, 1),
(47, 26, 41, 0, '', '', 1, '2074-04-09', '2017-07-24', 1, '2074-04-09', '2017-07-24', 2000, 83353, 0, 1),
(48, 27, 41, 0, '', '', 1, '2074-04-09', '2017-07-24', 1, '2074-04-09', '2017-07-24', 1000, 110850, 0, 1),
(49, 29, 41, 0, '', '', 1, '2074-04-09', '2017-07-24', 1, '2074-04-09', '2017-07-24', 1000, 29040, 0, 1),
(50, 26, 41, 0, '', '', 1, '2074-04-10', '2017-07-25', 1, '2074-04-10', '2017-07-25', 3000, 81353, 0, 1),
(51, 27, 41, 0, '', '', 1, '2074-04-10', '2017-07-25', 1, '2074-04-10', '2017-07-25', 1000, 109850, 0, 1),
(52, 29, 41, 0, '', '', 1, '2074-04-10', '2017-07-25', 1, '2074-04-10', '2017-07-25', 1000, 28040, 0, 1),
(53, 30, 41, 0, '', '', 1, '2074-04-10', '2017-07-25', 1, '2074-04-10', '2017-07-25', 1000, 30022, 0, 1),
(54, 26, 41, 0, '', '', 1, '2074-04-11', '2017-07-26', 1, '2074-04-11', '2017-07-26', 3000, 78353, 0, 1),
(55, 29, 41, 0, '', '', 1, '2074-04-11', '2017-07-26', 1, '2074-04-11', '2017-07-26', 1000, 27040, 0, 1),
(56, 27, 41, 0, '', '', 1, '2074-04-11', '2017-07-26', 1, '2074-04-11', '2017-07-26', 3000, 108850, 0, 1),
(57, 20, 45, 0, '', '', 1, '2074-04-11', '2017-07-26', 1, '2074-04-11', '2017-07-26', 20.76, 2698.04, 0, 1),
(59, 29, 41, 0, '', '', 1, '2074-04-12', '2017-07-27', 1, '2074-04-12', '2017-07-27', 1000, 26040, 0, 1),
(60, 28, 41, 0, '', '', 1, '2074-04-12', '2017-07-27', 1, '2074-04-12', '2017-07-27', 1000, 26697, 0, 1),
(61, 30, 41, 0, '', '', 1, '2074-04-12', '2017-07-27', 1, '2074-04-12', '2017-07-27', 1000, 29022, 0, 1),
(62, 31, 41, 0, '', '', 1, '2074-04-12', '2017-07-27', 1, '2074-04-12', '2017-07-27', 1000, 29434, 0, 1),
(64, 20, 45, 0, '', '', 1, '2074-04-12', '2017-07-27', 1, '2074-04-12', '2017-07-27', 151.91, 2747.83, 0, 1),
(65, 26, 41, 0, '', '', 1, '2074-04-12', '2017-07-27', 1, '2074-04-12', '2017-07-27', 3000, 75353, 0, 1),
(66, 27, 41, 0, '', '', 1, '2074-04-12', '2017-07-27', 1, '2074-04-12', '2017-07-27', 2000, 105850, 0, 1),
(67, 27, 41, 0, '', '', 1, '2074-04-13', '2017-07-28', 1, '2074-04-13', '2017-07-28', 2000, 103850, 0, 1),
(69, 32, 37, 0, '', '', 1, '2074-04-13', '2017-07-28', 1, '2074-04-13', '2017-07-28', 180, 1210, 0, 1),
(70, 26, 41, 0, '', '', 1, '2074-04-13', '2017-07-28', 1, '2074-04-13', '2017-07-28', 4000, 72353, 0, 1),
(71, 27, 41, 0, '', '', 1, '2074-04-14', '2017-07-29', 1, '2074-04-14', '2017-07-29', 1000, 101850, 0, 1),
(72, 26, 41, 0, '', '', 1, '2074-04-14', '2017-07-29', 1, '2074-04-14', '2017-07-29', 2000, 68353, 0, 1),
(73, 18, 47, 0, '', '', 1, '2074-04-14', '2017-07-29', 1, '2074-04-14', '2017-07-29', 303.3, 6533.26, 0, 1),
(74, 27, 41, 0, '', '', 1, '2074-04-15', '2017-07-30', 1, '2074-04-15', '2017-07-30', 1000, 100850, 0, 1),
(75, 26, 41, 0, '', '', 1, '2074-04-15', '2017-07-30', 1, '2074-04-15', '2017-07-30', 2000, 66353, 0, 1),
(76, 32, 36, 0, '', '', 1, '2074-04-16', '2017-07-31', 1, '2074-04-16', '2017-07-31', 20, 1030, 0, 1),
(77, 26, 41, 0, '', '', 1, '2074-04-16', '2017-07-31', 1, '2074-04-16', '2017-07-31', 4000, 64353, 0, 1),
(78, 27, 41, 0, '', '', 1, '2074-04-16', '2017-07-31', 1, '2074-04-16', '2017-07-31', 2000, 99850, 0, 1),
(79, 28, 41, 0, '', '', 1, '2074-04-16', '2017-07-31', 1, '2074-04-16', '2017-07-31', 1000, 25697, 0, 1),
(80, 30, 41, 0, '', '', 1, '2074-04-16', '2017-07-31', 1, '2074-04-16', '2017-07-31', 1000, 28022, 0, 1),
(81, 33, 39, 0, '', '', 1, '2074-04-16', '2017-07-31', 1, '2074-04-16', '2017-07-31', 25740, 100081.16, 0, 1),
(82, 32, 37, 0, '', '', 1, '2074-04-17', '2017-08-01', 1, '2074-04-17', '2017-08-01', 180, 1010, 0, 1),
(83, 26, 41, 0, '', '', 1, '2074-04-17', '2017-08-01', 1, '2074-04-17', '2017-08-01', 1000, 60353, 0, 1),
(84, 27, 41, 0, '', '', 1, '2074-04-17', '2017-08-01', 1, '2074-04-17', '2017-08-01', 1000, 97850, 0, 1),
(85, 29, 41, 0, '', '', 1, '2074-04-17', '2017-08-01', 1, '2074-04-17', '2017-08-01', 1000, 25040, 0, 1),
(86, 30, 41, 0, '', '', 1, '2074-04-17', '2017-08-01', 1, '2074-04-17', '2017-08-01', 1000, 27022, 0, 1),
(87, 20, 48, 0, '', '', 1, '2074-04-18', '2017-08-02', 1, '2074-04-18', '2017-08-02', 104.72, 7126.84, 0, 1),
(88, 26, 41, 0, '', '', 1, '2074-04-18', '2017-08-02', 1, '2074-04-18', '2017-08-02', 2000, 59353, 0, 1),
(89, 27, 41, 0, '', '', 1, '2074-04-18', '2017-08-02', 1, '2074-04-18', '2017-08-02', 2000, 96850, 0, 1),
(90, 32, 35, 0, '', '', 1, '2074-04-18', '2017-08-02', 1, '2074-04-18', '2017-08-02', 220, 830, 0, 1),
(91, 33, 39, 0, '', '', 1, '2074-04-18', '2017-08-02', 1, '2074-04-18', '2017-08-02', 3655, 74341.16, 0, 1),
(92, 20, 48, 0, '', '', 1, '2074-04-19', '2017-08-03', 1, '2074-04-19', '2017-08-03', 161.92, 7136.13, 0, 1),
(93, 33, 39, 0, '', '', 1, '2074-04-20', '2017-08-04', 1, '2074-04-20', '2017-08-04', 4055, 79036.16, 0, 1),
(94, 26, 41, 0, '', '', 1, '2074-04-20', '2017-08-04', 1, '2074-04-20', '2017-08-04', 2000, 57353, 0, 1),
(95, 27, 41, 0, '', '', 1, '2074-04-20', '2017-08-04', 1, '2074-04-20', '2017-08-04', 2000, 94850, 0, 1),
(96, 28, 41, 0, '', '', 1, '2074-04-20', '2017-08-04', 1, '2074-04-20', '2017-08-04', 1000, 24697, 0, 1),
(97, 30, 41, 0, '', '', 1, '2074-04-20', '2017-08-04', 1, '2074-04-20', '2017-08-04', 1000, 26022, 0, 1),
(98, 32, 37, 0, '', '', 1, '2074-04-20', '2017-08-04', 1, '2074-04-20', '2017-08-04', 180, 610, 0, 1),
(99, 33, 39, 0, '', '', 1, '2074-04-21', '2017-08-05', 1, '2074-04-21', '2017-08-05', 4110, 74981.16, 0, 1),
(100, 26, 41, 0, '', '', 1, '2074-04-21', '2017-08-05', 1, '2074-04-21', '2017-08-05', 1000, 55353, 0, 1),
(101, 27, 41, 0, '', '', 1, '2074-04-21', '2017-08-05', 1, '2074-04-21', '2017-08-05', 1000, 92850, 0, 1),
(102, 28, 41, 0, '', '', 1, '2074-04-21', '2017-08-05', 1, '2074-04-21', '2017-08-05', 1000, 23697, 0, 1),
(103, 33, 39, 0, '', '', 1, '2074-04-22', '2017-08-06', 1, '2074-04-22', '2017-08-06', 1550, 74981.16, 0, 1),
(104, 32, 37, 0, '', '', 1, '2074-04-22', '2017-08-06', 1, '2074-04-22', '2017-08-06', 65, 430, 0, 1),
(105, 27, 41, 0, '', '', 1, '2074-04-22', '2017-08-06', 1, '2074-04-22', '2017-08-06', 1000, 91850, 0, 1),
(106, 26, 41, 0, '', '', 1, '2074-04-22', '2017-08-06', 1, '2074-04-22', '2017-08-06', 1000, 54353, 0, 1),
(107, 33, 39, 0, '', '', 1, '2074-04-23', '2017-08-07', 1, '2074-04-23', '2017-08-07', 2690, 77481.16, 0, 1),
(108, 32, 37, 0, '', '', 1, '2074-04-23', '2017-08-07', 1, '2074-04-23', '2017-08-07', 170, 365, 0, 1),
(109, 26, 41, 0, '', '', 1, '2074-04-23', '2017-08-07', 1, '2074-04-23', '2017-08-07', 4000, 53353, 0, 1),
(110, 27, 41, 0, '', '', 1, '2074-04-23', '2017-08-07', 1, '2074-04-23', '2017-08-07', 2000, 90850, 0, 1),
(111, 29, 41, 0, '', '', 1, '2074-04-23', '2017-08-07', 1, '2074-04-23', '2017-08-07', 1000, 24040, 0, 1),
(112, 28, 41, 0, '', '', 1, '2074-04-23', '2017-08-07', 1, '2074-04-23', '2017-08-07', 1000, 22697, 0, 1),
(113, 33, 39, 0, '', '', 1, '2074-04-24', '2017-08-08', 1, '2074-04-24', '2017-08-08', 4790, 74791.16, 0, 1),
(114, 26, 41, 0, '', '', 1, '2074-04-24', '2017-08-08', 1, '2074-04-24', '2017-08-08', 1000, 49353, 0, 1),
(115, 27, 41, 0, '', '', 1, '2074-04-24', '2017-08-08', 1, '2074-04-24', '2017-08-08', 1000, 88850, 0, 1),
(116, 32, 37, 0, '', '', 1, '2074-04-25', '2017-08-09', 1, '2074-04-25', '2017-08-09', 170, 195, 0, 1),
(117, 26, 41, 0, '', '', 1, '2074-04-25', '2017-08-09', 1, '2074-04-25', '2017-08-09', 1000, 48353, 0, 1),
(118, 27, 41, 0, '', '', 1, '2074-04-25', '2017-08-09', 1, '2074-04-25', '2017-08-09', 1000, 87850, 0, 1),
(119, 29, 41, 0, '', '', 1, '2074-04-25', '2017-08-09', 1, '2074-04-25', '2017-08-09', 1000, 23040, 0, 1),
(120, 20, 48, 0, '', '', 1, '2074-04-26', '2017-08-10', 1, '2074-04-26', '2017-08-10', 20.17, 7096.22, 0, 1),
(121, 32, 37, 0, '', '', 1, '2074-04-26', '2017-08-10', 1, '2074-04-26', '2017-08-10', 170, 1125, 0, 1),
(122, 26, 41, 0, '', '', 1, '2074-04-26', '2017-08-10', 1, '2074-04-26', '2017-08-10', 1000, 90353, 0, 1),
(123, 27, 41, 0, '', '', 1, '2074-04-26', '2017-08-10', 1, '2074-04-26', '2017-08-10', 1000, 86850, 0, 1),
(124, 31, 41, 0, '', '', 1, '2074-04-26', '2017-08-10', 1, '2074-04-26', '2017-08-10', 1000, 28434, 0, 1),
(125, 32, 35, 0, '', '', 1, '2074-04-27', '2017-08-11', 1, '2074-04-27', '2017-08-11', 170, 955, 0, 1),
(126, 32, 36, 0, '', '', 1, '2074-04-27', '2017-08-11', 1, '2074-04-27', '2017-08-11', 10, 955, 0, 1),
(127, 26, 41, 0, '', '', 1, '2074-04-27', '2017-08-11', 1, '2074-04-27', '2017-08-11', 1000, 89353, 0, 1),
(128, 27, 41, 0, '', '', 1, '2074-04-27', '2017-08-11', 1, '2074-04-27', '2017-08-11', 1000, 85850, 0, 1),
(129, 32, 36, 0, '', '', 1, '2074-04-28', '2017-08-12', 1, '2074-04-28', '2017-08-12', 40, 775, 0, 1),
(130, 18, 48, 0, '', '', 1, '2074-04-28', '2017-08-12', 1, '2074-04-28', '2017-08-12', 300, 16090.8, 0, 1),
(131, 26, 41, 0, '', '', 1, '2074-04-29', '2017-08-13', 1, '2074-04-29', '2017-08-13', 1000, 88353, 0, 1),
(132, 32, 36, 0, '', '', 1, '2074-04-29', '2017-08-13', 1, '2074-04-29', '2017-08-13', 20, 735, 0, 1),
(133, 32, 37, 0, '', '', 1, '2074-04-30', '2017-08-14', 1, '2074-04-30', '2017-08-14', 180, 715, 0, 1),
(134, 26, 41, 0, '', '', 1, '2074-04-32', '2017-08-16', 1, '2074-04-32', '2017-08-16', 2000, 87353, 0, 1),
(135, 27, 41, 0, '', '', 1, '2074-04-32', '2017-08-16', 1, '2074-04-32', '2017-08-16', 1000, 84850, 0, 1),
(136, 29, 41, 0, '', '', 1, '2074-04-32', '2017-08-16', 1, '2074-04-32', '2017-08-16', 1000, 22040, 0, 1),
(137, 28, 41, 0, '', '', 1, '2074-04-32', '2017-08-16', 1, '2074-04-32', '2017-08-16', 1000, 21697, 0, 1),
(138, 20, 48, 0, '', '', 1, '2074-05-01', '2017-08-17', 1, '2074-05-01', '2017-08-17', 129.36, 11, 0, 1),
(139, 20, 48, 0, '', '', 1, '2074-05-01', '2017-08-17', 1, '2074-05-01', '2017-08-17', 89.58, 11172.73, 0, 1),
(140, 18, 49, 0, '', '', 1, '2074-04-01', '2017-08-17', 1, '2074-04-01', '2017-08-17', 3580.292, 15790.8, 0, 1),
(141, 18, 49, 0, '', '', 1, '2074-05-01', '2017-08-17', 1, '2074-05-01', '2017-08-17', 956.823, 12210.508, 0, 1),
(142, 32, 38, 0, '', '', 1, '2074-05-01', '2017-08-17', 1, '2074-05-01', '2017-08-17', 80, 535, 0, 1),
(143, 32, 40, 0, '', '', 1, '2074-05-01', '2017-08-17', 1, '2074-05-01', '2017-08-17', 10, 535, 0, 1),
(144, 26, 41, 0, '', '', 1, '2074-05-01', '2017-08-17', 1, '2074-05-01', '2017-08-17', 2000, 85353, 0, 1),
(145, 27, 41, 0, '', '', 1, '2074-05-01', '2017-08-17', 1, '2074-05-01', '2017-08-17', 1000, 83850, 0, 1),
(146, 28, 41, 0, '', '', 1, '2074-05-01', '2017-08-17', 1, '2074-05-01', '2017-08-17', 1000, 20697, 0, 1),
(147, 33, 39, 0, '', '', 1, '2074-05-01', '2017-08-17', 1, '2074-05-01', '2017-08-17', 5245, 78531.16, 0, 1),
(149, 27, 41, 0, '', '', 1, '2074-05-02', '2017-08-18', 1, '2074-05-02', '2017-08-18', 1000, 82850, 0, 1),
(150, 26, 41, 0, '', '', 1, '2074-05-02', '2017-08-18', 1, '2074-05-02', '2017-08-18', 2000, 83353, 0, 1),
(151, 33, 39, 0, '', '', 1, '2074-04-32', '2017-08-16', 1, '2074-04-32', '2017-08-16', 42025.5, 68266.16, 0, 1),
(152, 33, 39, 0, '', '', 1, '2074-05-02', '2017-08-18', 1, '2074-05-02', '2017-08-18', 8032, 24, 0, 1),
(153, 33, 39, 0, '', '', 1, '2074-05-03', '2017-08-19', 1, '2074-05-03', '2017-08-19', 7448, 23, 0, 1),
(154, 32, 37, 0, '', '', 1, '2074-05-03', '2017-08-19', 1, '2074-05-03', '2017-08-19', 170, 445, 0, 1),
(155, 27, 41, 0, '', '', 1, '2074-05-03', '2017-08-19', 1, '2074-05-03', '2017-08-19', 2000, 81850, 0, 1),
(156, 26, 41, 0, '', '', 1, '2074-05-03', '2017-08-19', 1, '2074-05-03', '2017-08-19', 1000, 81353, 0, 1),
(157, 26, 41, 0, '', '', 1, '2074-05-04', '2017-08-20', 1, '2074-05-04', '2017-08-20', 2000, 80353, 0, 1),
(158, 27, 41, 0, '', '', 1, '2074-05-04', '2017-08-20', 1, '2074-05-04', '2017-08-20', 1000, 79850, 0, 1),
(159, 29, 41, 0, '', '', 1, '2074-05-04', '2017-08-20', 1, '2074-05-04', '2017-08-20', 1000, 21040, 0, 1),
(160, 26, 41, 0, '', '', 1, '2074-05-05', '2017-08-21', 1, '2074-05-05', '2017-08-21', 1000, 78353, 0, 1),
(161, 27, 41, 0, '', '', 1, '2074-05-05', '2017-08-21', 1, '2074-05-05', '2017-08-21', 1000, 78850, 0, 1),
(162, 27, 41, 0, '', '', 1, '2074-05-06', '2017-08-22', 1, '2074-05-06', '2017-08-22', 1000, 77850, 0, 1),
(163, 26, 41, 0, '', '', 1, '2074-05-06', '2017-08-22', 1, '2074-05-06', '2017-08-22', 1000, 77353, 0, 1),
(164, 30, 41, 0, '', '', 1, '2074-05-06', '2017-08-22', 1, '2074-05-06', '2017-08-22', 1000, 50022, 0, 1),
(165, 26, 41, 0, '', '', 1, '2074-05-07', '2017-08-23', 1, '2074-05-07', '2017-08-23', 4000, 76353, 0, 1),
(166, 27, 41, 0, '', '', 1, '2074-05-07', '2017-08-23', 1, '2074-05-07', '2017-08-23', 1000, 76850, 0, 1),
(167, 32, 37, 0, '', '', 1, '2074-05-08', '2017-08-24', 1, '2074-05-08', '2017-08-24', 180, 275, 0, 1),
(168, 26, 41, 0, '', '', 1, '2074-05-08', '2017-08-24', 1, '2074-05-08', '2017-08-24', 3000, 115323, 0, 1),
(169, 27, 41, 0, '', '', 1, '2074-05-08', '2017-08-24', 1, '2074-05-08', '2017-08-24', 2000, 75850, 0, 1),
(170, 29, 41, 0, '', '', 1, '2074-05-08', '2017-08-24', 1, '2074-05-08', '2017-08-24', 1000, 46040, 0, 1),
(171, 28, 41, 0, '', '', 1, '2074-05-08', '2017-08-24', 1, '2074-05-08', '2017-08-24', 1000, 19697, 0, 1),
(172, 33, 39, 0, '', '', 1, '2074-05-12', '2017-08-28', 1, '2074-05-12', '2017-08-28', 4672, 20, 0, 1),
(173, 26, 41, 0, '', '', 1, '2074-05-12', '2017-08-28', 1, '2074-05-12', '2017-08-28', 4000, 120323, 0, 1),
(174, 27, 41, 0, '', '', 1, '2074-05-12', '2017-08-28', 1, '2074-05-12', '2017-08-28', 2000, 73850, 0, 1),
(175, 30, 41, 0, '', '', 1, '2074-05-12', '2017-08-28', 1, '2074-05-12', '2017-08-28', 1000, 49022, 0, 1),
(176, 26, 41, 0, '', '', 1, '2074-05-12', '2017-08-28', 1, '2074-05-12', '2017-08-28', 1000, 120323, 0, 1),
(177, 32, 35, 0, '', '', 1, '2074-05-13', '2017-08-29', 1, '2074-05-13', '2017-08-29', 220, 1195, 0, 1),
(178, 26, 41, 0, '', '', 1, '2074-05-13', '2017-08-29', 1, '2074-05-13', '2017-08-29', 4000, 115323, 0, 1),
(179, 27, 41, 0, '', '', 1, '2074-05-13', '2017-08-29', 1, '2074-05-13', '2017-08-29', 1000, 71850, 0, 1),
(180, 29, 41, 0, '', '', 1, '2074-05-13', '2017-08-29', 1, '2074-05-13', '2017-08-29', 1000, 45040, 0, 1),
(181, 33, 39, 0, '', '', 1, '2074-05-14', '2017-08-30', 1, '2074-05-14', '2017-08-30', 7152, 22, 0, 1),
(182, 26, 41, 0, '', '', 1, '2074-05-14', '2017-08-30', 1, '2074-05-14', '2017-08-30', 1000, 111323, 0, 1),
(183, 29, 41, 0, '', '', 1, '2074-05-14', '2017-08-30', 1, '2074-05-14', '2017-08-30', 1000, 44040, 0, 1),
(184, 32, 37, 0, '', '', 1, '2074-05-14', '2017-08-30', 1, '2074-05-14', '2017-08-30', 160, 975, 0, 1),
(185, 26, 41, 0, '', '', 1, '2074-05-15', '2017-08-31', 1, '2074-05-15', '2017-08-31', 3000, 110323, 0, 1),
(186, 27, 41, 0, '', '', 1, '2074-05-15', '2017-08-31', 1, '2074-05-15', '2017-08-31', 2000, 70850, 0, 1),
(187, 28, 41, 0, '', '', 1, '2074-05-15', '2017-08-31', 1, '2074-05-15', '2017-08-31', 1000, 18697, 0, 1),
(188, 30, 41, 0, '', '', 1, '2074-05-15', '2017-08-31', 1, '2074-05-15', '2017-08-31', 1000, 48022, 0, 1),
(189, 32, 36, 0, '', '', 1, '2074-05-16', '2017-09-01', 1, '2074-05-16', '2017-09-01', 20, 815, 0, 1),
(190, 32, 35, 0, '', '', 1, '2074-05-16', '2017-09-01', 1, '2074-05-16', '2017-09-01', 200, 815, 0, 1),
(191, 27, 41, 0, '', '', 1, '2074-05-16', '2017-09-01', 1, '2074-05-16', '2017-09-01', 1000, 126850, 0, 1),
(192, 26, 41, 0, '', '', 1, '2074-05-16', '2017-09-01', 1, '2074-05-16', '2017-09-01', 2000, 115323, 0, 1),
(193, 32, 38, 0, '', '', 1, '2074-05-17', '2017-09-02', 1, '2074-05-17', '2017-09-02', 80, 595, 0, 1),
(194, 26, 41, 0, '', '', 1, '2074-05-17', '2017-09-02', 1, '2074-05-17', '2017-09-02', 2000, 113323, 0, 1),
(195, 29, 41, 0, '', '', 1, '2074-05-17', '2017-09-02', 1, '2074-05-17', '2017-09-02', 1000, 47040, 0, 1),
(196, 33, 39, 0, '', '', 1, '2074-05-18', '2017-09-03', 1, '2074-05-18', '2017-09-03', 4152, 19, 0, 1),
(197, 26, 41, 0, '', '', 1, '2074-05-18', '2017-09-03', 1, '2074-05-18', '2017-09-03', 2000, 111323, 0, 1),
(198, 33, 39, 0, '', '', 1, '2074-05-19', '2017-09-04', 1, '2074-05-19', '2017-09-04', 7890, 23, 0, 1),
(199, 26, 41, 0, '', '', 1, '2074-05-19', '2017-09-04', 1, '2074-05-19', '2017-09-04', 2000, 109323, 0, 1),
(200, 27, 41, 0, '', '', 1, '2074-05-19', '2017-09-04', 1, '2074-05-19', '2017-09-04', 1000, 125850, 0, 1),
(201, 26, 41, 0, '', '', 1, '2074-05-20', '2017-09-05', 1, '2074-05-20', '2017-09-05', 3000, 107323, 0, 1),
(202, 27, 41, 0, '', '', 1, '2074-05-20', '2017-09-05', 1, '2074-05-20', '2017-09-05', 3000, 124850, 0, 1),
(203, 32, 37, 0, '', '', 1, '2074-05-20', '2017-09-05', 1, '2074-05-20', '2017-09-05', 180, 515, 0, 1),
(204, 33, 39, 0, '', '', 1, '2074-05-20', '2017-09-05', 1, '2074-05-20', '2017-09-05', 8992, 25, 0, 1),
(205, 26, 41, 0, '', '', 1, '2074-05-21', '2017-09-06', 1, '2074-05-21', '2017-09-06', 2000, 104323, 0, 1),
(206, 27, 41, 0, '', '', 1, '2074-05-21', '2017-09-06', 1, '2074-05-21', '2017-09-06', 1000, 121850, 0, 1),
(207, 26, 41, 0, '', '', 1, '2074-05-22', '2017-09-07', 1, '2074-05-22', '2017-09-07', 1000, 102323, 0, 1),
(208, 29, 41, 0, '', '', 1, '2074-05-22', '2017-09-07', 1, '2074-05-22', '2017-09-07', 1000, 46040, 0, 1),
(209, 18, 49, 0, '', '', 1, '2074-05-22', '2017-09-07', 1, '2074-05-22', '2017-09-07', 10, 7771.665, 0, 1),
(210, 26, 41, 0, '', '', 1, '2074-05-24', '2017-09-09', 1, '2074-05-24', '2017-09-09', 3000, 101323, 0, 1),
(211, 27, 41, 0, '', '', 1, '2074-05-24', '2017-09-09', 1, '2074-05-24', '2017-09-09', 3000, 120850, 0, 1),
(212, 29, 41, 0, '', '', 1, '2074-05-24', '2017-09-09', 1, '2074-05-24', '2017-09-09', 1000, 45040, 0, 1),
(213, 32, 37, 0, '', '', 1, '2074-05-25', '2017-09-10', 1, '2074-05-25', '2017-09-10', 180, 335, 0, 1),
(214, 26, 41, 0, '', '', 1, '2074-05-25', '2017-09-10', 1, '2074-05-25', '2017-09-10', 2000, 98323, 0, 1),
(215, 27, 41, 0, '', '', 1, '2074-05-25', '2017-09-10', 1, '2074-05-25', '2017-09-10', 2000, 117850, 0, 1),
(216, 33, 39, 0, '', '', 1, '2074-05-25', '2017-09-10', 1, '2074-05-25', '2017-09-10', 9880, 14463.16, 0, 1),
(217, 26, 41, 0, '', '', 1, '2074-05-26', '2017-09-11', 1, '2074-05-26', '2017-09-11', 2000, 96323, 0, 1),
(218, 28, 41, 0, '', '', 1, '2074-05-26', '2017-09-11', 1, '2074-05-26', '2017-09-11', 1000, 17697, 0, 1),
(219, 26, 41, 0, '', '', 1, '2074-05-27', '2017-09-12', 1, '2074-05-27', '2017-09-12', 3000, 94323, 0, 1),
(220, 27, 41, 0, '', '', 1, '2074-05-27', '2017-09-12', 1, '2074-05-27', '2017-09-12', 2000, 183850, 0, 1),
(221, 30, 41, 0, '', '', 1, '2074-05-27', '2017-09-12', 1, '2074-05-27', '2017-09-12', 1000, 47022, 0, 1),
(222, 29, 41, 0, '', '', 1, '2074-05-27', '2017-09-12', 1, '2074-05-27', '2017-09-12', 2000, 44040, 0, 1),
(223, 28, 41, 0, '', '', 1, '2074-05-27', '2017-09-12', 1, '2074-05-27', '2017-09-12', 1000, 16697, 0, 1),
(224, 32, 36, 0, '', '', 1, '2074-05-27', '2017-09-12', 1, '2074-05-27', '2017-09-12', 30, 1255, 0, 1),
(225, 32, 38, 0, '', '', 1, '2074-05-27', '2017-09-12', 1, '2074-05-27', '2017-09-12', 100, 1225, 0, 1),
(226, 33, 39, 0, '', '', 1, '2074-05-28', '2017-09-13', 1, '2074-05-28', '2017-09-13', 55, 10913.16, 0, 1),
(227, 26, 41, 0, '', '', 1, '2074-05-28', '2017-09-13', 1, '2074-05-28', '2017-09-13', 1000, 91323, 0, 1),
(228, 26, 41, 0, '', '', 1, '2074-05-29', '2017-09-14', 1, '2074-05-29', '2017-09-14', 4000, 90323, 0, 1),
(229, 27, 41, 0, '', '', 1, '2074-05-29', '2017-09-14', 1, '2074-05-29', '2017-09-14', 2000, 181850, 0, 1),
(230, 29, 41, 0, '', '', 1, '2074-05-29', '2017-09-14', 1, '2074-05-29', '2017-09-14', 1000, 42040, 0, 1),
(231, 30, 41, 0, '', '', 1, '2074-05-29', '2017-09-14', 1, '2074-05-29', '2017-09-14', 1000, 46022, 0, 1),
(232, 32, 37, 0, '', '', 1, '2074-05-29', '2017-09-14', 1, '2074-05-29', '2017-09-14', 180, 1125, 0, 1);

-- --------------------------------------------------------

--
-- Table structure for table `tbl_diesel`
--

CREATE TABLE `tbl_diesel` (
  `id` int(11) NOT NULL,
  `date_np` varchar(256) NOT NULL,
  `date_en` varchar(256) NOT NULL,
  `department_id` int(11) NOT NULL,
  `amount` float NOT NULL,
  `unit` varchar(256) NOT NULL,
  `hour` int(11) NOT NULL,
  `min` int(11) NOT NULL
) ENGINE=InnoDB DEFAULT CHARSET=latin1;

-- --------------------------------------------------------

--
-- Table structure for table `tbl_direct_dispatch_material`
--

CREATE TABLE `tbl_direct_dispatch_material` (
  `ddm_id` int(11) NOT NULL,
  `department_id` int(11) NOT NULL,
  `material_id` int(11) NOT NULL
) ENGINE=InnoDB DEFAULT CHARSET=latin1;

--
-- Dumping data for table `tbl_direct_dispatch_material`
--

INSERT INTO `tbl_direct_dispatch_material` (`ddm_id`, `department_id`, `material_id`) VALUES
(4, 41, 26),
(5, 41, 27),
(6, 41, 28),
(7, 41, 29),
(8, 41, 30),
(9, 41, 31),
(10, 35, 32),
(11, 39, 33),
(12, 37, 32),
(13, 38, 32),
(14, 36, 32),
(15, 40, 18),
(16, 40, 19),
(17, 40, 20),
(18, 40, 32),
(19, 44, 20),
(20, 45, 20),
(21, 46, 20),
(22, 47, 18),
(24, 48, 18),
(25, 48, 20),
(26, 49, 18);

-- --------------------------------------------------------

--
-- Table structure for table `tbl_electric_meter`
--

CREATE TABLE `tbl_electric_meter` (
  `id` int(11) NOT NULL,
  `meter` varchar(255) DEFAULT NULL
) ENGINE=InnoDB DEFAULT CHARSET=latin1;

--
-- Dumping data for table `tbl_electric_meter`
--

INSERT INTO `tbl_electric_meter` (`id`, `meter`) VALUES
(1, 'T1'),
(2, 'T2'),
(3, 'T3');

-- --------------------------------------------------------

--
-- Table structure for table `tbl_electric_meter_consumption`
--

CREATE TABLE `tbl_electric_meter_consumption` (
  `id` int(11) NOT NULL,
  `meter_id` int(11) DEFAULT NULL,
  `consumption` float(32,5) DEFAULT NULL,
  `date_np` varchar(255) DEFAULT NULL,
  `date_en` date DEFAULT NULL
) ENGINE=InnoDB DEFAULT CHARSET=latin1;

--
-- Dumping data for table `tbl_electric_meter_consumption`
--

INSERT INTO `tbl_electric_meter_consumption` (`id`, `meter_id`, `consumption`, `date_np`, `date_en`) VALUES
(46, 1, 80756.00000, '2074-03-31', '2017-07-15'),
(47, 2, 891161.00000, '2074-03-31', '2017-07-15'),
(48, 3, 111975.00000, '2074-03-31', '2017-07-15'),
(49, 1, 80824.00000, '2074-04-01', '2017-07-16'),
(50, 2, 893234.00000, '2074-04-01', '2017-07-16'),
(51, 3, 111984.00000, '2074-04-01', '2017-07-16'),
(52, 1, 80883.00000, '2074-04-02', '2017-07-17'),
(53, 2, 896532.00000, '2074-04-02', '2017-07-17'),
(54, 3, 111995.00000, '2074-04-02', '2017-07-17'),
(55, 1, 80955.00000, '2074-04-03', '2017-07-18'),
(56, 2, 900036.00000, '2074-04-03', '2017-07-18'),
(57, 3, 112028.00000, '2074-04-03', '2017-07-18'),
(58, 1, 81431.00000, '2074-04-04', '2017-07-19'),
(59, 2, 904164.00000, '2074-04-04', '2017-07-19'),
(60, 3, 112061.00000, '2074-04-04', '2017-07-19'),
(61, 1, 81889.00000, '2074-04-05', '2017-07-20'),
(62, 2, 905800.00000, '2074-04-05', '2017-07-20'),
(63, 3, 112089.00000, '2074-04-05', '2017-07-20'),
(64, 1, 82396.00000, '2074-04-06', '2017-07-21'),
(65, 2, 910120.00000, '2074-04-06', '2017-07-21'),
(66, 3, 112124.00000, '2074-04-06', '2017-07-21'),
(67, 1, 82883.00000, '2074-04-07', '2017-07-22'),
(68, 2, 914430.00000, '2074-04-07', '2017-07-22'),
(69, 3, 112159.00000, '2074-04-07', '2017-07-22'),
(70, 1, 82922.00000, '2074-04-08', '2017-07-23'),
(71, 2, 918316.00000, '2074-04-08', '2017-07-23'),
(72, 3, 112185.00000, '2074-04-08', '2017-07-23'),
(73, 1, 82977.00000, '2074-04-09', '2017-07-24'),
(74, 2, 918732.00000, '2074-04-09', '2017-07-24'),
(75, 3, 112218.00000, '2074-04-09', '2017-07-24'),
(76, 1, 83038.00000, '2074-04-10', '2017-07-25'),
(77, 2, 918937.00000, '2074-04-10', '2017-07-25'),
(78, 3, 112251.00000, '2074-04-10', '2017-07-25'),
(79, 1, 83485.00000, '2074-04-11', '2017-07-26'),
(80, 2, 922366.00000, '2074-04-11', '2017-07-26'),
(81, 3, 112283.00000, '2074-04-11', '2017-07-26'),
(82, 1, 83933.00000, '2074-04-12', '2017-07-27'),
(83, 2, 925880.00000, '2074-04-12', '2017-07-27'),
(84, 3, 112315.00000, '2074-04-12', '2017-07-27'),
(85, 1, 83947.00000, '2074-04-13', '2017-07-28'),
(86, 2, 929601.00000, '2074-04-13', '2017-07-28'),
(87, 3, 112327.00000, '2074-04-13', '2017-07-28'),
(88, 1, 83949.00000, '2074-04-14', '2017-07-29'),
(89, 2, 932876.00000, '2074-04-14', '2017-07-29'),
(90, 3, 112359.00000, '2074-04-14', '2017-07-29'),
(91, 1, 84023.00000, '2074-04-15', '2017-07-30'),
(92, 2, 933236.00000, '2074-04-15', '2017-07-30'),
(93, 3, 112391.00000, '2074-04-15', '2017-07-30'),
(94, 1, 84029.00000, '2074-04-16', '2017-07-31'),
(95, 2, 933424.00000, '2074-04-16', '2017-07-31'),
(96, 3, 112420.00000, '2074-04-16', '2017-07-31'),
(97, 1, 84834.00000, '2074-04-17', '2017-08-01'),
(98, 2, 936472.00000, '2074-04-17', '2017-08-01'),
(99, 3, 112454.00000, '2074-04-17', '2017-08-01'),
(100, 1, 85377.00000, '2074-04-19', '2017-08-03'),
(101, 2, 942115.00000, '2074-04-19', '2017-08-03'),
(102, 3, 112536.00000, '2074-04-19', '2017-08-03'),
(103, 1, 85820.00000, '2074-04-20', '2017-08-04'),
(104, 2, 945316.00000, '2074-04-20', '2017-08-04'),
(105, 3, 112564.00000, '2074-04-20', '2017-08-04'),
(106, 1, 85825.00000, '2074-04-21', '2017-08-05'),
(107, 2, 948833.00000, '2074-04-21', '2017-08-05'),
(108, 3, 112595.00000, '2074-04-21', '2017-08-05'),
(109, 1, 85962.00000, '2074-04-22', '2017-08-06'),
(110, 2, 950594.00000, '2074-04-22', '2017-08-06'),
(111, 3, 112626.00000, '2074-04-22', '2017-08-06'),
(112, 1, 86418.00000, '2074-04-23', '2017-08-07'),
(113, 2, 953046.00000, '2074-04-23', '2017-08-07'),
(114, 3, 112650.00000, '2074-04-23', '2017-08-07'),
(118, 1, 86659.00000, '2074-04-24', '2017-08-08'),
(119, 2, 957282.00000, '2074-04-24', '2017-08-08'),
(120, 3, 112680.00000, '2074-04-24', '2017-08-08'),
(124, 1, 87103.00000, '2074-04-25', '2017-08-09'),
(125, 2, 960785.00000, '2074-04-25', '2017-08-09'),
(126, 3, 112703.00000, '2074-04-25', '2017-08-09'),
(127, 1, 87119.00000, '2074-04-26', '2017-08-10'),
(128, 2, 960940.00000, '2074-04-26', '2017-08-10'),
(129, 3, 112733.00000, '2074-04-26', '2017-08-10'),
(130, 1, 87155.00000, '2074-04-29', '2017-08-13'),
(131, 2, 961078.00000, '2074-04-29', '2017-08-13'),
(132, 3, 112757.00000, '2074-04-29', '2017-08-13'),
(133, 1, 87182.00000, '2074-04-30', '2017-08-14'),
(134, 2, 961134.00000, '2074-04-30', '2017-08-14'),
(135, 3, 112791.00000, '2074-04-30', '2017-08-14'),
(136, 1, 87200.00000, '2074-04-31', '2017-08-15'),
(137, 2, 961308.00000, '2074-04-31', '2017-08-15'),
(138, 3, 112810.00000, '2074-04-31', '2017-08-15'),
(139, 1, 87230.00000, '2074-04-32', '2017-08-16'),
(140, 2, 961491.00000, '2074-04-32', '2017-08-16'),
(141, 3, 112840.00000, '2074-04-32', '2017-08-16'),
(142, 1, 87641.00000, '2074-05-01', '2017-08-17'),
(143, 2, 965188.00000, '2074-05-01', '2017-08-17'),
(144, 3, 112851.00000, '2074-05-01', '2017-08-17'),
(145, 1, 88064.00000, '2074-05-02', '2017-08-18'),
(146, 2, 968884.00000, '2074-05-02', '2017-08-18'),
(147, 3, 112883.00000, '2074-05-02', '2017-08-18'),
(148, 1, 88464.00000, '2074-05-03', '2017-08-19'),
(149, 2, 972781.00000, '2074-05-03', '2017-08-19'),
(150, 3, 112913.00000, '2074-05-03', '2017-08-19'),
(151, 1, 88492.00000, '2074-05-04', '2017-08-20'),
(152, 2, 976620.00000, '2074-05-04', '2017-08-20'),
(153, 3, 112943.00000, '2074-05-04', '2017-08-20'),
(154, 1, 88501.00000, '2074-05-05', '2017-08-21'),
(155, 2, 976750.00000, '2074-05-05', '2017-08-21'),
(156, 3, 112976.00000, '2074-05-05', '2017-08-21'),
(157, 1, 88568.00000, '2074-05-06', '2017-08-22'),
(158, 2, 976896.00000, '2074-05-06', '2017-08-22'),
(159, 3, 113008.00000, '2074-05-06', '2017-08-22'),
(160, 1, 88654.00000, '2074-05-07', '2017-08-23'),
(161, 2, 977870.00000, '2074-05-07', '2017-08-23'),
(162, 3, 113093.00000, '2074-05-07', '2017-08-23'),
(163, 1, 88870.00000, '2074-05-08', '2017-08-24'),
(164, 2, 981502.00000, '2074-05-08', '2017-08-24'),
(165, 3, 113149.00000, '2074-05-08', '2017-08-24'),
(166, 1, 88884.00000, '2074-05-09', '2017-08-25'),
(167, 2, 981530.00000, '2074-05-09', '2017-08-25'),
(168, 3, 113179.00000, '2074-05-09', '2017-08-25'),
(169, 1, 88900.00000, '2074-05-10', '2017-08-26'),
(170, 2, 981611.00000, '2074-05-10', '2017-08-26'),
(171, 3, 113212.00000, '2074-05-10', '2017-08-26'),
(172, 1, 88958.00000, '2074-05-11', '2017-08-27'),
(173, 2, 981786.00000, '2074-05-11', '2017-08-27'),
(174, 3, 113245.00000, '2074-05-11', '2017-08-27'),
(178, 1, 89287.00000, '2074-05-12', '2017-08-28'),
(179, 2, 982648.00000, '2074-05-12', '2017-08-28'),
(180, 3, 115580.00000, '2074-05-12', '2017-08-28'),
(181, 1, 89723.00000, '2074-05-13', '2017-08-29'),
(182, 2, 986416.00000, '2074-05-13', '2017-08-29'),
(183, 3, 115617.00000, '2074-05-13', '2017-08-29'),
(184, 1, 90120.00000, '2074-05-14', '2017-08-30'),
(185, 2, 990142.00000, '2074-05-14', '2017-08-30'),
(186, 3, 115651.00000, '2074-05-14', '2017-08-30'),
(187, 1, 90126.00000, '2074-05-16', '2017-09-01'),
(188, 2, 990182.00000, '2074-05-16', '2017-09-01'),
(189, 3, 115668.00000, '2074-05-16', '2017-09-01'),
(190, 1, 90532.00000, '2074-05-17', '2017-09-02'),
(191, 2, 993385.00000, '2074-05-17', '2017-09-02'),
(192, 3, 115716.00000, '2074-05-17', '2017-09-02'),
(193, 1, 90568.00000, '2074-05-18', '2017-09-03'),
(194, 2, 995306.00000, '2074-05-18', '2017-09-03'),
(195, 3, 115748.00000, '2074-05-18', '2017-09-03'),
(196, 1, 90959.00000, '2074-05-19', '2017-09-04'),
(197, 2, 999462.00000, '2074-05-19', '2017-09-04'),
(198, 3, 115784.00000, '2074-05-19', '2017-09-04'),
(214, 1, 91408.00000, '2074-05-20', '2017-09-05'),
(215, 2, 1003000.00000, '2074-05-20', '2017-09-05'),
(216, 3, 115820.00000, '2074-05-20', '2017-09-05'),
(220, 1, 91456.00000, '2074-05-21', '2017-09-06'),
(221, 2, 1003000.00000, '2074-05-21', '2017-09-06'),
(222, 3, 115854.00000, '2074-05-21', '2017-09-06'),
(223, 1, 91535.00000, '2074-05-22', '2017-09-07'),
(224, 2, 1004000.00000, '2074-05-22', '2017-09-07'),
(225, 3, 115888.00000, '2074-05-22', '2017-09-07'),
(226, 1, 91589.00000, '2074-05-23', '2017-09-08'),
(227, 2, 1004000.00000, '2074-05-23', '2017-09-08'),
(228, 3, 115923.00000, '2074-05-23', '2017-09-08'),
(229, 1, 91623.00000, '2074-05-24', '2017-09-09'),
(230, 2, 1004000.00000, '2074-05-24', '2017-09-09'),
(231, 3, 115938.00000, '2074-05-24', '2017-09-09'),
(232, 1, 91932.00000, '2074-05-25', '2017-09-10'),
(233, 2, 1008000.00000, '2074-05-25', '2017-09-10'),
(234, 3, 115970.00000, '2074-05-25', '2017-09-10'),
(235, 1, 92390.00000, '2074-05-26', '2017-09-11'),
(236, 2, 1011000.00000, '2074-05-26', '2017-09-11'),
(237, 3, 116005.00000, '2074-05-26', '2017-09-11'),
(238, 1, 92828.00000, '2074-05-27', '2017-09-12'),
(239, 2, 1016000.00000, '2074-05-27', '2017-09-12'),
(240, 3, 116008.00000, '2074-05-27', '2017-09-12'),
(241, 1, 93180.00000, '2074-05-28', '2017-09-13'),
(242, 2, 1019000.00000, '2074-05-28', '2017-09-13'),
(243, 3, 116073.00000, '2074-05-28', '2017-09-13'),
(244, 1, 93218.00000, '2074-05-29', '2017-09-14'),
(245, 2, 1022000.00000, '2074-05-29', '2017-09-14'),
(246, 3, 116107.00000, '2074-05-29', '2017-09-14');

-- --------------------------------------------------------

--
-- Table structure for table `tbl_electric_report`
--

CREATE TABLE `tbl_electric_report` (
  `id` int(11) NOT NULL,
  `date_np` varchar(256) DEFAULT NULL,
  `date_en` date DEFAULT NULL,
  `shift` varchar(255) DEFAULT NULL,
  `power_cut` int(11) DEFAULT NULL,
  `breakdown` int(11) DEFAULT NULL,
  `cement_mill_operation_nea` int(11) DEFAULT NULL,
  `cement_mill_operation_dg` int(11) DEFAULT NULL,
  `total` int(11) DEFAULT NULL
) ENGINE=InnoDB DEFAULT CHARSET=latin1;

-- --------------------------------------------------------

--
-- Table structure for table `tbl_hourly_report`
--

CREATE TABLE `tbl_hourly_report` (
  `id` int(11) NOT NULL,
  `date_np` varchar(255) DEFAULT NULL,
  `date_en` date DEFAULT NULL,
  `time` varchar(255) DEFAULT NULL,
  `residue` float DEFAULT NULL,
  `sp_surface` float DEFAULT NULL,
  `wcmi` float DEFAULT NULL,
  `cao` float DEFAULT NULL,
  `ist` float DEFAULT NULL,
  `fst` float DEFAULT NULL,
  `ir` float DEFAULT NULL,
  `day_1` float DEFAULT NULL,
  `explanation` text
) ENGINE=InnoDB DEFAULT CHARSET=latin1;

--
-- Dumping data for table `tbl_hourly_report`
--

INSERT INTO `tbl_hourly_report` (`id`, `date_np`, `date_en`, `time`, `residue`, `sp_surface`, `wcmi`, `cao`, `ist`, `fst`, `ir`, `day_1`, `explanation`) VALUES
(1, '2074-05-09', '2017-08-25', '00-01', 1.5, 2.5, 1.8, 2.81, 0.81, 0.51, 3.51, 14, 'Plant Not Running');

-- --------------------------------------------------------

--
-- Table structure for table `tbl_inventory`
--

CREATE TABLE `tbl_inventory` (
  `id` int(11) NOT NULL,
  `material_id` int(11) NOT NULL,
  `current_stock` float NOT NULL
) ENGINE=InnoDB DEFAULT CHARSET=latin1;

--
-- Dumping data for table `tbl_inventory`
--

INSERT INTO `tbl_inventory` (`id`, `material_id`, `current_stock`) VALUES
(1, 2, 0),
(2, 3, 0),
(3, 4, 0),
(4, 5, 0),
(5, 6, 0),
(6, 7, 0),
(7, 8, 0),
(8, 9, 0),
(9, 10, 0),
(10, 11, 0),
(11, 12, 0),
(12, 13, 0),
(13, 14, 0),
(14, 15, 0),
(15, 16, 0),
(16, 17, 0),
(17, 18, 7761.67),
(18, 19, 315.779),
(19, 20, 14599),
(20, 21, 0),
(21, 22, 0),
(22, 23, 0),
(23, 24, 0),
(24, 25, 1000),
(25, 26, 86323),
(26, 27, 179850),
(27, 28, 15697),
(28, 29, 41040),
(29, 30, 45022),
(30, 31, 27434),
(31, 32, 945),
(32, 33, 14838.2),
(33, 34, 0),
(34, 34, 0),
(35, 34, 0);

-- --------------------------------------------------------

--
-- Table structure for table `tbl_lab_report`
--

CREATE TABLE `tbl_lab_report` (
  `id` int(11) NOT NULL,
  `date_np` varchar(255) DEFAULT NULL,
  `date_en` date DEFAULT NULL,
  `sample_date_np` varchar(255) DEFAULT NULL,
  `sample_date_en` date DEFAULT NULL,
  `brand_id` int(11) DEFAULT NULL,
  `loss_of_ignition` int(11) DEFAULT NULL,
  `magenisum_oxide` int(11) DEFAULT NULL,
  `insoluble_residue` int(11) DEFAULT NULL,
  `sulphur_trioxide` int(11) DEFAULT NULL,
  `chloride` int(11) DEFAULT NULL,
  `sulphide_sulphur` int(11) DEFAULT NULL,
  `fineness` int(11) DEFAULT NULL,
  `setting_time_initial` int(11) DEFAULT NULL,
  `setting_time_final` int(11) DEFAULT NULL,
  `expansion_lc_method` int(11) DEFAULT NULL,
  `expansion_ac_method` int(11) DEFAULT NULL,
  `strength1` int(11) DEFAULT NULL,
  `strength3` int(11) DEFAULT NULL,
  `strength7` int(11) DEFAULT NULL,
  `strength28` int(11) DEFAULT NULL
) ENGINE=InnoDB DEFAULT CHARSET=latin1;

--
-- Dumping data for table `tbl_lab_report`
--

INSERT INTO `tbl_lab_report` (`id`, `date_np`, `date_en`, `sample_date_np`, `sample_date_en`, `brand_id`, `loss_of_ignition`, `magenisum_oxide`, `insoluble_residue`, `sulphur_trioxide`, `chloride`, `sulphide_sulphur`, `fineness`, `setting_time_initial`, `setting_time_final`, `expansion_lc_method`, `expansion_ac_method`, `strength1`, `strength3`, `strength7`, `strength28`) VALUES
(1, '2074-02-01', '2017-05-15', '2074-03-31', '2017-07-15', 1, 4, 6, 3, 3, 0, 1, 123, 12, 123, 12, 1, 12, NULL, NULL, NULL),
(2, '2074-03-07', '2017-06-21', '2074-04-01', '2017-07-16', 1, 2, 2, 2, 2, 2, 2, 2, 2, 2, 2, 2, 2, 2, NULL, NULL),
(3, '2074-05-09', '2017-08-25', '2074-05-08', '2017-08-24', 2, 3, 5, 1, 2, 0, 0, 324, 120, 230, 1, 0, 14, NULL, NULL, NULL);

-- --------------------------------------------------------

--
-- Table structure for table `tbl_lc`
--

CREATE TABLE `tbl_lc` (
  `id` int(11) NOT NULL,
  `pi_number` varchar(256) NOT NULL,
  `dealer_id` int(11) NOT NULL,
  `currency` varchar(256) NOT NULL,
  `dd_lc_no` varchar(256) NOT NULL,
  `bank_id` int(11) NOT NULL,
  `additional_charge` double NOT NULL,
  `total_lc_value` double NOT NULL,
  `date_en` date NOT NULL,
  `date_np` varchar(256) NOT NULL,
  `tolerance` int(11) NOT NULL,
  `partial` tinyint(4) NOT NULL,
  `closed` tinyint(4) NOT NULL,
  `total_lc_quantity` float NOT NULL,
  `border` int(11) NOT NULL
) ENGINE=InnoDB DEFAULT CHARSET=latin1;

--
-- Dumping data for table `tbl_lc`
--

INSERT INTO `tbl_lc` (`id`, `pi_number`, `dealer_id`, `currency`, `dd_lc_no`, `bank_id`, `additional_charge`, `total_lc_value`, `date_en`, `date_np`, `tolerance`, `partial`, `closed`, `total_lc_quantity`, `border`) VALUES
(5, '123', 14, 'INR', 'SR02-LC-081/16', 4, 0, 830000, '2016-11-09', '2073-07-24', 0, 0, 0, 20000, 1),
(6, 'ELK-160511-6R', 12, 'USD', 'SR02-LC-053/16', 4, 0, 21000, '2016-05-11', '2073-01-29', 0, 0, 0, 20000, 1),
(7, '127920', 9, 'USD', 'SR02-LC-063/16', 4, 0, 43050, '2016-05-20', '2073-02-07', 0, 0, 0, 52500, 1),
(8, '1611021999', 29, 'USD', 'SR02-LC-070/16', 4, 0, 43312.5, '2016-05-27', '2073-02-14', 0, 0, 0, 52500, 1),
(9, 'ypc/001', 30, 'INR', 'SR02-LC-074/16', 4, 0, 2048500, '2016-06-06', '2073-02-24', 0, 0, 1, 4700, 1),
(10, 'ZWY160711PI', 32, 'USD', 'SR02-LC-089/16', 4, 0, 35743.15967, '2016-07-11', '2073-03-27', 0, 0, 1, 19854.9, 1),
(11, 'AM16/07-3464', 4, 'USD', 'SR-LC-086/16', 4, 0, 16166.523055999998, '2016-07-01', '2073-03-17', 0, 0, 0, 14330, 1),
(13, '080816', 19, 'INR', 'SR02-LC-099/16', 4, 0, 702000, '2016-08-08', '2073-04-24', 0, 0, 1, 195000, 2),
(14, 'ZWY160405PI', 32, 'USD', '16DC01USD13891', 5, 0, 36548.64, '2016-04-05', '2072-12-23', 0, 0, 0, 20304.8, 1),
(15, '1611022332', 29, 'USD', '16DC01USD14072', 5, 0, 43312.5, '2016-06-06', '2073-02-24', 0, 0, 0, 52500, 3),
(17, '1604022', 7, 'USD', '16dc01USD13713', 5, 0, 20808, '2016-03-17', '2072-12-04', 0, 0, 0, 51000, 3),
(18, '1604021', 7, 'USD', '16DC01USD138714', 5, 0, 17340, '2016-05-17', '2073-02-04', 0, 0, 0, 42500, 3),
(19, '04', 28, 'INR', 'ISDCFA216INR7571', 3, 0, 810000, '2016-07-01', '2073-03-17', 0, 0, 0, 20000, 1),
(20, '1414/2016', 6, 'USD', 'ISDCFA216USD7496', 3, 0, 23564.02, '2016-06-01', '2073-02-19', 0, 0, 0, 23046, 3),
(21, 'EHI-J859J', 75, 'USD', 'IUDSFA216USD2748 ', 3, 0, 40800, '2016-06-24', '2073-03-10', 0, 0, 0, 51000, 3),
(22, '005', 28, 'INR', 'ISDCFA216INR7699', 3, 110000, 1540000, '2016-08-11', '2073-04-27', 0, 0, 0, 40000, 1),
(23, 'INPLAST072703', 22, 'USD', 'ISDCFA216USD7639', 3, 0, 19300, '2016-07-27', '2073-04-12', 0, 0, 0, 20000, 3),
(24, 'CPW/16-17/R017', 14, 'INR', 'IUDSFA216INR2793 ', 3, 0, 850000, '2016-07-21', '2073-04-06', 0, 0, 0, 20000, 1),
(25, 'ELK-160725-6R', 12, 'USD', 'IUDSFA216USD2803 ', 3, 0, 19200, '2016-07-25', '2073-04-10', 0, 0, 0, 20000, 3),
(26, '1611022793', 29, 'USD', 'HBLIFX01721635', 2, 0, 42000, '2016-06-24', '2073-03-10', 0, 0, 0, 52500, 3),
(27, 'GOPL/077', 74, 'INR', 'HBLIRI01730055', 2, 0, 7837300, '2016-07-25', '2073-04-10', 0, 0, 0, 16100, 1),
(28, 'INPLST070403', 22, 'USD', 'HBLIFX01721673 ', 2, 0, 38600, '2016-07-04', '2073-03-20', 0, 0, 0, 40000, 3),
(29, 'EHI-J905', 75, 'USD', 'HBLIFX01730026 ', 2, 0, 43095, '2016-07-15', '2073-03-31', 0, 0, 0, 51000, 3),
(30, 'test', 57, 'NPR', 'asd', 15, 123, 123, '2016-11-08', '2073-07-23', 0, 0, 0, 0, 1);

-- --------------------------------------------------------

--
-- Table structure for table `tbl_lc_material`
--

CREATE TABLE `tbl_lc_material` (
  `id` int(11) NOT NULL,
  `lc_id` int(11) NOT NULL,
  `material_id` int(11) NOT NULL,
  `quantity` float NOT NULL,
  `price` float NOT NULL,
  `final_qty` float NOT NULL
) ENGINE=InnoDB DEFAULT CHARSET=latin1;

--
-- Dumping data for table `tbl_lc_material`
--

INSERT INTO `tbl_lc_material` (`id`, `lc_id`, `material_id`, `quantity`, `price`, `final_qty`) VALUES
(1, 1, 11, 45000, 1.49, 0),
(3, 2, 11, 45000, 1.49, 0),
(4, 3, 11, 45000, 1.49, 0),
(5, 4, 59, 2475, 1.1, 0),
(6, 4, 58, 3800, 1.555, 0),
(7, 4, 60, 8055, 0.935001, 0),
(11, 7, 55, 52500, 0.82, 0),
(13, 8, 55, 52500, 0.825, 0),
(14, 9, 28, 1000, 206, 0),
(15, 9, 26, 1000, 305, 0),
(16, 9, 38, 400, 1025, 0),
(17, 9, 30, 200, 465, 0),
(18, 9, 31, 800, 415, 0),
(19, 9, 24, 300, 475, 0),
(20, 9, 22, 1000, 560, 0),
(25, 10, 67, 14792.4, 1.80005, 0),
(26, 10, 68, 5062.5, 1.8, 0),
(31, 12, 11, 195000, 3.6, 0),
(33, 13, 11, 195000, 3.6, 0),
(34, 14, 67, 20304.8, 1.8, 0),
(35, 15, 55, 52500, 0.825, 0),
(36, 16, 54, 51000, 0.408, 0),
(37, 17, 54, 51000, 0.408, 0),
(38, 18, 54, 42500, 0.408, 0),
(39, 19, 47, 20000, 40.5, 0),
(40, 20, 67, 16038, 1.02235, 0),
(41, 20, 68, 7008, 1.02278, 0),
(42, 21, 55, 51000, 0.8, 0),
(45, 24, 47, 20000, 42.5, 0),
(46, 25, 48, 20000, 0.96, 0),
(56, 28, 48, 40000, 0.965, 0),
(57, 29, 55, 51000, 0.845, 0),
(59, 5, 47, 20000, 41.5, 0),
(60, 23, 48, 20000, 0.965, 0),
(61, 22, 47, 40000, 35.75, 0),
(62, 27, 62, 3600, 136, 0),
(63, 27, 64, 5000, 1340, 0),
(64, 27, 49, 5000, 87, 0),
(65, 27, 18, 1300, 100, 0),
(66, 27, 17, 700, 71, 0),
(67, 27, 19, 500, 66, 0),
(68, 26, 55, 52500, 0.8, 0),
(70, 11, 59, 2475, 1.1, 0),
(71, 11, 58, 3800, 1.555, 0),
(72, 11, 60, 8055, 0.935001, 0),
(73, 6, 48, 20000, 1.05, 0),
(76, 30, 116, 0, 0, 0);

-- --------------------------------------------------------

--
-- Table structure for table `tbl_lc_track`
--

CREATE TABLE `tbl_lc_track` (
  `id` int(11) NOT NULL,
  `lc_id` int(11) NOT NULL,
  `eta_kolkata` date NOT NULL,
  `reached_kolkata` tinyint(4) NOT NULL,
  `reached_nepal` tinyint(4) NOT NULL,
  `border` varchar(256) NOT NULL,
  `reached_factory` tinyint(4) NOT NULL,
  `date_en` date NOT NULL,
  `date_np` varchar(256) NOT NULL,
  `current_status` text NOT NULL,
  `partial` tinyint(4) NOT NULL
) ENGINE=InnoDB DEFAULT CHARSET=latin1;

--
-- Dumping data for table `tbl_lc_track`
--

INSERT INTO `tbl_lc_track` (`id`, `lc_id`, `eta_kolkata`, `reached_kolkata`, `reached_nepal`, `border`, `reached_factory`, `date_en`, `date_np`, `current_status`, `partial`) VALUES
(12, 13, '2016-11-01', 1, 1, '', 1, '2016-11-07', '2073-07-22', '', 0),
(13, 13, '2016-11-18', 1, 0, '', 0, '0000-00-00', '', '', 0),
(14, 13, '2016-10-18', 1, 0, '', 0, '0000-00-00', '', '', 0),
(15, 13, '2016-11-04', 0, 0, '', 0, '0000-00-00', '', '', 0),
(16, 10, '2016-11-01', 1, 1, '', 1, '2016-11-14', '2073-07-29', 'reached factory', 0),
(17, 6, '2016-11-14', 1, 1, '', 0, '0000-00-00', '', '', 0),
(18, 27, '2016-11-14', 1, 1, '', 0, '0000-00-00', '', 'this is test', 0),
(21, 9, '0000-00-00', 1, 1, '', 1, '2016-11-22', '2073-08-07', '', 0),
(27, 30, '0000-00-00', 0, 0, '', 0, '0000-00-00', '', '', 0),
(28, 5, '0000-00-00', 0, 1, '', 1, '2016-11-23', '2073-08-08', '', 0);

-- --------------------------------------------------------

--
-- Table structure for table `tbl_materials`
--

CREATE TABLE `tbl_materials` (
  `material_id` int(11) NOT NULL,
  `material_name` varchar(256) NOT NULL,
  `category_id` int(11) NOT NULL,
  `status` int(11) NOT NULL DEFAULT '1',
  `unit` varchar(256) NOT NULL,
  `sequence_order` int(11) NOT NULL,
  `dispatch_record_from` tinyint(4) NOT NULL DEFAULT '0'
) ENGINE=InnoDB DEFAULT CHARSET=latin1;

--
-- Dumping data for table `tbl_materials`
--

INSERT INTO `tbl_materials` (`material_id`, `material_name`, `category_id`, `status`, `unit`, `sequence_order`, `dispatch_record_from`) VALUES
(18, 'Slag', 1, 1, 'MT', 0, 1),
(19, 'Gypsum', 1, 1, 'MT', 0, 1),
(20, 'Clinker', 1, 1, 'MT', 0, 1),
(26, 'Dunlop Bag', 2, 1, 'Pieces', 0, 0),
(27, 'Chrome Bag', 2, 1, 'Pieces', 0, 0),
(28, 'Pro Plus Bag', 2, 1, 'Pieces', 0, 0),
(29, 'Shivalik Bag', 2, 1, 'Pieces', 0, 0),
(30, 'Dragon Bag', 2, 1, 'Pieces', 0, 0),
(31, 'Robust Bag', 2, 1, 'Pieces', 0, 0),
(32, 'Diesel', 4, 1, 'L', 0, 0),
(33, 'Rice Husk', 4, 1, 'KG', 0, 0);

-- --------------------------------------------------------

--
-- Table structure for table `tbl_material_dealers`
--

CREATE TABLE `tbl_material_dealers` (
  `md_id` int(11) NOT NULL,
  `material_id` int(11) NOT NULL,
  `dealer_id` int(11) NOT NULL
) ENGINE=InnoDB DEFAULT CHARSET=latin1;

--
-- Dumping data for table `tbl_material_dealers`
--

INSERT INTO `tbl_material_dealers` (`md_id`, `material_id`, `dealer_id`) VALUES
(0, 5, 34),
(0, 6, 34),
(0, 4, 34),
(0, 5, 57),
(0, 8, 57),
(0, 9, 57),
(0, 10, 57),
(0, 6, 57),
(0, 7, 57),
(0, 11, 57),
(0, 2, 57),
(0, 3, 57),
(0, 4, 57),
(0, 25, 0),
(0, 20, 3),
(0, 19, 3),
(0, 18, 3),
(0, 20, 4),
(0, 20, 10),
(0, 20, 9),
(0, 20, 11),
(0, 20, 12),
(0, 20, 7),
(0, 20, 13),
(0, 20, 8),
(0, 20, 5),
(0, 18, 15),
(0, 18, 14),
(0, 18, 16),
(0, 19, 18),
(0, 19, 19),
(0, 20, 6),
(0, 19, 6),
(0, 18, 6),
(0, 27, 20),
(0, 30, 20),
(0, 26, 20),
(0, 28, 20),
(0, 31, 20),
(0, 29, 20),
(0, 27, 21),
(0, 30, 21),
(0, 26, 21),
(0, 28, 21),
(0, 31, 21),
(0, 29, 21),
(0, 27, 22),
(0, 30, 22),
(0, 26, 22),
(0, 28, 22),
(0, 31, 22),
(0, 29, 22),
(0, 33, 24),
(0, 32, 25),
(0, 27, 26),
(0, 20, 26),
(0, 32, 26),
(0, 30, 26),
(0, 26, 26),
(0, 19, 26),
(0, 28, 26),
(0, 33, 26),
(0, 31, 26),
(0, 29, 26),
(0, 18, 26),
(0, 18, 17);

-- --------------------------------------------------------

--
-- Table structure for table `tbl_material_departments`
--

CREATE TABLE `tbl_material_departments` (
  `md_id` int(11) NOT NULL,
  `material_id` int(11) NOT NULL,
  `group_id` int(11) NOT NULL,
  `category_id` int(11) NOT NULL,
  `cd_id` int(11) NOT NULL,
  `stock_id` int(11) NOT NULL
) ENGINE=InnoDB DEFAULT CHARSET=latin1;

-- --------------------------------------------------------

--
-- Table structure for table `tbl_mst_lab_requirement`
--

CREATE TABLE `tbl_mst_lab_requirement` (
  `id` int(11) NOT NULL,
  `parameter` varchar(255) DEFAULT NULL,
  `value` float DEFAULT NULL,
  `type` int(11) DEFAULT NULL
) ENGINE=InnoDB DEFAULT CHARSET=latin1;

--
-- Dumping data for table `tbl_mst_lab_requirement`
--

INSERT INTO `tbl_mst_lab_requirement` (`id`, `parameter`, `value`, `type`) VALUES
(1, 'Loss of Ignition', 5, 1),
(2, 'Magensium Oxide (MgO)', 8, 1),
(3, 'Insolube Residue', 4, 1),
(4, 'Sulphur Trioxide (SO3)', 3, 1),
(5, 'Chloried', 0.05, 1),
(6, 'Sulphide Suplher (S)', 2, 1),
(7, 'Fineness (M2/Kg)', 225, 2),
(8, 'Setting time Initial (Minimum)', 45, 2),
(9, 'Setting Time Final (Maximum)', 600, 2),
(10, 'Expansion - Le-Chaterlier Method (MM) (Max)', 10, 2),
(11, 'Expansion - Auto Clave Method (%) (Max)', 1, 2),
(12, 'Strength 1 Day', 0, 2),
(13, 'Strength 3 Day', 16, 2),
(14, 'Strength 7 Day', 22, 2),
(15, 'Strength 28 Day', 33, 2);

-- --------------------------------------------------------

--
-- Table structure for table `tbl_party`
--

CREATE TABLE `tbl_party` (
  `id` int(11) NOT NULL,
  `party` varchar(256) DEFAULT NULL
) ENGINE=InnoDB DEFAULT CHARSET=latin1;

--
-- Dumping data for table `tbl_party`
--

INSERT INTO `tbl_party` (`id`, `party`) VALUES
(1, 'Munna Srivastav'),
(2, 'Kishan Kedia'),
(3, 'Nagendraji'),
(4, 'Ram Kumarji'),
(5, 'Prashantji'),
(6, 'Hari Shrestha- Gorkha'),
(7, 'Adarsh Nirman Sewa'),
(8, 'Aftab Ansari-Jeetpur'),
(9, 'Santoshji'),
(10, 'Fuleshwarji'),
(11, 'Omji'),
(12, 'Chandanji'),
(13, 'Lal Bihariji'),
(14, 'Rajnishji'),
(15, 'Hariji'),
(16, 'Vishwanathji'),
(17, 'Bidur'),
(18, 'Anand Trade Concern'),
(19, 'Multiple'),
(20, 'Umeshji'),
(21, 'Ranjitji'),
(22, 'Ram Narayan'),
(23, 'Surendra'),
(24, 'Donation'),
(25, 'Varun Lohia'),
(26, 'Piyushji'),
(27, 'Ashok Steel Industries'),
(28, 'Sunil Chainwala'),
(29, 'B.T.Sunkoshi Worldwide J.V.-Kathmandu'),
(30, 'Balramji'),
(31, 'Pradip Jaiswal'),
(32, 'Basanta Kumar Pradhan -Biratnagar'),
(33, 'Bemishal Construction-Bhediyari'),
(34, 'Bhagwan Jha-Jeepur'),
(35, 'Purna Bhandari'),
(36, 'Bicky Hardware &  Enterprises-Dharke'),
(37, 'Suresh Vaidya'),
(38, 'Radha Krishna'),
(39, 'Chandra Maharjan'),
(40, 'Madan'),
(41, 'Bhandari Hardware'),
(42, 'Sachin Hardware Centre-Kathmandu'),
(43, 'Rajesh Manandhar'),
(44, 'Canceled Bill'),
(45, 'Chote Lalji'),
(46, 'Shakti Golyan'),
(47, 'D.B.Construction-Birganj Site Jeetpur'),
(48, 'Dambar Kumari Mishra'),
(49, 'Banglamukhi'),
(50, 'Dedraj Sewali Devi Todi(DAVKVB) School Morang P. L.'),
(51, 'Dharke Trade Concern Pvt.Ltd.-Dharke'),
(52, 'Bishnuji'),
(53, 'Chudamanji'),
(54, 'Easy Infra'),
(55, 'Pushkar Pande'),
(56, 'Gawar Kashyap J.V.-Bardhaghat'),
(57, 'Gorkha Suppliers-Gorkha'),
(58, 'Jagdamba Enterprises Pvt.Ltd.-Jeetpur'),
(59, 'Dineshji'),
(60, 'Dipendraji'),
(61, 'Jai Maa Chandeshwari Hardware-Banepa'),
(62, 'Sanjay Jaiswal'),
(63, 'Jaitun Devi -Jaleshwor'),
(64, 'K.B Sam Aluminium Ind.Pvt.Ltd-Jeetpur'),
(65, 'Bikky Hardware'),
(66, 'Keshav Gupta-Birganj'),
(67, 'Krishna Khanal'),
(68, 'Sureshji'),
(69, 'Lalan Prasad Yadav-Basdiwa'),
(70, 'Laxman Kushwaha-Ramauli'),
(71, 'Kailashpati'),
(72, 'Manoj Shah Kalwar'),
(73, 'Sajjan Agrawal'),
(74, 'Bhaskar Shrestha'),
(75, 'Bhim KC'),
(76, 'Joshi Store'),
(77, 'Narayan Mishra Ji-Rautahat Mewa'),
(78, 'Naresh Prasad Sah-Simra'),
(79, 'Nawal Kishor Singh-Jeetpur'),
(80, 'New Bhandari Hardware Traders-Kapan'),
(81, 'Babulalji'),
(82, 'New Mankali Hardware Suppliers-Dhading'),
(83, 'Nitanpur Block Udhyog-Nitanpur'),
(84, 'Panchkanya Concrete Premix-Kathmandu'),
(85, 'Himal Hardware'),
(86, 'Prabhu Narayan Chaudhary-Jeetpur'),
(87, 'Pre International Pvt.Ltd.-Kathmandu'),
(88, 'Puja Soap & House Holds Products P.Ltd.Simra'),
(89, 'Purshottam Hardware Centre-Kathmandu'),
(90, 'Yeti Polychem Pvt.Ltd.-Sales-Hetauda'),
(91, 'Ram Babu Chaudhary-Jeetpur'),
(92, 'Ram Ji Ghimire-Jeetpur'),
(93, 'Ram Prasad Ghimire-Simra'),
(94, 'Ramananda Prasad Kushwaha-Birgunj'),
(95, 'P.B. Pandey'),
(96, 'Rasuwa K.D. JV Pvt. Ltd.-Kathmandu'),
(97, 'Chandramani Ktm'),
(98, 'Sanjay Sharma-Birganj'),
(99, 'Sundry Debtors Central Zone'),
(100, 'Sarthak Impex-Birgunj'),
(101, 'Tripura Hardware'),
(102, 'Prakash Ghimire'),
(103, 'Mohan Acharya'),
(104, 'Anil Patel'),
(105, 'Prabhashji'),
(106, 'Star Cement Udhyog-Jeetpur'),
(107, 'Surendra Chaurasiya-Birganj'),
(108, 'Tej Thapa'),
(109, 'Tripura Hardware Pvt.Ltd.-Kathmandu'),
(110, 'Tripura Mega Hardware Pvt.Ltd.-Khadichaur'),
(111, 'Umesh Paswan -Lmalipati'),
(112, 'Umesh Shah Kanu'),
(113, 'Vijay Pratap Singh-Jeetpur'),
(114, 'Karna International Pvt.Ltd.-Kathmandu'),
(115, 'Rajesh Metal Crafts Pvt.Ltd.-Jeetpur'),
(116, 'Raj Kumar Mahato-Ramauli'),
(117, 'Janvi Traders-Birganj'),
(118, 'Vinita Jha-Janakpur'),
(119, 'Ram Babu Patel-Jitpur'),
(120, 'Maruti Cement');

-- --------------------------------------------------------

--
-- Table structure for table `tbl_party_agent`
--

CREATE TABLE `tbl_party_agent` (
  `id` int(11) NOT NULL,
  `party_id` int(11) NOT NULL,
  `agent_id` int(11) NOT NULL
) ENGINE=InnoDB DEFAULT CHARSET=latin1;

--
-- Dumping data for table `tbl_party_agent`
--

INSERT INTO `tbl_party_agent` (`id`, `party_id`, `agent_id`) VALUES
(1, 1, 1),
(2, 2, 2),
(3, 3, 3),
(4, 4, 4),
(5, 5, 2),
(6, 6, 5),
(7, 7, 6),
(8, 8, 1),
(9, 9, 5),
(10, 10, 7),
(11, 11, 8),
(12, 12, 9),
(13, 13, 9),
(14, 14, 3),
(15, 15, 10),
(16, 16, 11),
(17, 17, 12),
(18, 18, 13),
(19, 19, 11),
(20, 20, 14),
(21, 21, 15),
(22, 22, 16),
(23, 23, 17),
(24, 24, 2),
(25, 25, 18),
(26, 26, 9),
(27, 27, 2),
(28, 28, 19),
(29, 28, 4),
(30, 28, 20),
(31, 29, 19),
(32, 29, 20),
(33, 29, 4),
(34, 30, 21),
(35, 31, 10),
(36, 32, 4),
(37, 33, 3),
(38, 34, 22),
(39, 35, 4),
(40, 36, 14),
(41, 37, 4),
(42, 38, 16),
(43, 39, 13),
(44, 40, 23),
(45, 41, 16),
(46, 42, 24),
(47, 43, 25),
(48, 44, 26),
(49, 45, 27),
(50, 46, 13),
(51, 47, 28),
(52, 48, 14),
(53, 49, 14),
(54, 50, 20),
(55, 51, 29),
(56, 52, 11),
(57, 53, 30),
(58, 54, 31),
(59, 55, 11),
(60, 56, 4),
(61, 57, 5),
(62, 58, 14),
(63, 59, 11),
(64, 60, 32),
(65, 61, 33),
(66, 62, 4),
(67, 63, 34),
(68, 64, 35),
(69, 65, 22),
(70, 66, 14),
(71, 67, 26),
(72, 68, 36),
(73, 69, 36),
(74, 70, 11),
(75, 71, 37),
(76, 72, 5),
(77, 73, 10),
(78, 74, 19),
(79, 74, 17),
(80, 74, 38),
(81, 74, 39),
(82, 74, 40),
(83, 74, 41),
(84, 74, 38),
(85, 74, 23),
(86, 74, 42),
(87, 74, 43),
(88, 74, 35),
(89, 75, 14),
(90, 76, 44),
(91, 77, 10),
(92, 78, 3),
(93, 79, 12),
(94, 80, 3),
(95, 81, 10),
(96, 82, 10),
(97, 83, 11),
(98, 84, 11),
(99, 85, 45),
(100, 86, 4),
(101, 87, 11),
(102, 88, 2),
(103, 89, 46),
(104, 90, 47),
(105, 91, 11),
(106, 92, 48),
(107, 93, 49),
(108, 94, 50),
(109, 95, 4),
(110, 96, 11),
(111, 97, 49),
(112, 98, 51),
(113, 99, 11),
(114, 100, 52),
(115, 101, 53),
(116, 102, 3),
(117, 103, 21),
(118, 104, 1),
(119, 105, 11),
(120, 106, 1),
(121, 107, 2),
(122, 108, 21),
(123, 109, 2),
(124, 110, 5),
(125, 111, 4),
(126, 112, 19),
(127, 112, 54),
(128, 112, 55),
(129, 113, 10),
(130, 114, 26),
(131, 115, 14),
(132, 116, 11),
(133, 117, 11),
(134, 118, 14),
(135, 119, 11),
(136, 120, 20),
(137, 121, 4),
(138, 122, 4),
(139, 123, 20),
(140, 124, 13),
(141, 125, 56),
(142, 126, 2),
(143, 127, 57),
(144, 128, 5),
(145, 129, 16),
(146, 130, 21),
(147, 131, 31),
(148, 132, 11),
(149, 133, 2),
(150, 134, 3),
(151, 135, 11),
(152, 136, 21),
(153, 137, 20),
(154, 138, 10),
(155, 139, 2),
(156, 140, 22),
(157, 141, 11),
(158, 142, 2),
(159, 143, 14),
(160, 144, 4),
(161, 145, 58),
(162, 146, 59),
(163, 147, 11),
(164, 148, 3),
(165, 149, 4),
(166, 150, 59),
(167, 151, 60),
(168, 152, 59),
(169, 153, 9),
(170, 154, 11),
(171, 155, 14),
(172, 156, 61),
(173, 157, 11),
(174, 158, 4),
(175, 159, 10),
(176, 160, 59),
(177, 161, 2),
(178, 162, 14),
(179, 163, 3),
(180, 164, 22),
(181, 165, 10),
(182, 166, 62),
(183, 167, 11),
(184, 168, 2),
(185, 169, 14),
(186, 170, 11),
(187, 171, 31),
(188, 172, 31),
(189, 173, 63),
(190, 174, 21),
(191, 175, 11),
(192, 176, 20),
(193, 177, 4),
(194, 178, 21),
(195, 179, 11),
(196, 180, 31),
(197, 181, 64),
(198, 182, 13),
(199, 183, 1),
(200, 184, 65),
(201, 185, 11),
(202, 186, 2),
(203, 187, 16),
(204, 188, 2),
(205, 189, 5),
(206, 190, 5),
(207, 191, 10),
(208, 192, 9),
(209, 193, 26),
(210, 194, 49),
(211, 195, 14),
(212, 196, 11),
(213, 197, 66),
(214, 198, 14),
(215, 199, 49),
(216, 200, 4),
(217, 201, 31),
(218, 202, 14),
(219, 203, 10),
(220, 204, 11),
(221, 205, 67),
(222, 206, 31),
(223, 207, 3),
(224, 208, 16),
(225, 209, 11),
(226, 210, 68),
(227, 211, 3),
(228, 212, 1),
(229, 213, 69),
(230, 214, 26),
(231, 215, 11),
(232, 216, 70),
(233, 217, 71),
(234, 218, 31),
(235, 219, 21),
(236, 220, 2),
(237, 221, 21),
(238, 222, 3),
(239, 223, 14),
(240, 224, 10),
(241, 225, 1),
(242, 226, 4),
(243, 227, 14),
(244, 228, 1),
(245, 229, 17),
(246, 230, 11),
(247, 231, 40),
(248, 232, 14),
(249, 233, 2),
(250, 234, 14),
(251, 235, 11),
(252, 236, 14),
(253, 237, 26),
(254, 238, 11),
(255, 239, 11),
(256, 240, 15),
(257, 241, 12),
(258, 242, 21),
(259, 243, 26),
(260, 244, 20),
(261, 245, 4),
(262, 246, 16),
(263, 247, 4),
(264, 248, 72),
(265, 249, 4),
(266, 250, 5),
(267, 251, 9),
(268, 252, 14),
(269, 253, 20),
(270, 254, 5),
(271, 255, 73),
(272, 256, 73),
(273, 257, 73),
(274, 258, 49),
(275, 259, 11),
(276, 260, 14),
(277, 261, 19),
(278, 261, 74),
(279, 261, 75),
(280, 261, 17),
(281, 261, 39),
(282, 261, 40),
(283, 261, 35),
(284, 261, 43),
(285, 261, 38),
(286, 261, 23),
(287, 262, 2),
(288, 263, 14),
(289, 264, 9),
(290, 265, 14),
(291, 266, 2),
(292, 267, 12),
(293, 268, 14),
(294, 269, 76),
(295, 270, 9),
(296, 271, 20),
(297, 272, 1),
(298, 273, 9),
(299, 274, 5),
(300, 275, 4),
(301, 276, 77),
(302, 277, 1),
(303, 278, 78),
(304, 279, 1),
(305, 280, 14),
(306, 281, 14),
(307, 282, 2),
(308, 283, 14),
(309, 284, 79),
(310, 285, 10),
(311, 286, 9),
(312, 287, 14),
(313, 288, 11),
(314, 289, 80),
(315, 290, 14),
(316, 291, 26),
(317, 292, 53),
(318, 293, 4),
(319, 294, 31),
(320, 295, 2),
(321, 296, 81),
(322, 297, 82),
(323, 298, 26),
(324, 299, 13),
(325, 300, 14),
(326, 301, 22),
(327, 302, 14),
(328, 303, 1),
(329, 304, 4),
(330, 305, 14),
(331, 306, 45),
(332, 307, 4),
(333, 308, 5),
(334, 309, 14),
(335, 310, 2),
(336, 311, 14),
(337, 312, 11),
(338, 313, 31),
(339, 314, 11),
(340, 315, 3),
(341, 316, 83),
(342, 317, 14),
(343, 318, 4),
(344, 319, 2),
(345, 320, 2),
(346, 321, 13),
(347, 322, 19),
(348, 322, 41),
(349, 322, 5),
(350, 322, 54),
(351, 322, 40),
(352, 322, 35),
(353, 322, 38),
(354, 322, 43),
(355, 322, 49),
(356, 323, 13),
(357, 324, 36),
(358, 325, 4),
(359, 326, 4),
(360, 327, 9),
(361, 328, 11),
(362, 329, 26),
(363, 330, 16),
(364, 331, 10),
(365, 332, 15),
(366, 333, 5),
(367, 334, 31),
(368, 335, 2),
(369, 336, 16),
(370, 337, 14),
(371, 338, 84),
(372, 339, 14),
(373, 340, 2),
(374, 341, 14),
(375, 342, 31),
(376, 343, 14),
(377, 344, 81),
(378, 345, 14),
(379, 346, 10),
(380, 347, 14),
(381, 348, 26),
(382, 349, 81),
(383, 350, 14),
(384, 351, 11),
(385, 352, 85),
(386, 353, 11),
(387, 354, 59),
(388, 355, 86),
(389, 356, 16),
(390, 357, 16),
(391, 358, 10),
(392, 359, 2),
(393, 360, 2),
(394, 361, 21),
(395, 362, 26),
(396, 363, 3),
(397, 364, 26),
(398, 365, 49),
(399, 366, 26),
(400, 367, 87),
(401, 368, 4),
(402, 369, 11),
(403, 370, 4),
(404, 371, 3),
(405, 372, 88),
(406, 373, 89),
(407, 374, 11),
(408, 375, 60),
(409, 376, 11),
(410, 377, 5),
(411, 378, 90),
(412, 379, 10),
(413, 380, 4),
(414, 381, 26),
(415, 382, 14),
(416, 383, 20),
(417, 384, 14),
(418, 385, 11),
(419, 386, 14),
(420, 387, 26),
(421, 388, 11),
(422, 389, 1),
(423, 390, 11),
(424, 391, 11),
(425, 392, 9),
(426, 393, 11),
(427, 394, 11),
(428, 395, 45),
(429, 396, 10),
(430, 397, 13),
(431, 398, 10),
(432, 399, 10),
(433, 400, 3),
(434, 401, 10),
(435, 402, 91),
(436, 403, 85),
(437, 404, 92),
(438, 405, 26),
(439, 406, 93),
(440, 407, 94),
(441, 408, 49),
(442, 409, 20),
(443, 410, 3),
(444, 411, 19),
(445, 411, 21),
(446, 411, 13),
(447, 412, 95),
(448, 413, 9),
(449, 414, 96),
(450, 415, 20),
(451, 416, 31),
(452, 417, 11),
(453, 418, 73),
(454, 419, 16),
(455, 420, 15),
(456, 421, 10),
(457, 422, 9),
(458, 423, 11),
(459, 424, 60),
(460, 425, 81),
(461, 426, 60),
(462, 427, 1),
(463, 428, 97),
(464, 429, 42),
(465, 430, 3),
(466, 431, 14),
(467, 432, 45),
(468, 433, 14),
(469, 434, 11),
(470, 435, 14),
(471, 436, 26),
(472, 437, 9),
(473, 438, 9),
(474, 439, 14),
(475, 440, 14),
(476, 441, 11),
(477, 442, 20),
(478, 443, 4),
(479, 444, 98),
(480, 445, 4),
(481, 446, 14),
(482, 447, 14),
(483, 448, 14),
(484, 449, 3),
(485, 450, 99),
(486, 451, 36),
(487, 452, 10),
(488, 453, 100),
(489, 454, 21),
(490, 455, 14),
(491, 456, 21),
(492, 457, 10),
(493, 458, 11),
(494, 459, 11),
(495, 460, 19),
(496, 460, 35),
(497, 460, 41),
(498, 460, 101),
(499, 460, 51),
(500, 461, 20),
(501, 462, 1),
(502, 463, 20),
(503, 464, 9),
(504, 465, 1),
(505, 466, 102),
(506, 467, 103),
(507, 468, 11),
(508, 469, 4),
(509, 470, 14),
(510, 471, 11),
(511, 472, 14),
(512, 473, 16),
(513, 474, 3),
(514, 475, 1),
(515, 476, 11),
(516, 477, 14),
(517, 478, 11),
(518, 479, 3),
(519, 480, 26),
(520, 481, 31),
(521, 482, 3),
(522, 483, 11),
(523, 484, 26),
(524, 485, 11),
(525, 486, 3),
(526, 487, 31),
(527, 488, 14),
(528, 489, 31),
(529, 490, 5),
(530, 491, 26),
(531, 492, 20),
(532, 493, 13),
(533, 494, 2),
(534, 495, 3),
(535, 496, 104),
(536, 497, 11),
(537, 498, 49),
(538, 499, 9),
(539, 500, 11),
(540, 501, 4),
(541, 502, 11),
(542, 503, 2),
(543, 504, 3),
(544, 505, 3),
(545, 506, 2),
(546, 507, 20),
(547, 508, 9),
(548, 509, 105),
(549, 510, 11),
(550, 511, 26),
(551, 512, 3),
(552, 513, 19),
(553, 513, 20),
(554, 513, 4),
(555, 514, 4),
(556, 515, 26),
(557, 516, 1),
(558, 517, 19),
(559, 517, 73),
(560, 517, 36),
(561, 518, 31),
(562, 519, 14),
(563, 520, 1),
(564, 521, 1),
(565, 522, 3),
(566, 523, 3),
(567, 524, 9),
(568, 525, 3),
(569, 526, 26),
(570, 527, 14),
(571, 528, 19),
(572, 528, 3),
(573, 528, 4),
(574, 529, 14),
(575, 530, 14),
(576, 531, 3),
(577, 532, 11),
(578, 533, 3),
(579, 534, 1),
(580, 535, 2),
(581, 536, 5),
(582, 537, 106),
(583, 538, 5),
(584, 539, 11),
(585, 540, 11),
(586, 541, 3),
(587, 542, 2),
(588, 543, 4),
(589, 544, 14),
(590, 545, 15),
(591, 546, 3),
(592, 547, 107),
(593, 548, 14),
(594, 549, 2),
(595, 550, 3),
(596, 551, 73),
(597, 552, 4),
(598, 553, 20),
(599, 554, 31),
(600, 555, 14),
(601, 556, 108),
(602, 557, 5),
(603, 558, 73),
(604, 559, 19),
(605, 559, 43),
(606, 559, 49),
(607, 559, 23),
(608, 560, 109),
(609, 561, 110),
(610, 562, 14),
(611, 563, 14),
(612, 564, 13),
(613, 565, 111),
(614, 566, 112),
(615, 567, 3),
(616, 568, 26),
(617, 569, 16),
(618, 570, 113),
(619, 571, 20),
(620, 572, 4),
(621, 573, 22),
(622, 574, 3),
(623, 575, 14),
(624, 576, 1),
(625, 577, 4),
(626, 578, 26),
(627, 579, 60),
(628, 580, 20),
(629, 581, 11),
(630, 582, 49),
(631, 583, 5),
(632, 584, 10),
(633, 585, 22),
(634, 586, 11),
(635, 587, 22),
(636, 588, 39),
(637, 589, 49),
(638, 590, 90),
(639, 591, 10),
(640, 592, 3),
(641, 593, 14),
(642, 594, 114),
(643, 595, 115),
(644, 596, 5),
(645, 597, 11),
(646, 598, 116),
(647, 599, 73),
(648, 600, 11),
(649, 601, 14),
(650, 602, 9),
(651, 603, 9),
(652, 604, 117),
(653, 605, 9),
(654, 606, 14),
(655, 607, 9),
(656, 608, 118),
(657, 609, 9),
(658, 610, 119),
(659, 611, 9),
(660, 612, 68),
(661, 613, 5),
(662, 614, 120),
(663, 615, 9),
(664, 616, 9),
(665, 617, 16),
(666, 618, 11),
(667, 619, 3),
(668, 620, 1);

-- --------------------------------------------------------

--
-- Table structure for table `tbl_party_brand`
--

CREATE TABLE `tbl_party_brand` (
  `id` int(11) NOT NULL,
  `party_id` int(11) DEFAULT NULL,
  `brand_type_id` int(11) DEFAULT NULL,
  `brand_id` int(11) DEFAULT NULL
) ENGINE=InnoDB DEFAULT CHARSET=latin1;

--
-- Dumping data for table `tbl_party_brand`
--

INSERT INTO `tbl_party_brand` (`id`, `party_id`, `brand_type_id`, `brand_id`) VALUES
(10, 0, 1, 3),
(11, 0, 2, 6),
(12, 2, 1, 1),
(13, 2, 2, 5),
(20, 1, 1, 3),
(21, 1, 2, 5);

-- --------------------------------------------------------

--
-- Table structure for table `tbl_party_name`
--

CREATE TABLE `tbl_party_name` (
  `id` int(11) NOT NULL,
  `party_name` varchar(256) DEFAULT NULL,
  `assigned_party_id` int(11) DEFAULT NULL,
  `deleted` tinyint(4) DEFAULT '0'
) ENGINE=InnoDB DEFAULT CHARSET=latin1;

--
-- Dumping data for table `tbl_party_name`
--

INSERT INTO `tbl_party_name` (`id`, `party_name`, `assigned_party_id`, `deleted`) VALUES
(1, 'Aayush Traders-Simara', NULL, 0),
(2, 'Abik Traders & Suppliers-Itahari', NULL, 0),
(3, 'Adarsh Bahumukhi Sahakari Sanstha-Babarganj', NULL, 0),
(4, 'Adhikari Hardware & Suppliers-Bhalwai', NULL, 0),
(5, 'Adhikari Hardware-Bharol', NULL, 0),
(6, 'Adhikari Nir.Se./L.S.Cons.Jv.-Gangate', NULL, 0),
(7, 'Adhikari Nirman Sewa-Hanspur', NULL, 0),
(8, 'Aditya Enterprises-Bisunpur', NULL, 0),
(9, 'Aditya Suppliers-Trishuli', NULL, 0),
(10, 'Adrishya Nirman Sewa Pvt.Ltd.-Kathmandu', NULL, 0),
(11, 'Aftab Ansari-Jeetpur', NULL, 0),
(12, 'Ajaad Traders-Sishania-Kalaiya', NULL, 0),
(13, 'Ajay Enterprises-Jaitapur', NULL, 0),
(14, 'Ajay Traders-Haripur', NULL, 0),
(15, 'Alion Hardware Pasal-Mahendra Nagar', NULL, 0),
(16, 'Aman Hardware-Dhavauli', NULL, 0),
(17, 'Aman Iron Stores-Pipra', NULL, 0),
(18, 'Amar Hardware-Harion', NULL, 0),
(19, 'Ambe Hardware - Duhabi', NULL, 0),
(20, 'Ambe Suppliers-Inaruwa', NULL, 0),
(21, 'Amira Construction-Makwanpur-Markhu', NULL, 0),
(22, 'Amit General Stores-Dudhauli', NULL, 0),
(23, 'Anak Construction Company (P) Ltd-Kathmandu', NULL, 0),
(24, 'Anamika  Suppliers-Baswari', NULL, 0),
(25, 'Anand Trade Concern-Kathmandu', NULL, 0),
(26, 'Ananda Traders-Prasauni', NULL, 0),
(27, 'Ananya Traders-Biratnagar', NULL, 0),
(28, 'Aniket Hardware-Gausala', NULL, 0),
(29, 'Anisha Traders-Aurahi', NULL, 0),
(30, 'Anita Traders-Ishwarpur', NULL, 0),
(31, 'Anjali Traders-Lahan', NULL, 0),
(32, 'Ankit Hardware Pasal-Hairpurwa', NULL, 0),
(33, 'Ankit Hardware Traders-Khairba', NULL, 0),
(34, 'Ankit Traders and Suppliers- Bhadrapur', NULL, 0),
(35, 'Anmol Traders-Malangwa', NULL, 0),
(36, 'Ansari Hardware & Trade-Inaruwa', NULL, 0),
(37, 'Ansari Hardware-Dhamaura', NULL, 0),
(38, 'Ansari Traders & Supp-Chandrodhyanpur', NULL, 0),
(39, 'Ansari Traders-Haripur', NULL, 0),
(40, 'Anup Trading Hardware-Kathmandu', NULL, 0),
(41, 'Arman Enterprises-Manpur-Sirha', NULL, 0),
(42, 'Armed Police Force-Piluwa', NULL, 0),
(43, 'Arti Vegetable Product''s (P)Ltd.-Chhatapipra', NULL, 0),
(44, 'Ashiq Hardware Pasal-Tankisinwari', NULL, 0),
(45, 'Ashok Steel Industries Pvt. Ltd(Sales)', NULL, 0),
(46, 'Ashutosh Hardware-Balara', NULL, 0),
(47, 'Asia Pacific Traders-Kathmandu', NULL, 0),
(48, 'Astha Trade and Suppliers-Sanischray', NULL, 0),
(49, 'Azaj Hardware-Biratnagar', NULL, 0),
(50, 'B.S. Hardware & Suppliers-Manthali', NULL, 0),
(51, 'B.T.Sunkoshi Worldwide J.V.-Kathmandu', NULL, 0),
(52, 'Baba Iron Stores-Janakpur', NULL, 0),
(53, 'Baba Vishwakarma Flam Pasal-Bidur', NULL, 0),
(54, 'Baba Vishwokarma Scrap & Hardware-Jeetpur', NULL, 0),
(55, 'Baidehi General Order Suppliers-Janakpur', NULL, 0),
(56, 'Bajrang Hardware- Padaul', NULL, 0),
(57, 'Bandana Bhagwati Nirman Sewa Pvt.Ltd.-Trishuli', NULL, 0),
(58, 'Barah Hardware & Suppliers-Itahari', NULL, 0),
(59, 'Barsha Hardware- Janakpur', NULL, 0),
(60, 'Basanta Kumar Pradhan -Biratnagar', NULL, 0),
(61, 'Bemishal Construction-Bhediyari', NULL, 0),
(62, 'Bhagat Hardware Stores-Gaushala', NULL, 0),
(63, 'Bhagwan Jha-Jeepur', NULL, 0),
(64, 'Bhandari Hardware-Chavhil-Ktm.', NULL, 0),
(65, 'Bharman Hardware-Birtamode', NULL, 0),
(66, 'Bhima Laxmi Hardware-Itahari', NULL, 0),
(67, 'Bhuwan Hardware Pasal-Dharampur', NULL, 0),
(68, 'Bicky Hardware &  Enterprises-Dharke', NULL, 0),
(69, 'Bicky Hardware House Pvt.Ltd.-Kathmandu', NULL, 0),
(70, 'Bidhi Hardware-Bishrampur', NULL, 0),
(71, 'Biju Poultry Farm Pvt.Ltd.-Bharatpur', NULL, 0),
(72, 'Bogati Hardweare & Suppliers-Trishuli', NULL, 0),
(73, 'Bramha Dev Hardware Pasal-Kasaha', NULL, 0),
(74, 'Budha Construction Pvt.Ltd.-Kathmandu', NULL, 0),
(75, 'Budha Hardware-Budhachowk', NULL, 0),
(76, 'Canceled Bill', NULL, 0),
(77, 'Chandan Hardware & Suppliers-Kanchanpur', NULL, 0),
(78, 'Chandan Hardware-Laxminiya', NULL, 0),
(79, 'Chandan Iron Store-Janakpur', NULL, 0),
(80, 'Chandan Traders-Kabilasi-Gair', NULL, 0),
(81, 'Chandan Traders-Padriya- Lahan', NULL, 0),
(82, 'Chandani Hardware& Suppliers-Lahan', NULL, 0),
(83, 'Chandani Hardware-Kurtha- Janakpur', NULL, 0),
(84, 'Chaudhary Brothers Enterprises-Nagrain', NULL, 0),
(85, 'Chaudhary Hardware & General Suppliers-Ganga Pipra', NULL, 0),
(86, 'Chaurasiya Khad Bij Bhandar-Laxminiya', NULL, 0),
(87, 'Chaurasiya Spareparts & Hardware-Gaushala', NULL, 0),
(88, 'Chhitang Devi H/w.&Spp.-Chhatra Marg', NULL, 0),
(89, 'City Hotel Limited-Kathmandu', NULL, 0),
(90, 'D.B.Construction-Birganj Site Jeetpur', NULL, 0),
(91, 'D.S. Trading Concern-Janakpur', NULL, 0),
(92, 'Dambar Kumari Mishra', NULL, 0),
(93, 'Danfe Pratishthan Muna & Acharya J.V.-Kathmandu', NULL, 0),
(94, 'Dedraj Sewali Devi Todi(DAVKVB) School Morang P. L.', NULL, 0),
(95, 'Deep Traders-Samsi', NULL, 0),
(96, 'Deepak Hardware Stores-Sukhdev Chowk', NULL, 0),
(97, 'Devi Than World Wide Jv.-Kathmandu', NULL, 0),
(98, 'Dharke Trade Concern Pvt.Ltd.-Dharke', NULL, 0),
(99, 'Dharmendra Iron Store-Fulgama', NULL, 0),
(100, 'Dhaulagiri Nirman Samagari Bikri Kendra-Bharatpur', NULL, 0),
(101, 'Dhaulagiri Traders-Ratnagar', NULL, 0),
(102, 'Diksha Traders-Jamuniya- Madanpur', NULL, 0),
(103, 'Dileep Galla Bhandar-Parsa', NULL, 0),
(104, 'Dinbandhu Stores-Murli Birganj', NULL, 0),
(105, 'Dinesh Hardware Stores-Janakpur', NULL, 0),
(106, 'Dinesh Impex-Birganj', NULL, 0),
(107, 'Dinesh Khrid Bikri Kendra-Rangoli Bazar', NULL, 0),
(108, 'Dipendra Hardware-Harion', NULL, 0),
(109, 'Dipika Electronics-Biratnagar', NULL, 0),
(110, 'Dugad Iron & Steel Trading Co.P.Ltd.-Trishuli', NULL, 0),
(111, 'Durga Harwdare Store-Manara Bazar', NULL, 0),
(112, 'E.G.Infra Pvt Ltd.-Kathmandu', NULL, 0),
(113, 'Ehsaan Traders & Suppliers-Goghanpur', NULL, 0),
(114, 'Ekta Suppliers-Biratnagar', NULL, 0),
(115, 'Everest Hardware Store-Itahari-Bhutah', NULL, 0),
(116, 'Gagan Dev Hardware-Tinkojia', NULL, 0),
(117, 'Ganesh Hardware & Galla Bhandar-Katahariya', NULL, 0),
(118, 'Ganesh Hardware Suppliers-Dulari- Itahari', NULL, 0),
(119, 'Ganesh Kumar Enterprises-Barahathawa', NULL, 0),
(120, 'Ganpati Suppliers-Barahathawa', NULL, 0),
(121, 'Garib Nawaaz Kharid Bikri-Samsi', NULL, 0),
(122, 'Gauri Shankar Suppliers-Ishwarpur', NULL, 0),
(123, 'Gauri Shankar Traders-Matihani', NULL, 0),
(124, 'Gautam Kabal and Traders-Malangala', NULL, 0),
(125, 'Gawar Kashyap J.V.-Bardhaghat', NULL, 0),
(126, 'Girija Suppliers-Itahari', NULL, 0),
(127, 'Gorkha Suppliers-Gorkha', NULL, 0),
(128, 'Gullibhar World Construction Pvt.Ltd-Trishuli', NULL, 0),
(129, 'Gupta Hardware & Suppliers-Sukhipur', NULL, 0),
(130, 'Gupta Hardware-Malangwa', NULL, 0),
(131, 'Hakim Traders-Basatpur', NULL, 0),
(132, 'Hanuman Nirman Sewa-Janakpur', NULL, 0),
(133, 'Hanumanta Poly Industries P.Ltd.-Sonapur', NULL, 0),
(134, 'Hari Om Enterprises-Khoriya', NULL, 0),
(135, 'Hari Om Hardware -Bahari', NULL, 0),
(136, 'Hari Om Traders-Gadhiya', NULL, 0),
(137, 'Hari Shankar Hardware & Kirana Pasal-Suknha', NULL, 0),
(138, 'Harsh Traders-Kanchanpur', NULL, 0),
(139, 'Him Laxmi Traders-Itahari', NULL, 0),
(140, 'Hira Chand Shanti JV.-Damak-Jhapa', NULL, 0),
(141, 'Hira Hardware - Janakpur', NULL, 0),
(142, 'Hira Suppliers-Itahari', NULL, 0),
(143, 'Hom Nath Hardware-Sonapur', NULL, 0),
(144, 'Ishani Hardware-Singiyahi', NULL, 0),
(145, 'Jagdamba Enterprises Pvt.Ltd.-Jeetpur', NULL, 0),
(146, 'Jagdamba International-Birganj', NULL, 0),
(147, 'Jai Bajrang Hardware-Khairba', NULL, 0),
(148, 'Jai Chamelimai Hardware-Sundarpur', NULL, 0),
(149, 'Jai Govind Iron Store-Gaushala', NULL, 0),
(150, 'Jai Hardware & Traders-Kamlamai', NULL, 0),
(151, 'Jai Jagdamba Hardware-Pokhara', NULL, 0),
(152, 'Jai Jagdamba Trade Concern-Birganj', NULL, 0),
(153, 'Jai Jagdamba Traders-Kalaiya', NULL, 0),
(154, 'Jai Kamlamai Khad Bij Bhandar-Godar', NULL, 0),
(155, 'Jai Laxmi Hardware -Inaruwa', NULL, 0),
(156, 'Jai Maa Chandeshwari Hardware-Banepa', NULL, 0),
(157, 'Jai Maa Durga Traders-Paudeshwar', NULL, 0),
(158, 'Jai Maa Jagdamba Traders-Ramgopalpur', NULL, 0),
(159, 'Jai Maa Kali Traders-Hanumanagar', NULL, 0),
(160, 'Jai Maa Tara Trading Pvt.Ltd.-Madhayapur', NULL, 0),
(161, 'Jai Maa Traders-Nimuwa-Haatimuda', NULL, 0),
(162, 'Jai Mata Di Hardware-Biratnagar', NULL, 0),
(163, 'Jai Pahadi Mata H/W & Gen. Order Suppliers-Malangwa', NULL, 0),
(164, 'Jai Shambhu Constr.Udyog-Goldhung', NULL, 0),
(165, 'Jai Shankar Traders-Rupani', NULL, 0),
(166, 'Jai Shiv Guru Traders-Suryavinayak', NULL, 0),
(167, 'Jai Shiv Traders-Balchandpur', NULL, 0),
(168, 'Jai Sri Hardware Pvt.Ltd.-Biratnagar', NULL, 0),
(169, 'Jai Sri Piyutech-Biratnagar', NULL, 0),
(170, 'Jai Sri Ram Hardware-Santpur', NULL, 0),
(171, 'Jaiswal Enterprises-Mahuwan', NULL, 0),
(172, 'Jaiswal Traders-Mahuwan', NULL, 0),
(173, 'Jaitun Devi -Jaleshwor', NULL, 0),
(174, 'Jan Mukhi Suppliers-Shankarpur', NULL, 0),
(175, 'Janata Awas Baudhi.Ni.Up.Sa.Katahariya', NULL, 0),
(176, 'Jha Hardware Stores-Ekdara', NULL, 0),
(177, 'Jibika Hardware Stores-Dhamaura', NULL, 0),
(178, 'Jitendra Enterprises-Kabilashi', NULL, 0),
(179, 'Jitendra Hardware Store-Janakpur', NULL, 0),
(180, 'Jyoti Suppliers-Simra', NULL, 0),
(181, 'K.B Sam Aluminium Ind.Pvt.Ltd-Jeetpur', NULL, 0),
(182, 'Kailash Hardware & General Suppliers-Malangwa', NULL, 0),
(183, 'Kajal & Kashish Stores-Simraungarh', NULL, 0),
(184, 'Kali Devi Kirana Pasal Tatha Cold Store-Kadamwas', NULL, 0),
(185, 'Kalika Traders-Janakpur', NULL, 0),
(186, 'Kamakhaya Maa Suppliers-Itahari', NULL, 0),
(187, 'Kamla Nadi Niyantran Up.San.Sirha', NULL, 0),
(188, 'Kamla Suppliers-Ithari', NULL, 0),
(189, 'Kanchan Suppliers-Maadi', NULL, 0),
(190, 'Kandel Nirman Sewa-Trishuli', NULL, 0),
(191, 'Kanhaiya Iron Stores-Golbazar', NULL, 0),
(192, 'Karuna Enterprises-Kolvi', NULL, 0),
(193, 'Kashi Hardware Center-Jhorahat- Brt', NULL, 0),
(194, 'Kaushil-Om-Nilkantheswor-Shailendra JV-KTM', NULL, 0),
(195, 'Kesari Supplier-Inaruwa', NULL, 0),
(196, 'Keshav General Suppliers-Jetharhiya', NULL, 0),
(197, 'Keshav Gupta-Birganj', NULL, 0),
(198, 'Khadaka Hardware-Aapgachhi-Itahari', NULL, 0),
(199, 'Khani Nirman Sewa Pvt.Ltd.-Kathmandu', NULL, 0),
(200, 'Khushi Rice Mill-Busbitti', NULL, 0),
(201, 'Kiran Scraps & Kiran Hardware-Jeetpur', NULL, 0),
(202, 'Koshi Hardware-Ram Nagar- Bhutaha', NULL, 0),
(203, 'Krishna Hardware & General Store-Aurahi', NULL, 0),
(204, 'Krishna Iron Store-Jhitkaiya', NULL, 0),
(205, 'Krishna Khanal', NULL, 0),
(206, 'Krishna Scrap & Hardware-Jeetpur', NULL, 0),
(207, 'Krishna Traders-Malangwa', NULL, 0),
(208, 'Kriti Traders-Dudhauli Bazar', NULL, 0),
(209, 'Kunti Hardware Pasal-Garuda', NULL, 0),
(210, 'Kushwaha Enterprises-Mahuwan', NULL, 0),
(211, 'Kushwaha Hardware-Nokailwa', NULL, 0),
(212, 'Kushwaha Stores-Simraungarh', NULL, 0),
(213, 'Lalan Prasad Yadav-Basdiwa', NULL, 0),
(214, 'Lausan Traders-Morang- Banigama', NULL, 0),
(215, 'Lavkush Hardware-Janakpur', NULL, 0),
(216, 'Laxman Kushwaha-Ramauli', NULL, 0),
(217, 'Laxmi Narayan Trading Pvt. Ltd.-Narayanghat', NULL, 0),
(218, 'Laxmi Suppliers-Birganj', NULL, 0),
(219, 'Laxmi Traders-Godaita', NULL, 0),
(220, 'Lenisa Trade & Suppliers-Biratnagar', NULL, 0),
(221, 'Lulu Hardware-Haripur', NULL, 0),
(222, 'Maa Chameli Hardware-Salempur', NULL, 0),
(223, 'Maa Durga Hardware Suppliers-Birtamode', NULL, 0),
(224, 'Maa Durga Suppliers-Roopnagar', NULL, 0),
(225, 'Maa Jagdamba Hardware-Birganj', NULL, 0),
(226, 'Maa Jalpa Hardware -Phokarbhinda', NULL, 0),
(227, 'Maa Kali Hardware-Bode Varsine', NULL, 0),
(228, 'Maa Laxmi Enterprises-Birgunj', NULL, 0),
(229, 'Maa Laxmi Store-Kathmandu', NULL, 0),
(230, 'Maa Shanti Hardware Pasal-Mahendranagar', NULL, 0),
(231, 'Madan Traders-Kathmandu', NULL, 0),
(232, 'Madhur Trade Center-Itahari', NULL, 0),
(233, 'Madhusudhan Suppliers-Tankisinawari', NULL, 0),
(234, 'Maha Laxmi Hardware & Sisa Pasal-Itahari', NULL, 0),
(235, 'Mahato Hardware-Gaur', NULL, 0),
(236, 'Mahavir and Mahavir Suppliers-Ithari', NULL, 0),
(237, 'Mahavir Hardware Center-Biratnagar', NULL, 0),
(238, 'Mahavir Traders-Nagrain-Janakpur', NULL, 0),
(239, 'Mainali Stores-Neejgrah', NULL, 0),
(240, 'Mainali Suppliers-Hetauda', NULL, 0),
(241, 'Manakamana  Suppliers-Jiri', NULL, 0),
(242, 'Manakamana H/w.& Suppliers-Malangwa', NULL, 0),
(243, 'Mandal Hardware-Biratnagar', NULL, 0),
(244, 'Mangalnath Hardware Stores-Gaushala', NULL, 0),
(245, 'Manish Iron Stores-Khayarmara', NULL, 0),
(246, 'Manju Sri Suppliers-Rijal Chowk- Bhartpur', NULL, 0),
(247, 'Manki Steel-Bardibas', NULL, 0),
(248, 'Manoj Shah Kalwar', NULL, 0),
(249, 'Manoj Traders & Agrovet-Ramgopalpur', NULL, 0),
(250, 'Manokamana Enterprises-Trishuli', NULL, 0),
(251, 'Manokamana Hardware Stores-Kalaiya', NULL, 0),
(252, 'Manokamana Hardware-Laukahi', NULL, 0),
(253, 'Manokamna & Shrestha Hardware-Bhima', NULL, 0),
(254, 'Manokamna Enterprises-Trishuli', NULL, 0),
(255, 'Manokamna H/w.& Supp.P.Ltd.-Bardibas', NULL, 0),
(256, 'Manokamna H/w.Supp.P.Ltd.-Sindhuli', NULL, 0),
(257, 'Manokamna Hardware & Suppliers-Banepa', NULL, 0),
(258, 'Manokamna Trading Center-Kathmandu', NULL, 0),
(259, 'Manokamna Trading Centre-Sukhdev Chowk', NULL, 0),
(260, 'Margdevi Hardware-Sundarpur', NULL, 0),
(261, 'Marushin Shitaka Cons.Co.INK-Ktm.', NULL, 0),
(262, 'Maruti Trade & Suppliers-Rajbiraj', NULL, 0),
(263, 'Maruti Trade Center-Duhvi', NULL, 0),
(264, 'Masa Allah Galla Bhandar-Maheshpur', NULL, 0),
(265, 'Mata Pathibhara Traders& Supp.-Birtamode', NULL, 0),
(266, 'Mata Pathibhara Traders-Birtamode', NULL, 0),
(267, 'Maya Iron Stores-Janakpur', NULL, 0),
(268, 'Milan H/W Traders-Inaruwa', NULL, 0),
(269, 'Min Kaji Sewa Store-Gorkha', NULL, 0),
(270, 'Mohan Kapada Bastralaya-Amarpati', NULL, 0),
(271, 'Muna Iron and General Stores-Mahendranagar', NULL, 0),
(272, 'Munna Srivastav', NULL, 0),
(273, 'Murari Enterprises-Kalaiya', NULL, 0),
(274, 'Nagarjun Baisdhara J.V.-Tarkeshwar', NULL, 0),
(275, 'Narayan General Stores-Paraul', NULL, 0),
(276, 'Narayan Mishra Ji-Rautahat Mewa', NULL, 0),
(277, 'Narayani Enterprises-Birganj', NULL, 0),
(278, 'Naresh Prasad Sah-Simra', NULL, 0),
(279, 'Narsingh Hardware-Nitanpur', NULL, 0),
(280, 'National Hardware-Inaruwa', NULL, 0),
(281, 'Nav Durga Hardware Suppliers-Itahari', NULL, 0),
(282, 'Nav Durga Hardware & Suppliers-Itahri', NULL, 0),
(283, 'Navin Krishi Bhandar & Suppliers-Itahari', NULL, 0),
(284, 'Nawal Kishor Singh-Jeetpur', NULL, 0),
(285, 'Nayak Shree Enterprises-Golbazar', NULL, 0),
(286, 'Ne. Ra.Ni. Ma.Vi- Dumarbana', NULL, 0),
(287, 'Nepal Ultratech Cemen Pvt.Ltd.-Biratnagar', NULL, 0),
(288, 'New Anand Iron Stores-Janakpur', NULL, 0),
(289, 'New Bhandari Hardware Traders-Kapan', NULL, 0),
(290, 'New Dhanlaxmi Hardware-Ramdhuni Bhasi', NULL, 0),
(291, 'New Ganesh Store-Tanki Sinwari', NULL, 0),
(292, 'New Kharel Hardware-Bhandara Bazar', NULL, 0),
(293, 'New Krishna Kanhaiya Hardware-Jaleshwor', NULL, 0),
(294, 'New Laxmi Enterprises-Birganj', NULL, 0),
(295, 'New Laxmi Traders-Itahari', NULL, 0),
(296, 'New Mangaldeep H/w. & Bijuli Bhandar-Damak', NULL, 0),
(297, 'New Mankali Hardware Suppliers-Dhading', NULL, 0),
(298, 'New Manokamna Store-Biratnagar', NULL, 0),
(299, 'New Manorath Hardware-Harion', NULL, 0),
(300, 'New Model Hardware-Inaruwa', NULL, 0),
(301, 'New Pathibhara H/w.& Supp -Lakhanpur', NULL, 0),
(302, 'New Pathibhara Hardware-Kerkha', NULL, 0),
(303, 'New Priti Hardware-Bankul', NULL, 0),
(304, 'New Raj Electric & Motor Parts-Bijalpur', NULL, 0),
(305, 'New Raja Traders & Suppliers-Duhavi', NULL, 0),
(306, 'New Raju Hardware-Gaur', NULL, 0),
(307, 'New S.S Electronic & Hardware- Bijalpura', NULL, 0),
(308, 'New Sagarmatha Enterprises-Arughat Bazar', NULL, 0),
(309, 'New Trimurti Hardware-Ithari', NULL, 0),
(310, 'Nidhi Trading House-Ithari', NULL, 0),
(311, 'Nirajan Hardware Pasal-Birtamod', NULL, 0),
(312, 'Niruta Hardware-Hathuyahi', NULL, 0),
(313, 'Nishant Hardware-Pipariya', NULL, 0),
(314, 'Nishant Iron Stores-Karmahi', NULL, 0),
(315, 'Nishant Traders-Malangwa', NULL, 0),
(316, 'Nitanpur Block Udhyog-Nitanpur', NULL, 0),
(317, 'Nitesh Hardware-Inaruwa', NULL, 0),
(318, 'Nitesh Iron Store-Bharatpur', NULL, 0),
(319, 'Nitesh Trading-Dharan', NULL, 0),
(320, 'Nitisha Hardware & Electronic-Itahara', NULL, 0),
(321, 'Nuri Hardware-Malangwa', NULL, 0),
(322, 'Oasis Engineering & Builders Pvt.Ltd.-Kathmandu', NULL, 0),
(323, 'Om Budha Hardware-Paurai-Chandrapur', NULL, 0),
(324, 'Om Hardware Center-Melamchi Bazar', NULL, 0),
(325, 'Om Hardware- Mahendranagar', NULL, 0),
(326, 'Om Hardware Stores-Gaushala', NULL, 0),
(327, 'Om Hardware-Dumarbana', NULL, 0),
(328, 'Om Iron Stores-Aaurahi', NULL, 0),
(329, 'Om Kali Traders-Biratnagar', NULL, 0),
(330, 'Om Prakash Stores-Dhurmi Bazar', NULL, 0),
(331, 'Om Shanti Traders-Portaha', NULL, 0),
(332, 'Om Shashi Enterprises-Hetauda', NULL, 0),
(333, 'Om Shiv Shakti Suppliers-Bidur', NULL, 0),
(334, 'Om Sri Ganesh Traders-Birganj', NULL, 0),
(335, 'Om Sri Trade-Gachhiya Tole', NULL, 0),
(336, 'Om Suppliers-Pokhara', NULL, 0),
(337, 'Om Traders-Aurawani', NULL, 0),
(338, 'Panchkanya Concrete Premix-Kathmandu', NULL, 0),
(339, 'Pandey Hardware & Electrical Supp.-Tarhara', NULL, 0),
(340, 'Parajuli Hardware-Pokhariya-Brt.', NULL, 0),
(341, 'Pashupati Hardware&Electric-Itahari', NULL, 0),
(342, 'Pashupati Traders-Simra', NULL, 0),
(343, 'Pathak Verity Store-Dhulavari', NULL, 0),
(344, 'Pathibhara Concrete Ind. Pvt. Ltd-Gachiya', NULL, 0),
(345, 'Pathibhara H/w.Supp.(P) Ldt.-Biratbaga', NULL, 0),
(346, 'Pathibhara Hardware Centre-Beltar- Basaha', NULL, 0),
(347, 'Pathibhara Hardware International P. Ltd-Biratnagar', NULL, 0),
(348, 'Pathibhara Hardware-Belwari', NULL, 0),
(349, 'Pathibhara Suppliers-Budhabare', NULL, 0),
(350, 'Pathibhara Traders-Biratnagar', NULL, 0),
(351, 'Pawan Ajeet Hardware Stores-Janakpur', NULL, 0),
(352, 'Pawan Enterprises-Kathmandu', NULL, 0),
(353, 'Pinky General Stores-Nagrain', NULL, 0),
(354, 'Pokhrel Enterprises-Nijgarh', NULL, 0),
(355, 'Prabhu Narayan Chaudhary-Jeetpur', NULL, 0),
(356, 'Pradeep Hardware Iron Store-Laxmipur', NULL, 0),
(357, 'Pradhan Traders Stores- Vishnupur', NULL, 0),
(358, 'Prakash Hardware Store-Kanchanpur', NULL, 0),
(359, 'Pranisha Traders-Jhanatole Koshi', NULL, 0),
(360, 'Pranjal Supliers-Rampur', NULL, 0),
(361, 'Prasad Traders-Malangwa', NULL, 0),
(362, 'Prashansa Hardware & Electricals-Biratnagar', NULL, 0),
(363, 'Prashant Hardware-Kabilasi-Gair', NULL, 0),
(364, 'Prateek Store-Harinagar', NULL, 0),
(365, 'Pratistha Const.Pvt.Ltd-Kathamandu', NULL, 0),
(366, 'Pratush Traders-Biratnagar', NULL, 0),
(367, 'Pre International Pvt.Ltd.-Kathmandu', NULL, 0),
(368, 'Prince Iron Store-Pokharbhinda', NULL, 0),
(369, 'Priti Enterprises-Janakpur', NULL, 0),
(370, 'Priti Traders General Order Suppliers-Kaorena', NULL, 0),
(371, 'Puja Hardware-Gair', NULL, 0),
(372, 'Puja Soap & House Holds Products P.Ltd.Simra', NULL, 0),
(373, 'Purshottam Hardware Centre-Kathmandu', NULL, 0),
(374, 'Pushkar Enterprises-Janakpur', NULL, 0),
(375, 'Pushpa Sanatary Store-Pokhara', NULL, 0),
(376, 'R. K. Traders-Mahendranagar', NULL, 0),
(377, 'R. N. Hardware Suppliers-Mirkot- Gorkha', NULL, 0),
(378, 'R.B.Builders-Hetauda', NULL, 0),
(379, 'R.K.S.Traders-Barmajhiya', NULL, 0),
(380, 'R.N.Taders-Barhari', NULL, 0),
(381, 'R.S Suppliers & Traders-Biratnagar', NULL, 0),
(382, 'R.S Trade and Suppliers-Biratnagar', NULL, 0),
(383, 'R.T.S. Construction & Suppliers P.Ltd.Bardibas', NULL, 0),
(384, 'Radha Krishn H/w Pasal-Garamani- Birtamod', NULL, 0),
(385, 'Radha Krishna Hardware-Dhalkebar', NULL, 0),
(386, 'Radha Krishna Suppliers-Gaurdaha', NULL, 0),
(387, 'Radha Krishna Traders-Biratnagar', NULL, 0),
(388, 'Rahul Hardware-Samanpur', NULL, 0),
(389, 'Rahul Traders-Birganj', NULL, 0),
(390, 'Rahul Traders-Mahuwa', NULL, 0),
(391, 'Raj Devi Bhakta Const.P.Ltd.-Site Pipra', NULL, 0),
(392, 'Raj Enterprises-Ganjbhawanipur', NULL, 0),
(393, 'Raj Hardware-Thera Kachuri', NULL, 0),
(394, 'Raj Iron Stores-Janakpur', NULL, 0),
(395, 'Raj Traders-Garuda', NULL, 0),
(396, 'Rajendra Traders-Chaurhwa', NULL, 0),
(397, 'Rajesh Traders-Kabilashi', NULL, 0),
(398, 'Rajya Traders-Sitapur', NULL, 0),
(399, 'Rakesh Kharid Bikri Kendra-Daihpauri Bazar', NULL, 0),
(400, 'Raksha Oil Centre-Kabilashi', NULL, 0),
(401, 'Rakta Mala Hardware Center-Fatepur', NULL, 0),
(402, 'Ram Babu Chaudhary-Jeetpur', NULL, 0),
(403, 'Ram Enterprises-Gaidakota', NULL, 0),
(404, 'Ram Ji Ghimire-Jeetpur', NULL, 0),
(405, 'Ram Laxman Hardware Centre P.Ltd.-Biratnagar', NULL, 0),
(406, 'Ram Prasad Ghimire-Simra', NULL, 0),
(407, 'Ramananda Prasad Kushwaha-Birgunj', NULL, 0),
(408, 'Ramechhap Hardware Centre-Kathmandu', NULL, 0),
(409, 'Rani Traders-Bardibas', NULL, 0),
(410, 'Ranjana Traders-Haripurwa', NULL, 0),
(411, 'Ranjit H/w General Nirman Samagri-Barahathwa', NULL, 0),
(412, 'Ranvir Janhit MA.VI Waling-9 Syangja', NULL, 0),
(413, 'Rasuwa Ashraya Shah J.V.-Basundhra', NULL, 0),
(414, 'Rasuwa K.D. JV Pvt. Ltd.-Kathmandu', NULL, 0),
(415, 'Ratish General Suppliers-Hattilet', NULL, 0),
(416, 'Ravi Enterprises-Sarmujawa- Kalaiya', NULL, 0),
(417, 'Ravi Trading Concern-Janakpur', NULL, 0),
(418, 'Rawan Const.&H/w.Suppliers-Barhbise', NULL, 0),
(419, 'Renu General Stores- Dudhauli', NULL, 0),
(420, 'Riddhi Siddhi Enteprises-Hetauda', NULL, 0),
(421, 'Rojina Hardware Pasal-Baluwa', NULL, 0),
(422, 'Rojina Hardware-Fatepur', NULL, 0),
(423, 'Roshan Iron Store-Sonigama', NULL, 0),
(424, 'S. Siddhartha Hardware & Sanitary-Pokhara', NULL, 0),
(425, 'S.K. Traders-Kerkha', NULL, 0),
(426, 'S.N.Suppliers-Pokhara', NULL, 0),
(427, 'S.P. Traders-Birganj', NULL, 0),
(428, 'Sabina Suppliers-Lahan', NULL, 0),
(429, 'Sachin Hardware Centre-Kathmandu', NULL, 0),
(430, 'Sadhana & Sandhya Traders-Gadhiya', NULL, 0),
(431, 'Sagar Supplier -Damak', NULL, 0),
(432, 'Sagun Traders-Jeetpur', NULL, 0),
(433, 'Sah Dhuwani Sewa-Biratnagar', NULL, 0),
(434, 'Sahu Traders-Barahathwa', NULL, 0),
(435, 'Saipatri Hardware-Belwari', NULL, 0),
(436, 'Samar Hardware-Biratnagar', NULL, 0),
(437, 'Samir Suppliers-Kalaiya', NULL, 0),
(438, 'Samudaik Bhawan Nir.Up.Sa.-Bhodaha', NULL, 0),
(439, 'Sandeep Traders-Salakpur', NULL, 0),
(440, 'Sandhya Hardware Pasal-Bhawari Bazar', NULL, 0),
(441, 'Sanjay Hardware & Traders-Prakauli', NULL, 0),
(442, 'Sanjay Hardware-Chaulikha Bazar', NULL, 0),
(443, 'Sanjay Kharid Bikri Pasal-Sitapur', NULL, 0),
(444, 'Sanjay Sharma-Birganj', NULL, 0),
(445, 'Santosh Traders-Gaushla', NULL, 0),
(446, 'Sapt Koshi Suppliers-Sundarpur', NULL, 0),
(447, 'Saptakoshi Hardware & Traders-Inaruwa', NULL, 0),
(448, 'Saraswati Hardware Store-Jhumka', NULL, 0),
(449, 'Saraswati Hardware-Suknaha', NULL, 0),
(450, 'Sarda Devi Ghimire Prakash Mani Ghimire-Pulchouk', NULL, 0),
(451, 'Sarda Nirman Sewa-Narayanghat', NULL, 0),
(452, 'Saroj Hardware-Beltar Pushaplal Chowk', NULL, 0),
(453, 'Sarthak Impex-Birgunj', NULL, 0),
(454, 'Satyam Traders-Dhankaul', NULL, 0),
(455, 'Saurav Suppliers Hardware-Mirgauliya- Koshi', NULL, 0),
(456, 'Saurya Traders & Suppliers-Malangwa', NULL, 0),
(457, 'Shabnam General Store -Barmajhiya', NULL, 0),
(458, 'Shah Hardware Stores-Maulapur', NULL, 0),
(459, 'Shah Iron Stores-Tarapati', NULL, 0),
(460, 'Shailung Construction Co.Pvt.Ltd.-Dholahiti', NULL, 0),
(461, 'Shankar General Stores-Sarpalli', NULL, 0),
(462, 'Shankar Hardware Center-Birganj', NULL, 0),
(463, 'Shankar Ply and Hardware Pasal-Loharpatti', NULL, 0),
(464, 'Shanti Hardware-Dumarwana', NULL, 0),
(465, 'Shanti Sima Traders-Birgunj', NULL, 0),
(466, 'Shardadevi Ghimire Prakashmani Ghimire-Kathmandu', NULL, 0),
(467, 'Sharma Rasuwa JV-Tilangtar Site Dharan', NULL, 0),
(468, 'Shiv Bandhu Oil Centre-Kanakpur', NULL, 0),
(469, 'Shiv Ganga Traders-Kolhuwa', NULL, 0),
(470, 'Shiv Hardware-Bhadrapur', NULL, 0),
(471, 'Shiv Kiran Hardware Store-Sukhdev Chowk', NULL, 0),
(472, 'Shiv Kirana-Birendra Bazar', NULL, 0),
(473, 'Shiv Kripa Traders-Mirchaiya', NULL, 0),
(474, 'Shiv Nath Hardware-Farhadwa', NULL, 0),
(475, 'Shiv Shakti Enterprises-Birganj', NULL, 0),
(476, 'Shiv Shakti Iron Stores-Barahathawa', NULL, 0),
(477, 'Shiv Shakti Traders & Suppliers-Inaruwa', NULL, 0),
(478, 'Shivam Construction-Duhabi', NULL, 0),
(479, 'Shivam Hardware & Machinery-Gair', NULL, 0),
(480, 'Shivam Hardware Store-Biratnagar', NULL, 0),
(481, 'Shivam Hardware-Birganj', NULL, 0),
(482, 'Shivam Hardware-Malangwa', NULL, 0),
(483, 'Shivam Hardware-Tulsiyahi Jabdi', NULL, 0),
(484, 'Shivam Traders-Katahari', NULL, 0),
(485, 'Shobha Traders-Jetharhiya', NULL, 0),
(486, 'Shree Ram Enterprises-Gadahiya', NULL, 0),
(487, 'Shrestha Store-Neejgarh', NULL, 0),
(488, 'Shrestha Suppliers-Biratnagar', NULL, 0),
(489, 'Shristi Scrap  & Hardware-Simra', NULL, 0),
(490, 'Shubha Hardware Centre-Saghutar', NULL, 0),
(491, 'Shubha Labha Hardware & Electric Store-Biratnagar', NULL, 0),
(492, 'Shubha Laxmi Hardware-Barahathawa', NULL, 0),
(493, 'Shubha Laxmi Hardware-Gadhiaya', NULL, 0),
(494, 'Shubha Laxmi Suppliers-Itahari', NULL, 0),
(495, 'Shubha Laxmi Traders-Bhelhi', NULL, 0),
(496, 'Shubha Sri Jagdamba Trade Concern-Kalaiya', NULL, 0),
(497, 'Shubha Sri Traders-Bhawanipur', NULL, 0),
(498, 'Shubhaarambh Hardware-Kathmandu', NULL, 0),
(499, 'Shubham Suppliers-Ganj Bhawanipur', NULL, 0),
(500, 'Shyam Cement Pasal- Janakpur', NULL, 0),
(501, 'Shyam Hardware Tatha General Stores-Basantpur', NULL, 0),
(502, 'Sibbu General Stores-Dhanauji', NULL, 0),
(503, 'Siddh Bhagwati Hardware-Koshi Haraicha', NULL, 0),
(504, 'Siddhartha Hardware-Haripur', NULL, 0),
(505, 'Sikandar Hardware-Gair', NULL, 0),
(506, 'Singh Devi Suppliers-Biratnagar', NULL, 0),
(507, 'Sirohiya Construction Pvt.Ltd.-Janakpur', NULL, 0),
(508, 'Siru Construction-Maheshpur', NULL, 0),
(509, 'Sita Enterprises-Janakpur', NULL, 0),
(510, 'Sita Iron Store-Janakpur', NULL, 0),
(511, 'Sky Hardware & General Stores-Biratnagar', NULL, 0),
(512, 'Sonamai Traders & General Suppliers-Sangrampur', NULL, 0),
(513, 'Sonu Hardware-Gaushala', NULL, 0),
(514, 'Sri Bakhel Hardware & Suppliers-Manthali', NULL, 0),
(515, 'Sri Banglamukhi Suppliers-Biratnagar', NULL, 0),
(516, 'Sri Chitragupta Traders-Simrangarh', NULL, 0),
(517, 'Sri Devi Trade & Suppliers-Melanchi', NULL, 0),
(518, 'Sri Gadhimai Scrap Centre-Jeetpur Sales', NULL, 0),
(519, 'Sri Gadhimai Traders-Duhavi', NULL, 0),
(520, 'Sri Gahwamai Traders-Birganj', NULL, 0),
(521, 'Sri Ganesh Enterprises-Simraungarh', NULL, 0),
(522, 'Sri Ganpati Suppliers-Malangwa', NULL, 0),
(523, 'Sri Govind Baba Traders-Nawalpur', NULL, 0),
(524, 'Sri Hansvahani Ne.Ba.Bi.Ne.Maa-Papirya-Bara', NULL, 0),
(525, 'Sri Jai Maa Durga Gas Bikri Centre-Sisaut', NULL, 0),
(526, 'Sri Jee Traders Pvt. Ltd.-Biratnagar', NULL, 0),
(527, 'Sri Kunti Hardware-Bhamri Tole', NULL, 0),
(528, 'Sri Laxmi Hardware-Sri Nagar', NULL, 0),
(529, 'Sri Maa Durga Shakti Store-Dainiya- Itahari', NULL, 0),
(530, 'Sri Pashupati Hardware-Itahari', NULL, 0),
(531, 'Sri Radha Krishna Traders-Godaita', NULL, 0),
(532, 'Sri Ram Enterprises-Janakpur', NULL, 0),
(533, 'Sri Ram Traders-Aurahi', NULL, 0),
(534, 'Sri Ram Traders-Birganj', NULL, 0),
(535, 'Sri Shakti Enteprises-Dharan', NULL, 0),
(536, 'Srinkhala Nirman Sewa P.Ltd.-Battar- Bazar', NULL, 0),
(537, 'Star Cement Udhyog-Jeetpur', NULL, 0),
(538, 'Steel Wood Enterprises Pvt.Ltd.-Birganj', NULL, 0),
(539, 'Sudhir Enterprises-Dharapani', NULL, 0),
(540, 'Sujal Trade Concern-Barahathawa', NULL, 0),
(541, 'Sumit Traders-Godaita', NULL, 0),
(542, 'Sundar Devi Housing Co.Pvt.Ltd.-Itahari', NULL, 0),
(543, 'Sunil Hardware Stores-Ramgopalpur', NULL, 0),
(544, 'Sunil Hardware-Sonapur', NULL, 0),
(545, 'Sunrise Multiprpose Pvt.Ltd.-Hetauda', NULL, 0),
(546, 'Suraj Hardware-Salempur', NULL, 0),
(547, 'Surendra Chaurasiya-Birganj', NULL, 0),
(548, 'Suresh Hardware-Inaruwa', NULL, 0),
(549, 'Suvidha Traders-Ramnagar', NULL, 0),
(550, 'Swabhiman Plastic Ind.Pvt.Ltd.-Malangwa', NULL, 0),
(551, 'Swarna Nirman Sewa-Ramche Barahbise', NULL, 0),
(552, 'Taiyab  Hardware Pasal -Samsi', NULL, 0),
(553, 'Taj Traders-Gaushala', NULL, 0),
(554, 'TAN-ARC Construction & Consult-Birganj', NULL, 0),
(555, 'Tapeshwor Baba Store-Theliya-Simra', NULL, 0),
(556, 'Tej Trading  Enterprises- Kathmandu', NULL, 0),
(557, 'Thani B.M.J.V.-Bidur', NULL, 0),
(558, 'Thapa Bhada Pasal & Enterprises-Chautara', NULL, 0),
(559, 'Thodung Singh & Brothers Chhiring Jv-Trishuli', NULL, 0),
(560, 'Tripura Hardware Pvt.Ltd.-Kathmandu', NULL, 0),
(561, 'Tripura Mega Hardware Pvt.Ltd.-Khadichaur', NULL, 0),
(562, 'Trishakti Hardware-Biratnagar', NULL, 0),
(563, 'Trishakti Treaders & Suppliers-Bhardah', NULL, 0),
(564, 'Ujwal & Ujwali Traders-Barathwa', NULL, 0),
(565, 'Umesh Paswan -Lmalipati', NULL, 0),
(566, 'Umesh Shah Kanu', NULL, 0),
(567, 'Unisha Multi Traders-Karmaiya', NULL, 0),
(568, 'Upasana Traders & Suppliers-Biratnagar', NULL, 0),
(569, 'Vijay Enterprises-Dudhanli', NULL, 0),
(570, 'Vijay Pratap Singh-Jeetpur', NULL, 0),
(571, 'Vikash Hardware-Barathawa', NULL, 0),
(572, 'Vikash Kirana Stores-Laxminiwas', NULL, 0),
(573, 'Vikash Traders & Suppliers-Lakhanpur', NULL, 0),
(574, 'Vikram Traders-Malangwa', NULL, 0),
(575, 'Vinay Hardware-Inaruwa', NULL, 0),
(576, 'Vinay Trading & Suppliers-Birganj', NULL, 0),
(577, 'Vinod Iron Stores-Kanti Bazar', NULL, 0),
(578, 'Virat Sri Hardware-Biratnagar', NULL, 0),
(579, 'Vishal Hardware & General Suppliers-Beni', NULL, 0),
(580, 'Vishal Hardware & Suppliers-Manthali', NULL, 0),
(581, 'Vishal Hardware-Dewari- Parwaha', NULL, 0),
(582, 'Vishal Trading Suppliers-Bode-Ktm.', NULL, 0),
(583, 'Vishnu Hardware Centre-Trishuli-Bidur', NULL, 0),
(584, 'Vishnu Iron Stores-Vishnupur', NULL, 0),
(585, 'Vishnu Laxmi Hardware-Birtamode', NULL, 0),
(586, 'Vishwakarma Hardware-Dharapani', NULL, 0),
(587, 'Vivek Traders-Bhadrapur', NULL, 0),
(588, 'World Wide Construction Pvt.Ltd.Kathmandu', NULL, 0),
(589, 'World Wide Devithan JV.-Kathmandu', NULL, 0),
(590, 'Yeti Polychem Pvt.Ltd.-Sales-Hetauda', NULL, 0),
(591, 'Yogesh Traders &  Suppliers-Kanchanpur', NULL, 0),
(592, 'Yugal Traders-Bhelhi', NULL, 0),
(593, 'Om Pathibhara Hardware-Koshi Haraicha', NULL, 0),
(594, 'Karna International Pvt.Ltd.-Kathmandu', NULL, 0),
(595, 'Rajesh Metal Crafts Pvt.Ltd.-Jeetpur', NULL, 0),
(596, 'Januka Devi Nirman Sewa-Trishuli', NULL, 0),
(597, 'New Kanchan Hardware-Badharamaal', NULL, 0),
(598, 'Raj Kumar Mahato-Ramauli', NULL, 0),
(599, 'Nikita Hardware & Suppliers-Singti', NULL, 0),
(600, 'Munna Kirana & Hardware-Rajpur-Farhadwa', NULL, 0),
(601, 'New Pathibhara Iron Store-Surungabazar', NULL, 0),
(602, 'Satyam Stores-Motisar', NULL, 0),
(603, 'Maa Bhawani Hardware-Haraiya', NULL, 0),
(604, 'Janvi Traders-Birganj', NULL, 0),
(605, 'Bajrang Traders-Kalaiya', NULL, 0),
(606, 'New Sagarmatha Traders-Duhvi', NULL, 0),
(607, 'Kabahi Madhuri Kalbhat Nir.Up.Sa.Madhuri Jabdi', NULL, 0),
(608, 'Vinita Jha-Janakpur', NULL, 0),
(609, 'Sadak Nirman Upbhokta Samiti-Jitpur', NULL, 0),
(610, 'Ram Babu Patel-Jitpur', NULL, 0),
(611, 'Anand Traders-Prasauni', NULL, 0),
(612, 'Jan Mukhi Yuva Charpate Club-Dumarwana', NULL, 0),
(613, 'Shyam Sundar Gullibhar JV.-Ktm.Site Trishuli', NULL, 0),
(614, 'Maruti Cements Limited-Siraha', NULL, 0),
(615, 'Nirajan Construction-Dahiyaar', NULL, 0),
(616, 'Kalika Enterprises-Kolvi', NULL, 0),
(617, 'Shiv Mahima Iron Store-Golbazar', NULL, 0),
(618, 'Munna Construction-Kathariya', NULL, 0),
(619, 'Om Namo Narayan Laxmi Supp.-Malangwa', NULL, 0),
(620, 'Sri Chitragupta Traders-Simraungarh', NULL, 0);

-- --------------------------------------------------------

--
-- Table structure for table `tbl_payment`
--

CREATE TABLE `tbl_payment` (
  `id` int(11) NOT NULL,
  `party_id` int(11) DEFAULT NULL,
  `bank_id` int(11) DEFAULT NULL,
  `payment` float(11,2) DEFAULT NULL,
  `date_en` date DEFAULT NULL,
  `date_np` varchar(256) DEFAULT NULL,
  `assigned_party_id` int(11) DEFAULT NULL
) ENGINE=InnoDB DEFAULT CHARSET=latin1;

--
-- Dumping data for table `tbl_payment`
--

INSERT INTO `tbl_payment` (`id`, `party_id`, `bank_id`, `payment`, `date_en`, `date_np`, `assigned_party_id`) VALUES
(1, 87, 23, 50000.00, '2016-08-24', '2073-05-08', 11),
(2, 273, 23, 286500.00, '2016-08-29', '2073-05-13', 9),
(3, 94, 23, 460049.44, '2016-09-14', '2073-05-29', 50),
(4, 63, 24, 36400.00, '2016-09-15', '2073-05-30', 34),
(5, 239, 23, 130000.00, '2016-09-18', '2073-06-02', 11),
(6, 191, 25, 125000.00, '2016-09-18', '2073-06-02', 10),
(7, 91, 26, 272400.00, '2016-09-21', '2073-06-05', 11),
(8, 272, 26, 400000.00, '2016-09-23', '2073-06-07', 1),
(9, 244, 25, 30000.00, '2016-09-25', '2073-06-09', 20),
(10, 526, 25, 216533.00, '2016-09-25', '2073-06-09', 26),
(11, 406, 23, 92000.00, '2016-09-27', '2073-06-11', 93),
(12, 523, 25, 20000.00, '2016-09-30', '2073-06-14', 3),
(13, 244, 26, 100000.00, '2016-10-02', '2073-06-16', 20),
(14, 191, 25, 100000.00, '2016-10-03', '2073-06-17', 10),
(15, 119, 25, 217600.00, '2016-10-06', '2073-06-20', 11),
(16, 417, 26, 100000.00, '2016-10-06', '2073-06-20', 11),
(17, 51, 27, 560000.00, '2016-10-06', '2073-06-20', 29),
(18, 102, 25, 10000.00, '2016-10-16', '2073-06-30', 3),
(19, 449, 25, 50000.00, '2016-10-16', '2073-06-30', 3),
(20, 148, 25, 50000.00, '2016-10-16', '2073-06-30', 3),
(21, 272, 23, 100000.00, '2016-10-16', '2073-06-30', 1),
(22, 244, 26, 100000.00, '2016-10-16', '2073-06-30', 20),
(23, 516, 26, 600000.00, '2016-10-16', '2073-06-30', 1),
(24, 509, 26, 291900.00, '2016-10-17', '2073-07-01', 105),
(25, 526, 27, 200000.00, '2016-10-18', '2073-07-02', 26),
(26, 243, 27, 70000.00, '2016-10-18', '2073-07-02', 26),
(27, 540, 25, 254100.84, '2016-10-18', '2073-07-02', 11),
(28, 28, 25, 400000.00, '2016-10-19', '2073-07-03', 20),
(29, 273, 23, 557926.00, '2016-10-19', '2073-07-03', 9),
(30, 495, 28, 50000.00, '2016-10-19', '2073-07-03', 3),
(31, 315, 28, 100000.00, '2016-10-19', '2073-07-03', 3),
(32, 54, 23, 39299.93, '2016-10-20', '2073-07-04', 31),
(33, 417, 26, 150000.00, '2016-10-20', '2073-07-04', 11),
(34, 449, 28, 195000.00, '2016-10-20', '2073-07-04', 3),
(35, 592, 28, 50000.00, '2016-10-21', '2073-07-05', 3),
(36, 222, 28, 100000.00, '2016-10-21', '2073-07-05', 3),
(37, 148, 25, 50000.00, '2016-10-23', '2073-07-07', 3),
(38, 259, 23, 224000.00, '2016-10-23', '2073-07-07', 11),
(39, 409, 26, 500000.00, '2016-10-24', '2073-07-08', 20),
(40, 102, 25, 50000.00, '2016-10-24', '2073-07-08', 3),
(41, 244, 23, 70000.00, '2016-10-24', '2073-07-08', 20),
(42, 63, 23, 100000.00, '2016-10-24', '2073-07-08', 34),
(43, 259, 23, 72098.19, '2016-10-24', '2073-07-08', 11),
(44, 259, 23, 127901.81, '2016-10-24', '2073-07-08', 11),
(45, 79, 26, 500000.00, '2016-10-25', '2073-07-09', 12),
(46, 65, 26, 256198.78, '2016-10-25', '2073-07-09', 22),
(47, 91, 26, 260400.00, '2016-10-25', '2073-07-09', 11),
(48, 89, 27, 291897.97, '2016-10-26', '2073-07-10', 46),
(49, 410, 25, 16000.00, '2016-10-27', '2073-07-11', 3),
(50, 523, 25, 30000.00, '2016-10-27', '2073-07-11', 3),
(51, 449, 25, 50000.00, '2016-10-27', '2073-07-11', 3),
(52, 509, 27, 291900.00, '2016-10-27', '2073-07-11', 105),
(53, 119, 23, 50000.00, '2016-10-27', '2073-07-11', 11),
(54, 315, 28, 299900.00, '2016-10-27', '2073-07-11', 3),
(55, 495, 28, 130000.00, '2016-10-27', '2073-07-11', 3),
(56, 411, 28, 281399.00, '2016-10-28', '2073-07-12', 13),
(57, 299, 28, 204599.00, '2016-10-28', '2073-07-12', 13),
(58, 321, 27, 14002.00, '2016-10-28', '2073-07-12', 13),
(59, 8, 23, 20000.00, '2016-10-28', '2073-07-12', 1),
(60, 509, 27, 229350.00, '2016-11-03', '2073-07-18', 105),
(61, 222, 25, 30000.00, '2016-11-03', '2073-07-18', 3),
(62, 449, 25, 50000.00, '2016-11-03', '2073-07-18', 3),
(63, 592, 25, 50000.00, '2016-11-03', '2073-07-18', 3),
(64, 102, 25, 50000.00, '2016-11-03', '2073-07-18', 3),
(65, 523, 25, 20000.00, '2016-11-03', '2073-07-18', 3),
(66, 148, 25, 20000.00, '2016-11-03', '2073-07-18', 3),
(67, 222, 28, 100000.00, '2016-11-03', '2073-07-18', 3),
(68, 334, 23, 95750.00, '2016-11-03', '2073-07-18', 31),
(69, 243, 27, 60000.00, '2016-11-03', '2073-07-18', 26),
(70, 592, 25, 50000.00, '2016-11-08', '2073-07-23', 3),
(71, 148, 25, 30000.00, '2016-11-08', '2073-07-23', 3),
(72, 495, 25, 30000.00, '2016-11-08', '2073-07-23', 3),
(73, 321, 28, 256398.00, '2016-11-09', '2073-07-24', 13),
(74, 315, 28, 250000.00, '2016-11-09', '2073-07-24', 3),
(75, 334, 23, 58000.00, '2016-11-10', '2073-07-25', 31),
(76, 523, 25, 30000.00, '2016-11-10', '2073-07-25', 3),
(77, 147, 29, 200000.00, '2016-11-11', '2073-07-26', 11),
(78, 214, 25, 200000.00, '2016-11-13', '2073-07-28', 26),
(79, 371, 28, 100000.00, '2016-11-13', '2073-07-28', 3),
(80, 520, 23, 121000.40, '2016-11-13', '2073-07-28', 1),
(81, 521, 23, 95749.99, '2016-11-13', '2073-07-28', 1),
(82, 576, 23, 90750.30, '2016-11-13', '2073-07-28', 1),
(83, 183, 23, 51749.01, '2016-11-13', '2073-07-28', 1),
(84, 462, 23, 50000.00, '2016-11-13', '2073-07-28', 1),
(85, 394, 23, 55000.00, '2016-11-13', '2073-07-28', 11),
(86, 369, 23, 50000.00, '2016-11-13', '2073-07-28', 11),
(87, 91, 23, 260400.00, '2016-11-13', '2073-07-28', 11),
(88, 314, 23, 50000.00, '2016-11-13', '2073-07-28', 11),
(89, 334, 23, 64250.00, '2016-11-14', '2073-07-29', 31),
(90, 191, 25, 200000.00, '2016-11-14', '2073-07-29', 10),
(91, 222, 25, 30000.00, '2016-11-14', '2073-07-29', 3),
(92, 102, 25, 35000.00, '2016-11-14', '2073-07-29', 3),
(93, 148, 25, 20000.00, '2016-11-14', '2073-07-29', 3),
(94, 28, 25, 200000.00, '2016-11-14', '2073-07-29', 20),
(95, 449, 25, 100000.00, '2016-11-14', '2073-07-29', 3),
(96, 351, 23, 65000.00, '2016-11-14', '2073-07-29', 11),
(97, 79, 26, 300000.00, '2016-11-15', '2073-07-30', 12),
(98, 462, 23, 40750.30, '2016-11-15', '2073-07-30', 1),
(99, 344, 26, 302400.00, '2016-11-15', '2073-07-30', 81),
(100, 505, 28, 300000.00, '2016-11-15', '2073-07-30', 3),
(101, 518, 23, 65500.00, '2016-11-16', '2073-08-01', 31),
(102, 430, 28, 50000.00, '2016-11-16', '2073-08-01', 3),
(103, 371, 28, 55000.00, '2016-11-16', '2073-08-01', 3),
(104, 119, 25, 81100.00, '2016-11-16', '2073-08-01', 11),
(105, 201, 23, 60500.00, '2016-11-16', '2073-08-01', 31),
(106, 568, 27, 50000.00, '2016-11-17', '2073-08-02', 26),
(107, 315, 28, 300000.00, '2016-11-17', '2073-08-02', 3),
(108, 259, 28, 126199.03, '2016-11-18', '2073-08-03', 11),
(109, 259, 28, 73800.97, '2016-11-18', '2073-08-03', 11),
(110, 522, 28, 50000.00, '2016-11-18', '2073-08-03', 3),
(111, 33, 25, 139400.00, '2016-11-20', '2073-08-05', 3),
(112, 430, 25, 30000.00, '2016-11-20', '2073-08-05', 3),
(113, 523, 25, 30000.00, '2016-11-20', '2073-08-05', 3),
(114, 592, 25, 50000.00, '2016-11-20', '2073-08-05', 3),
(115, 533, 25, 10000.00, '2016-11-20', '2073-08-05', 3),
(116, 148, 25, 30000.00, '2016-11-20', '2073-08-05', 3),
(117, 102, 25, 30000.00, '2016-11-20', '2073-08-05', 3),
(118, 222, 25, 35000.00, '2016-11-20', '2073-08-05', 3),
(119, 8, 28, 60000.00, '2016-11-20', '2073-08-05', 1),
(120, 123, 26, 250000.00, '2016-11-20', '2073-08-05', 20),
(121, 383, 26, 250000.00, '2016-11-20', '2073-08-05', 20),
(122, 540, 25, 264373.38, '2016-11-20', '2073-08-05', 11),
(123, 294, 27, 177000.00, '2016-11-21', '2073-08-06', 31),
(124, 369, 23, 50000.00, '2016-11-21', '2073-08-06', 11),
(125, 244, 25, 30000.00, '2016-11-21', '2073-08-06', 20),
(126, 390, 26, 50000.00, '2016-11-21', '2073-08-06', 11),
(127, 263, 29, 121000.40, '2016-11-21', '2073-08-06', 14),
(128, 215, 23, 30000.00, '2016-11-22', '2073-08-07', 11),
(129, 374, 23, 25000.00, '2016-11-22', '2073-08-07', 11),
(130, 33, 25, 100000.00, '2016-11-22', '2073-08-07', 3),
(131, 14, 25, 30000.00, '2016-11-22', '2073-08-07', 3),
(132, 28, 26, 250000.00, '2016-11-22', '2073-08-07', 20),
(133, 79, 26, 300000.00, '2016-11-22', '2073-08-07', 12),
(134, 363, 28, 50000.00, '2016-11-22', '2073-08-07', 3),
(135, 526, 27, 296100.00, '2016-11-23', '2073-08-08', 26),
(136, 259, 28, 260000.00, '2016-11-23', '2073-08-08', 11),
(137, 523, 25, 20000.00, '2016-11-23', '2073-08-08', 3),
(138, 512, 25, 10000.00, '2016-11-23', '2073-08-08', 3),
(139, 410, 25, 15500.00, '2016-11-23', '2073-08-08', 3),
(140, 495, 25, 50000.00, '2016-11-23', '2073-08-08', 3),
(141, 430, 25, 10000.00, '2016-11-23', '2073-08-08', 3),
(142, 449, 25, 50000.00, '2016-11-23', '2073-08-08', 3),
(143, 296, 26, 264100.00, '2016-11-24', '2073-08-09', 81),
(144, 402, 28, 50000.00, '2016-11-24', '2073-08-09', 91),
(145, 222, 28, 130000.00, '2016-11-24', '2073-08-09', 3),
(146, 315, 28, 250000.00, '2016-11-24', '2073-08-09', 3),
(147, 395, 28, 500000.00, '2016-11-24', '2073-08-09', 45),
(148, 315, 28, 200000.00, '2016-11-24', '2073-08-09', 3),
(149, 191, 25, 100000.00, '2016-11-24', '2073-08-09', 10),
(150, 404, 23, 70000.00, '2016-11-24', '2073-08-09', 92),
(151, 50, 26, 600000.00, '2016-11-27', '2073-08-12', 20),
(152, 148, 28, 50000.00, '2016-11-27', '2073-08-12', 3),
(153, 430, 28, 135000.00, '2016-11-27', '2073-08-12', 3),
(154, 222, 25, 40000.00, '2016-11-27', '2073-08-12', 3),
(155, 102, 25, 30000.00, '2016-11-27', '2073-08-12', 3),
(156, 533, 25, 30000.00, '2016-11-27', '2073-08-12', 3),
(157, 495, 25, 30000.00, '2016-11-27', '2073-08-12', 3),
(158, 119, 25, 100000.00, '2016-11-27', '2073-08-12', 11),
(159, 243, 27, 63000.00, '2016-11-27', '2073-08-12', 26),
(160, 273, 23, 500000.00, '2016-11-27', '2073-08-12', 9),
(161, 17, 26, 199650.66, '2016-11-28', '2073-08-13', 12),
(162, 79, 26, 50349.34, '2016-11-28', '2073-08-13', 12),
(163, 414, 29, 1889994.75, '2016-11-28', '2073-08-13', 96),
(164, 363, 28, 100000.00, '2016-11-28', '2073-08-13', 3),
(165, 351, 26, 50000.00, '2016-11-29', '2073-08-14', 11),
(166, 515, 27, 50000.00, '2016-11-29', '2073-08-14', 26),
(167, 466, 27, 875700.00, '2016-11-29', '2073-08-14', 102),
(168, 559, 27, 400000.00, '2016-11-29', '2073-08-14', 49),
(169, 559, 27, 65297.16, '2016-11-29', '2073-08-14', 49),
(170, 559, 27, 232648.58, '2016-11-29', '2073-08-14', 49),
(171, 559, 27, 254100.84, '2016-11-29', '2073-08-14', 43),
(172, 559, 27, 254100.84, '2016-11-29', '2073-08-14', 23),
(173, 559, 27, 43852.58, '2016-11-29', '2073-08-14', 49),
(174, 559, 27, 600000.00, '2016-11-29', '2073-08-14', 49),
(175, 59, 23, 50000.00, '2016-11-29', '2073-08-14', 11),
(176, 104, 28, 90750.30, '2016-11-30', '2073-08-15', 1),
(177, 171, 28, 500000.00, '2016-11-30', '2073-08-15', 31),
(178, 183, 28, 39001.29, '2016-11-30', '2073-08-15', 1),
(179, 520, 28, 121000.40, '2016-11-30', '2073-08-15', 1),
(180, 521, 28, 29248.01, '2016-11-30', '2073-08-15', 1),
(181, 505, 28, 500000.00, '2016-11-30', '2073-08-15', 3),
(182, 314, 26, 50000.00, '2016-11-30', '2073-08-15', 11),
(183, 91, 26, 127050.00, '2016-11-30', '2073-08-15', 11),
(184, 147, 29, 69100.00, '2016-11-30', '2073-08-15', 11),
(185, 522, 28, 25000.00, '2016-11-30', '2073-08-15', 3),
(186, 559, 27, 50000.00, '2016-12-01', '2073-08-16', 49),
(187, 502, 26, 50000.00, '2016-12-01', '2073-08-16', 11),
(188, 351, 26, 50000.00, '2016-12-01', '2073-08-16', 11),
(189, 482, 28, 224900.00, '2016-12-01', '2073-08-16', 3),
(190, 152, 28, 1000000.00, '2016-12-01', '2073-08-16', 59),
(191, 244, 26, 50000.00, '2016-12-02', '2073-08-17', 20),
(192, 119, 29, 50000.00, '2016-12-02', '2073-08-17', 11),
(193, 449, 25, 50000.00, '2016-12-02', '2073-08-17', 3),
(194, 442, 25, 199550.00, '2016-12-02', '2073-08-17', 20),
(195, 571, 26, 296000.00, '2016-12-02', '2073-08-17', 20),
(196, 29, 26, 204000.00, '2016-12-02', '2073-08-17', 20),
(197, 102, 25, 36500.00, '2016-12-04', '2073-08-19', 3),
(198, 148, 25, 50000.00, '2016-12-04', '2073-08-19', 3),
(199, 533, 25, 30000.00, '2016-12-04', '2073-08-19', 3),
(200, 592, 25, 30000.00, '2016-12-04', '2073-08-19', 3),
(201, 383, 26, 250000.00, '2016-12-04', '2073-08-19', 20),
(202, 522, 28, 40000.00, '2016-12-04', '2073-08-19', 3),
(203, 222, 28, 150000.00, '2016-12-04', '2073-08-19', 3),
(204, 525, 28, 200000.00, '2016-12-04', '2073-08-19', 3),
(205, 273, 28, 300000.00, '2016-12-05', '2073-08-20', 9),
(206, 191, 25, 100000.00, '2016-12-06', '2073-08-21', 10),
(207, 385, 26, 50000.00, '2016-12-06', '2073-08-21', 11),
(208, 314, 26, 50000.00, '2016-12-06', '2073-08-21', 11),
(209, 315, 28, 200000.00, '2016-12-06', '2073-08-21', 3),
(210, 530, 29, 254100.84, '2016-12-07', '2073-08-22', 14),
(211, 540, 25, 140999.14, '2016-12-07', '2073-08-22', 11),
(212, 349, 26, 245700.00, '2016-12-07', '2073-08-22', 81),
(213, 417, 26, 200000.00, '2016-12-07', '2073-08-22', 11),
(214, 165, 26, 150000.00, '2016-12-07', '2073-08-22', 10),
(215, 191, 25, 170000.00, '2016-12-08', '2073-08-23', 10),
(216, 512, 25, 45000.00, '2016-12-08', '2073-08-23', 3),
(217, 512, 25, 30000.00, '2016-12-08', '2073-08-23', 3),
(218, 273, 28, 94000.00, '2016-12-08', '2073-08-23', 9),
(219, 243, 27, 100000.00, '2016-12-08', '2073-08-23', 26),
(220, 526, 27, 100000.00, '2016-12-08', '2073-08-23', 26),
(221, 526, 27, 150000.00, '2016-12-09', '2073-08-24', 26),
(222, 461, 26, 254100.00, '2016-12-11', '2073-08-26', 20),
(223, 442, 26, 514500.00, '2016-12-11', '2073-08-26', 20),
(224, 415, 26, 219650.00, '2016-12-11', '2073-08-26', 20),
(225, 533, 25, 50000.00, '2016-12-11', '2073-08-26', 3),
(226, 102, 25, 50000.00, '2016-12-11', '2073-08-26', 3),
(227, 495, 25, 50000.00, '2016-12-11', '2073-08-26', 3),
(228, 222, 28, 50000.00, '2016-12-11', '2073-08-26', 3),
(229, 523, 28, 100000.00, '2016-12-11', '2073-08-26', 3),
(230, 119, 29, 89100.00, '2016-12-11', '2073-08-26', 11),
(231, 98, 29, 1000000.00, '2016-12-11', '2073-08-26', 51),
(232, 334, 28, 210250.00, '2016-12-11', '2073-08-26', 31),
(233, 333, 27, 275100.00, '2016-12-11', '2073-08-26', 5),
(234, 515, 27, 50000.00, '2016-12-11', '2073-08-26', 26),
(235, 223, 29, 150000.00, '2016-12-11', '2073-08-26', 14),
(236, 241, 26, 229000.00, '2016-12-12', '2073-08-27', 12),
(237, 163, 28, 50000.00, '2016-12-12', '2073-08-27', 3),
(238, 190, 27, 300000.00, '2016-12-14', '2073-08-29', 5),
(239, 154, 26, 100000.00, '2016-12-14', '2073-08-29', 11),
(240, 369, 26, 50000.00, '2016-12-14', '2073-08-29', 11),
(241, 502, 26, 50000.00, '2016-12-14', '2073-08-29', 11),
(242, 52, 26, 50000.00, '2016-12-14', '2073-08-29', 11),
(243, 267, 26, 180000.00, '2016-12-14', '2073-08-29', 12),
(244, 92, 28, 192599.45, '2016-12-14', '2073-08-29', 48),
(245, 39, 28, 212649.00, '2016-12-14', '2073-08-29', 13),
(246, 321, 28, 270399.00, '2016-12-14', '2073-08-29', 13),
(247, 285, 28, 500000.00, '2016-12-14', '2073-08-29', 10),
(248, 180, 28, 200000.00, '2016-12-14', '2073-08-29', 31),
(249, 315, 28, 300000.00, '2016-12-15', '2073-08-30', 3),
(250, 449, 28, 100000.00, '2016-12-15', '2073-08-30', 3),
(251, 73, 25, 160000.00, '2016-12-15', '2073-08-30', 10),
(252, 374, 26, 50000.00, '2016-12-15', '2073-08-30', 11),
(253, 387, 27, 50000.00, '2016-12-15', '2073-08-30', 26),
(254, 259, 28, 120000.00, '2016-12-18', '2073-09-03', 11),
(255, 180, 28, 200000.00, '2016-12-18', '2073-09-03', 31),
(256, 504, 25, 20000.00, '2016-12-18', '2073-09-03', 3),
(257, 523, 25, 30000.00, '2016-12-18', '2073-09-03', 3),
(258, 14, 25, 25000.00, '2016-12-18', '2073-09-03', 3),
(259, 222, 25, 90000.00, '2016-12-18', '2073-09-03', 3),
(260, 148, 25, 75000.00, '2016-12-18', '2073-09-03', 3),
(261, 592, 25, 50000.00, '2016-12-18', '2073-09-03', 3),
(262, 495, 25, 30000.00, '2016-12-18', '2073-09-03', 3),
(263, 406, 23, 27000.00, '2016-12-18', '2073-09-03', 93),
(264, 522, 28, 25000.00, '2016-12-19', '2073-09-04', 3),
(265, 244, 25, 35000.00, '2016-12-19', '2073-09-04', 20),
(266, 426, 29, 247801.00, '2016-12-19', '2073-09-04', 60),
(267, 79, 23, 100000.00, '2016-12-19', '2073-09-04', 12),
(268, 531, 28, 100000.00, '2016-12-20', '2073-09-05', 3),
(269, 449, 28, 50000.00, '2016-12-20', '2073-09-05', 3),
(270, 273, 28, 400000.00, '2016-12-20', '2073-09-05', 9),
(271, 190, 27, 300000.00, '2016-12-20', '2073-09-05', 5),
(272, 193, 27, 131000.00, '2016-12-20', '2073-09-05', 26),
(273, 322, 25, 254100.84, '2016-12-21', '2073-09-06', 38),
(274, 322, 25, 254100.84, '2016-12-21', '2073-09-06', 40),
(275, 322, 25, 254100.84, '2016-12-21', '2073-09-06', 40),
(276, 322, 25, 254100.84, '2016-12-21', '2073-09-06', 40),
(277, 322, 25, 28199.83, '2016-12-21', '2073-09-06', 54),
(278, 322, 25, 181500.59, '2016-12-21', '2073-09-06', 54),
(279, 322, 25, 148049.09, '2016-12-21', '2073-09-06', 35),
(280, 322, 25, 127050.42, '2016-12-21', '2073-09-06', 35),
(281, 322, 25, 254100.84, '2016-12-21', '2073-09-06', 40),
(282, 322, 25, 254100.84, '2016-12-21', '2073-09-06', 43),
(283, 322, 25, 199650.66, '2016-12-21', '2073-09-06', 41),
(284, 322, 25, 254100.84, '2016-12-21', '2073-09-06', 40),
(285, 322, 25, 84599.48, '2016-12-21', '2073-09-06', 35),
(286, 322, 25, 181500.59, '2016-12-21', '2073-09-06', 35),
(287, 521, 28, 44249.70, '2016-12-21', '2073-09-06', 1),
(288, 264, 28, 100750.00, '2016-12-21', '2073-09-06', 9),
(289, 79, 23, 180000.00, '2016-12-21', '2073-09-06', 12),
(290, 576, 28, 90750.30, '2016-12-22', '2073-09-07', 1),
(291, 180, 28, 200000.00, '2016-12-22', '2073-09-07', 31),
(292, 91, 26, 121000.00, '2016-12-22', '2073-09-07', 11),
(293, 390, 26, 56000.00, '2016-12-22', '2073-09-07', 11),
(294, 314, 26, 50000.00, '2016-12-22', '2073-09-07', 11),
(295, 52, 26, 50000.00, '2016-12-22', '2073-09-07', 11),
(296, 394, 26, 113000.00, '2016-12-22', '2073-09-07', 11),
(297, 259, 28, 200000.00, '2016-12-23', '2073-09-08', 11),
(298, 430, 28, 222000.00, '2016-12-23', '2073-09-08', 3),
(299, 327, 26, 363000.00, '2016-12-23', '2073-09-08', 9),
(300, 59, 23, 50000.00, '2016-12-23', '2073-09-08', 11),
(301, 515, 27, 50000.00, '2016-12-26', '2073-09-11', 26),
(302, 526, 27, 308000.00, '2016-12-26', '2073-09-11', 26),
(303, 243, 27, 100000.00, '2016-12-26', '2073-09-11', 26),
(304, 592, 25, 50000.00, '2016-12-26', '2073-09-11', 3),
(305, 102, 25, 50000.00, '2016-12-26', '2073-09-11', 3),
(306, 28, 25, 60000.00, '2016-12-26', '2073-09-11', 20),
(307, 533, 25, 40000.00, '2016-12-26', '2073-09-11', 3),
(308, 83, 26, 100000.00, '2016-12-26', '2073-09-11', 11),
(309, 417, 26, 200000.00, '2016-12-26', '2073-09-11', 11),
(310, 426, 29, 259870.00, '2016-12-26', '2073-09-11', 60),
(311, 512, 28, 149700.00, '2016-12-26', '2073-09-11', 3),
(312, 412, 29, 235650.00, '2016-12-27', '2073-09-12', 95),
(313, 190, 27, 200000.00, '2016-12-27', '2073-09-12', 5),
(314, 218, 28, 100000.00, '2016-12-27', '2073-09-12', 31),
(315, 406, 28, 6000.00, '2016-12-27', '2073-09-12', 93),
(316, 8, 28, 50000.00, '2016-12-27', '2073-09-12', 1),
(317, 523, 28, 50000.00, '2016-12-27', '2073-09-12', 3),
(318, 540, 28, 220699.73, '2016-12-27', '2073-09-12', 11),
(319, 51, 29, 1000000.00, '2016-12-27', '2073-09-12', 29),
(320, 77, 23, 540000.00, '2016-12-27', '2073-09-12', 10),
(321, 510, 26, 50000.00, '2016-12-28', '2073-09-13', 11),
(322, 502, 26, 50000.00, '2016-12-28', '2073-09-13', 11),
(323, 539, 26, 55000.00, '2016-12-28', '2073-09-13', 11),
(324, 154, 26, 50000.00, '2016-12-28', '2073-09-13', 11),
(325, 19, 26, 53000.00, '2016-12-28', '2073-09-13', 11),
(326, 52, 26, 50000.00, '2016-12-28', '2073-09-13', 11),
(327, 424, 29, 270353.00, '2016-12-28', '2073-09-13', 60),
(328, 180, 28, 200000.00, '2016-12-28', '2073-09-13', 31),
(329, 526, 27, 100000.00, '2016-12-29', '2073-09-14', 26),
(330, 515, 27, 50000.00, '2016-12-29', '2073-09-14', 26),
(331, 410, 25, 30000.00, '2016-12-29', '2073-09-14', 3),
(332, 512, 25, 65000.00, '2016-12-29', '2073-09-14', 3),
(333, 73, 25, 50000.00, '2016-12-29', '2073-09-14', 10),
(334, 549, 25, 100000.00, '2016-12-29', '2073-09-14', 2),
(335, 383, 25, 222700.00, '2016-12-29', '2073-09-14', 20),
(336, 63, 28, 92200.00, '2016-12-29', '2073-09-14', 34),
(337, 42, 28, 3025.01, '2016-12-29', '2073-09-14', 24),
(338, 556, 28, 100000.00, '2016-12-29', '2073-09-14', 108),
(339, 125, 27, 1776590.00, '2017-01-01', '2073-09-17', 56),
(340, 264, 26, 96750.00, '2017-01-01', '2073-09-17', 9),
(341, 518, 28, 100000.00, '2017-01-01', '2073-09-17', 31),
(342, 259, 28, 200000.00, '2017-01-01', '2073-09-17', 11),
(343, 574, 28, 250000.00, '2017-01-01', '2073-09-17', 3),
(344, 449, 28, 100000.00, '2017-01-01', '2073-09-17', 3),
(345, 495, 28, 30000.00, '2017-01-01', '2073-09-17', 3),
(346, 592, 28, 50000.00, '2017-01-01', '2073-09-17', 3),
(347, 222, 28, 70000.00, '2017-01-01', '2073-09-17', 3),
(348, 363, 28, 50000.00, '2017-01-01', '2073-09-17', 3),
(349, 148, 25, 50000.00, '2017-01-01', '2073-09-17', 3),
(350, 363, 25, 80000.00, '2017-01-01', '2073-09-17', 3),
(351, 504, 25, 50000.00, '2017-01-01', '2073-09-17', 3),
(352, 531, 25, 145700.00, '2017-01-01', '2073-09-17', 3),
(353, 533, 25, 35000.00, '2017-01-01', '2073-09-17', 3),
(354, 239, 28, 117000.00, '2017-01-01', '2073-09-17', 11),
(355, 185, 28, 150000.00, '2017-01-02', '2073-09-18', 11),
(356, 521, 28, 79000.00, '2017-01-02', '2073-09-18', 1),
(357, 264, 28, 90750.00, '2017-01-02', '2073-09-18', 9),
(358, 180, 28, 100000.00, '2017-01-02', '2073-09-18', 31),
(359, 516, 28, 600000.00, '2017-01-02', '2073-09-18', 1),
(360, 201, 28, 131000.00, '2017-01-02', '2073-09-18', 31),
(361, 201, 28, 105750.00, '2017-01-02', '2073-09-18', 31),
(362, 297, 23, 350000.00, '2017-01-02', '2073-09-18', 82),
(363, 40, 27, 254100.00, '2017-01-02', '2073-09-18', 23),
(364, 40, 27, 254101.00, '2017-01-02', '2073-09-18', 23),
(365, 190, 27, 252440.00, '2017-01-03', '2073-09-19', 5),
(366, 511, 27, 59000.00, '2017-01-03', '2073-09-19', 26),
(367, 543, 26, 390000.00, '2017-01-03', '2073-09-19', 4),
(368, 59, 26, 50000.00, '2017-01-03', '2073-09-19', 11),
(369, 154, 26, 50000.00, '2017-01-03', '2073-09-19', 11),
(370, 215, 26, 65000.00, '2017-01-03', '2073-09-19', 11),
(371, 397, 28, 254100.00, '2017-01-03', '2073-09-19', 13),
(372, 395, 28, 500000.00, '2017-01-03', '2073-09-19', 45),
(373, 425, 26, 100000.00, '2017-01-04', '2073-09-20', 81),
(374, 385, 26, 50000.00, '2017-01-04', '2073-09-20', 11),
(375, 314, 26, 50000.00, '2017-01-04', '2073-09-20', 11),
(376, 19, 26, 50000.00, '2017-01-04', '2073-09-20', 11),
(377, 549, 25, 99600.00, '2017-01-04', '2073-09-20', 2),
(378, 191, 25, 100000.00, '2017-01-04', '2073-09-20', 10),
(379, 538, 23, 220649.00, '2017-01-04', '2073-09-20', 5),
(380, 79, 26, 200000.00, '2017-01-05', '2073-09-21', 12),
(381, 523, 25, 45000.00, '2017-01-05', '2073-09-21', 3),
(382, 449, 25, 70000.00, '2017-01-05', '2073-09-21', 3),
(383, 315, 28, 250000.00, '2017-01-05', '2073-09-21', 3),
(384, 410, 28, 200000.00, '2017-01-05', '2073-09-21', 3),
(385, 180, 23, 150000.00, '2017-01-06', '2073-09-22', 31),
(386, 42, 28, 6050.02, '2017-01-06', '2073-09-22', 24),
(387, 556, 28, 100000.00, '2017-01-06', '2073-09-22', 108),
(388, 479, 25, 25000.00, '2017-01-08', '2073-09-24', 3),
(389, 363, 25, 30000.00, '2017-01-08', '2073-09-24', 3),
(390, 495, 25, 50000.00, '2017-01-08', '2073-09-24', 3),
(391, 592, 25, 50000.00, '2017-01-08', '2073-09-24', 3),
(392, 371, 25, 100000.00, '2017-01-08', '2073-09-24', 3),
(393, 554, 28, 90850.30, '2017-01-08', '2073-09-24', 31),
(394, 517, 29, 296100.00, '2017-01-08', '2073-09-24', 73),
(395, 426, 29, 247801.00, '2017-01-08', '2073-09-24', 60),
(396, 504, 25, 50000.00, '2017-01-09', '2073-09-25', 3),
(397, 430, 28, 110000.00, '2017-01-09', '2073-09-25', 3),
(398, 264, 28, 90750.00, '2017-01-09', '2073-09-25', 9),
(399, 263, 23, 127050.42, '2017-01-09', '2073-09-25', 14),
(400, 102, 25, 50000.00, '2017-01-10', '2073-09-26', 3),
(401, 232, 23, 133100.44, '2017-01-10', '2073-09-26', 14),
(402, 315, 28, 500000.00, '2017-01-11', '2073-09-27', 3),
(403, 269, 23, 100000.00, '2017-01-11', '2073-09-27', 76),
(404, 387, 27, 40750.00, '2017-01-11', '2073-09-27', 26),
(405, 128, 27, 200000.00, '2017-01-12', '2073-09-28', 5),
(406, 269, 23, 150000.00, '2017-01-12', '2073-09-28', 76),
(407, 449, 28, 100000.00, '2017-01-12', '2073-09-28', 3),
(408, 502, 26, 100000.00, '2017-01-12', '2073-09-28', 11),
(409, 204, 26, 60000.00, '2017-01-12', '2073-09-28', 11),
(410, 83, 26, 50000.00, '2017-01-12', '2073-09-28', 11),
(411, 500, 26, 50000.00, '2017-01-12', '2073-09-28', 11),
(412, 191, 25, 100000.00, '2017-01-12', '2073-09-28', 10),
(413, 244, 25, 50000.00, '2017-01-12', '2073-09-28', 20),
(414, 119, 25, 10000.00, '2017-01-12', '2073-09-28', 11),
(415, 147, 25, 100000.00, '2017-01-12', '2073-09-28', 11),
(416, 410, 25, 50000.00, '2017-01-12', '2073-09-28', 3),
(417, 528, 25, 50000.00, '2017-01-12', '2073-09-28', 4),
(418, 14, 25, 30000.00, '2017-01-12', '2073-09-28', 3),
(419, 505, 28, 200000.00, '2017-01-13', '2073-09-29', 3),
(420, 180, 28, 150000.00, '2017-01-13', '2073-09-29', 31),
(421, 462, 28, 88500.00, '2017-01-13', '2073-09-29', 1),
(422, 303, 28, 100000.00, '2017-01-13', '2073-09-29', 1),
(423, 286, 26, 70500.00, '2017-01-13', '2073-09-29', 9),
(424, 151, 29, 804300.00, '2017-01-13', '2073-09-29', 60),
(425, 8, 28, 90000.00, '2017-01-15', '2073-10-02', 1),
(426, 216, 28, 24674.85, '2017-01-15', '2073-10-02', 70),
(427, 259, 28, 240000.00, '2017-01-15', '2073-10-02', 11),
(428, 182, 28, 199350.00, '2017-01-15', '2073-10-02', 13),
(429, 321, 28, 74950.00, '2017-01-15', '2073-10-02', 13),
(430, 411, 28, 225700.00, '2017-01-15', '2073-10-02', 13),
(431, 592, 28, 50000.00, '2017-01-15', '2073-10-02', 3),
(432, 495, 28, 50000.00, '2017-01-15', '2073-10-02', 3),
(433, 371, 28, 50000.00, '2017-01-15', '2073-10-02', 3),
(434, 430, 28, 175000.00, '2017-01-15', '2073-10-02', 3),
(435, 273, 28, 400000.00, '2017-01-15', '2073-10-02', 9),
(436, 334, 28, 261500.00, '2017-01-15', '2073-10-02', 31),
(437, 222, 28, 100000.00, '2017-01-15', '2073-10-02', 3),
(438, 77, 23, 310000.00, '2017-01-16', '2073-10-03', 10),
(439, 523, 25, 45000.00, '2017-01-16', '2073-10-03', 3),
(440, 148, 25, 53000.00, '2017-01-16', '2073-10-03', 3),
(441, 479, 25, 73000.00, '2017-01-16', '2073-10-03', 3),
(442, 33, 25, 100000.00, '2017-01-16', '2073-10-03', 3),
(443, 79, 26, 600000.00, '2017-01-16', '2073-10-03', 12),
(444, 383, 26, 250000.00, '2017-01-16', '2073-10-03', 20),
(445, 411, 28, 0.25, '2017-01-16', '2073-10-03', 13),
(446, 411, 28, 84599.48, '2017-01-16', '2073-10-03', 21),
(447, 411, 28, 181500.59, '2017-01-16', '2073-10-03', 21),
(448, 411, 28, 91649.44, '2017-01-16', '2073-10-03', 21),
(449, 411, 28, 121000.40, '2017-01-16', '2073-10-03', 21),
(450, 411, 28, 21249.83, '2017-01-16', '2073-10-03', 21),
(451, 225, 28, 50000.00, '2017-01-16', '2073-10-03', 1),
(452, 255, 29, 264100.22, '2017-01-16', '2073-10-03', 73),
(453, 257, 29, 180600.84, '2017-01-16', '2073-10-03', 73),
(454, 102, 25, 41700.00, '2017-01-17', '2073-10-04', 3),
(455, 191, 25, 90000.00, '2017-01-17', '2073-10-04', 10),
(456, 137, 26, 254100.00, '2017-01-17', '2073-10-04', 20),
(457, 326, 26, 296098.19, '2017-01-17', '2073-10-04', 4),
(458, 326, 26, 140999.14, '2017-01-17', '2073-10-04', 4),
(459, 326, 26, 84700.28, '2017-01-17', '2073-10-04', 4),
(460, 326, 26, 128202.39, '2017-01-17', '2073-10-04', 4),
(461, 50, 26, 222300.00, '2017-01-17', '2073-10-04', 20),
(462, 123, 26, 41000.00, '2017-01-17', '2073-10-04', 20),
(463, 185, 28, 100000.00, '2017-01-17', '2073-10-04', 11),
(464, 517, 29, 296100.00, '2017-01-17', '2073-10-04', 73),
(465, 367, 29, 200000.00, '2017-01-17', '2073-10-04', 87),
(466, 394, 26, 70000.00, '2017-01-17', '2073-10-04', 11),
(467, 19, 26, 77000.00, '2017-01-18', '2073-10-05', 11),
(468, 502, 26, 50000.00, '2017-01-18', '2073-10-05', 11),
(469, 314, 26, 50000.00, '2017-01-18', '2073-10-05', 11),
(470, 91, 26, 199650.00, '2017-01-18', '2073-10-05', 11),
(471, 570, 28, 77549.53, '2017-01-18', '2073-10-05', 113),
(472, 488, 29, 133100.00, '2017-01-18', '2073-10-05', 14),
(473, 544, 29, 127050.00, '2017-01-18', '2073-10-05', 14),
(474, 223, 29, 125100.00, '2017-01-18', '2073-10-05', 14),
(475, 162, 29, 121000.00, '2017-01-18', '2073-10-05', 14),
(476, 36, 29, 300000.00, '2017-01-18', '2073-10-05', 14),
(477, 202, 29, 300000.00, '2017-01-18', '2073-10-05', 14),
(478, 426, 29, 247801.00, '2017-01-18', '2073-10-05', 60),
(479, 526, 27, 300000.00, '2017-01-18', '2073-10-05', 26),
(480, 89, 27, 291897.97, '2017-01-19', '2073-10-06', 46),
(481, 383, 26, 200000.00, '2017-01-19', '2073-10-06', 20),
(482, 241, 23, 150000.00, '2017-01-19', '2073-10-06', 12),
(483, 53, 27, 199650.00, '2017-01-20', '2073-10-07', 30),
(484, 505, 28, 500000.00, '2017-01-20', '2073-10-07', 3),
(485, 526, 27, 210000.00, '2017-01-22', '2073-10-09', 26),
(486, 480, 27, 40000.00, '2017-01-22', '2073-10-09', 26),
(487, 475, 23, 60500.20, '2017-01-22', '2073-10-09', 1),
(488, 8, 23, 44500.00, '2017-01-22', '2073-10-09', 1),
(489, 516, 23, 500000.00, '2017-01-22', '2073-10-09', 1),
(490, 259, 28, 165000.00, '2017-01-22', '2073-10-09', 11),
(491, 449, 25, 85000.00, '2017-01-22', '2073-10-09', 3),
(492, 222, 25, 45000.00, '2017-01-22', '2073-10-09', 3),
(493, 512, 25, 50000.00, '2017-01-22', '2073-10-09', 3),
(494, 504, 25, 45000.00, '2017-01-22', '2073-10-09', 3),
(495, 244, 25, 50000.00, '2017-01-22', '2073-10-09', 20),
(496, 119, 25, 50000.00, '2017-01-22', '2073-10-09', 11),
(497, 410, 25, 35000.00, '2017-01-22', '2073-10-09', 3),
(498, 482, 25, 100000.00, '2017-01-22', '2073-10-09', 3),
(499, 33, 25, 100000.00, '2017-01-22', '2073-10-09', 3),
(500, 525, 25, 100000.00, '2017-01-22', '2073-10-09', 3),
(501, 430, 25, 34000.00, '2017-01-22', '2073-10-09', 3),
(502, 592, 25, 50000.00, '2017-01-22', '2073-10-09', 3),
(503, 495, 25, 50000.00, '2017-01-22', '2073-10-09', 3),
(504, 128, 27, 200000.00, '2017-01-22', '2073-10-09', 5),
(505, 366, 27, 80000.00, '2017-01-23', '2073-10-10', 26),
(506, 33, 25, 39400.00, '2017-01-23', '2073-10-10', 3),
(507, 217, 29, 254100.84, '2017-01-23', '2073-10-10', 71),
(508, 321, 28, 500000.00, '2017-01-23', '2073-10-10', 13),
(509, 104, 28, 88500.00, '2017-01-23', '2073-10-10', 1),
(510, 546, 28, 50000.00, '2017-01-23', '2073-10-10', 3),
(511, 315, 28, 400000.00, '2017-01-23', '2073-10-10', 3),
(512, 409, 26, 3000.00, '2017-01-23', '2073-10-10', 20),
(513, 409, 26, 725000.00, '2017-01-23', '2073-10-10', 20),
(514, 79, 26, 316000.00, '2017-01-23', '2073-10-10', 12),
(515, 284, 23, 60000.00, '2017-01-23', '2073-10-10', 79),
(516, 193, 27, 53600.00, '2017-01-24', '2073-10-11', 26),
(517, 515, 27, 50000.00, '2017-01-24', '2073-10-11', 26),
(518, 526, 27, 24216.14, '2017-01-24', '2073-10-11', 26),
(519, 526, 27, 100813.86, '2017-01-24', '2073-10-11', 26),
(520, 214, 27, 127050.00, '2017-01-24', '2073-10-11', 26),
(521, 244, 25, 10000.00, '2017-01-24', '2073-10-11', 20),
(522, 244, 25, 40000.00, '2017-01-24', '2073-10-11', 20),
(523, 71, 29, 508201.69, '2017-01-24', '2073-10-11', 37),
(524, 424, 29, 250000.00, '2017-01-24', '2073-10-11', 60),
(525, 417, 28, 200000.00, '2017-01-24', '2073-10-11', 11),
(526, 201, 28, 200000.00, '2017-01-24', '2073-10-11', 31),
(527, 11, 28, 208500.00, '2017-01-24', '2073-10-11', 8),
(528, 264, 26, 90750.00, '2017-01-24', '2073-10-11', 9),
(529, 326, 26, 104446.19, '2017-01-24', '2073-10-11', 4),
(530, 326, 26, 296098.19, '2017-01-24', '2073-10-11', 4),
(531, 326, 26, 99455.62, '2017-01-24', '2073-10-11', 4),
(532, 293, 26, 500000.00, '2017-01-24', '2073-10-11', 4),
(533, 273, 26, 100000.00, '2017-01-24', '2073-10-11', 9),
(534, 284, 23, 17399.80, '2017-01-24', '2073-10-11', 79),
(535, 243, 27, 50000.00, '2017-01-25', '2073-10-12', 26),
(536, 502, 26, 100000.00, '2017-01-25', '2073-10-12', 11),
(537, 328, 26, 75000.00, '2017-01-25', '2073-10-12', 11),
(538, 204, 26, 50000.00, '2017-01-25', '2073-10-12', 11),
(539, 390, 26, 50000.00, '2017-01-25', '2073-10-12', 11),
(540, 539, 26, 50000.00, '2017-01-25', '2073-10-12', 11),
(541, 154, 26, 50000.00, '2017-01-25', '2073-10-12', 11),
(542, 385, 26, 50000.00, '2017-01-25', '2073-10-12', 11),
(543, 523, 28, 50000.00, '2017-01-25', '2073-10-12', 3),
(544, 119, 28, 37000.00, '2017-01-25', '2073-10-12', 11),
(545, 259, 28, 500000.00, '2017-01-25', '2073-10-12', 11),
(546, 549, 25, 75000.00, '2017-01-26', '2073-10-13', 2),
(547, 165, 25, 200000.00, '2017-01-26', '2073-10-13', 10),
(548, 240, 28, 100000.00, '2017-01-26', '2073-10-13', 15),
(549, 518, 28, 21000.29, '2017-01-26', '2073-10-13', 31),
(550, 449, 28, 62000.00, '2017-01-26', '2073-10-13', 3),
(551, 495, 28, 100000.00, '2017-01-26', '2073-10-13', 3),
(552, 148, 28, 100000.00, '2017-01-26', '2073-10-13', 3),
(553, 410, 28, 47000.00, '2017-01-26', '2073-10-13', 3),
(554, 528, 28, 75000.00, '2017-01-26', '2073-10-13', 4),
(555, 80, 28, 100000.00, '2017-01-26', '2073-10-13', 3),
(556, 180, 28, 100000.00, '2017-01-26', '2073-10-13', 31),
(557, 191, 25, 80000.00, '2017-01-27', '2073-10-14', 10),
(558, 141, 28, 100000.00, '2017-01-27', '2073-10-14', 11),
(559, 371, 28, 150000.00, '2017-01-27', '2073-10-14', 3),
(560, 222, 28, 80000.00, '2017-01-27', '2073-10-14', 3),
(561, 259, 28, 400000.00, '2017-01-27', '2073-10-14', 11),
(562, 430, 28, 161000.00, '2017-01-27', '2073-10-14', 3),
(563, 509, 26, 524546.75, '2017-01-27', '2073-10-14', 105),
(564, 98, 27, 500000.00, '2017-01-30', '2073-10-17', 51),
(565, 153, 26, 242000.00, '2017-01-30', '2073-10-17', 9),
(566, 251, 26, 151250.00, '2017-01-30', '2073-10-17', 9),
(567, 499, 26, 206499.00, '2017-01-30', '2073-10-17', 9),
(568, 294, 28, 100000.00, '2017-01-30', '2073-10-17', 31),
(569, 180, 28, 150000.00, '2017-01-30', '2073-10-17', 31),
(570, 363, 25, 50000.00, '2017-01-30', '2073-10-17', 3),
(571, 147, 25, 100000.00, '2017-01-30', '2073-10-17', 11),
(572, 33, 25, 50000.00, '2017-01-30', '2073-10-17', 3),
(573, 523, 25, 50000.00, '2017-01-30', '2073-10-17', 3),
(574, 525, 25, 70000.00, '2017-01-30', '2073-10-17', 3),
(575, 241, 23, 200000.00, '2017-01-30', '2073-10-17', 12),
(576, 511, 30, 181500.00, '2017-01-30', '2073-10-17', 26),
(577, 351, 26, 100000.00, '2017-01-31', '2073-10-18', 11),
(578, 374, 26, 60000.00, '2017-01-31', '2073-10-18', 11),
(579, 394, 26, 50000.00, '2017-01-31', '2073-10-18', 11),
(580, 522, 28, 20000.00, '2017-01-31', '2073-10-18', 3),
(581, 240, 28, 150000.00, '2017-01-31', '2073-10-18', 15),
(582, 420, 28, 1000000.00, '2017-01-31', '2073-10-18', 15),
(583, 395, 28, 500000.00, '2017-01-31', '2073-10-18', 45),
(584, 264, 28, 90750.00, '2017-01-31', '2073-10-18', 9),
(585, 218, 28, 100000.00, '2017-01-31', '2073-10-18', 31),
(586, 342, 28, 121000.00, '2017-01-31', '2073-10-18', 31),
(587, 540, 28, 284098.94, '2017-01-31', '2073-10-18', 11),
(588, 421, 23, 300000.00, '2017-01-31', '2073-10-18', 10),
(589, 526, 30, 195284.33, '2017-01-31', '2073-10-18', 26),
(590, 526, 30, 70499.57, '2017-01-31', '2073-10-18', 26),
(591, 526, 30, 34216.10, '2017-01-31', '2073-10-18', 26),
(592, 171, 32, 1000000.00, '2017-01-31', '2073-10-18', 31),
(593, 257, 29, 275099.53, '2017-01-31', '2073-10-18', 73),
(594, 411, 29, 500000.00, '2017-01-31', '2073-10-18', 21),
(595, 36, 29, 250000.00, '2017-01-31', '2073-10-18', 14),
(596, 202, 29, 250000.00, '2017-01-31', '2073-10-18', 14),
(597, 128, 27, 300000.00, '2017-01-31', '2073-10-18', 5),
(598, 10, 27, 239698.00, '2017-02-01', '2073-10-19', 7),
(599, 351, 26, 50000.00, '2017-02-01', '2073-10-19', 11),
(600, 83, 26, 49650.00, '2017-02-01', '2073-10-19', 11),
(601, 19, 26, 52650.00, '2017-02-01', '2073-10-19', 11),
(602, 52, 26, 49650.00, '2017-02-01', '2073-10-19', 11),
(603, 59, 26, 30450.00, '2017-02-01', '2073-10-19', 11),
(604, 137, 26, 254100.00, '2017-02-01', '2073-10-19', 20),
(605, 513, 26, 264100.00, '2017-02-01', '2073-10-19', 20),
(606, 247, 26, 400000.00, '2017-02-01', '2073-10-19', 4),
(607, 62, 26, 400000.00, '2017-02-01', '2073-10-19', 4),
(608, 315, 28, 325000.00, '2017-02-01', '2073-10-19', 3),
(609, 521, 28, 204000.00, '2017-02-01', '2073-10-19', 1),
(610, 79, 26, 200000.00, '2017-02-02', '2073-10-20', 12),
(611, 73, 25, 100000.00, '2017-02-02', '2073-10-20', 10),
(612, 3, 28, 100000.00, '2017-02-02', '2073-10-20', 3),
(613, 389, 28, 121000.40, '2017-02-02', '2073-10-20', 1),
(614, 47, 28, 17624.89, '2017-02-02', '2073-10-20', 28),
(615, 490, 27, 300000.00, '2017-02-05', '2073-10-23', 5),
(616, 9, 27, 300000.00, '2017-02-05', '2073-10-23', 5),
(617, 297, 23, 400000.00, '2017-02-05', '2073-10-23', 82),
(618, 244, 25, 50000.00, '2017-02-05', '2073-10-23', 20),
(619, 410, 25, 35000.00, '2017-02-05', '2073-10-23', 3),
(620, 512, 25, 47000.00, '2017-02-05', '2073-10-23', 3),
(621, 73, 25, 70000.00, '2017-02-05', '2073-10-23', 10),
(622, 152, 28, 1000000.00, '2017-02-05', '2073-10-23', 59),
(623, 592, 28, 50000.00, '2017-02-05', '2073-10-23', 3),
(624, 495, 28, 50000.00, '2017-02-05', '2073-10-23', 3),
(625, 163, 28, 100000.00, '2017-02-05', '2073-10-23', 3),
(626, 222, 28, 85000.00, '2017-02-05', '2073-10-23', 3),
(627, 430, 28, 50000.00, '2017-02-05', '2073-10-23', 3),
(628, 371, 28, 70000.00, '2017-02-05', '2073-10-23', 3),
(629, 525, 28, 35000.00, '2017-02-05', '2073-10-23', 3),
(630, 102, 28, 40000.00, '2017-02-05', '2073-10-23', 3),
(631, 273, 28, 115000.00, '2017-02-05', '2073-10-23', 9),
(632, 505, 28, 400000.00, '2017-02-05', '2073-10-23', 3),
(633, 540, 28, 81675.27, '2017-02-05', '2073-10-23', 11),
(634, 303, 28, 202501.00, '2017-02-05', '2073-10-23', 1),
(635, 67, 30, 100000.00, '2017-02-05', '2073-10-23', 26),
(636, 180, 23, 150000.00, '2017-02-06', '2073-10-24', 31),
(637, 383, 25, 200000.00, '2017-02-06', '2073-10-24', 20),
(638, 579, 29, 500000.00, '2017-02-06', '2073-10-24', 60),
(639, 264, 28, 90750.00, '2017-02-06', '2073-10-24', 9),
(640, 471, 28, 232000.00, '2017-02-06', '2073-10-24', 11),
(641, 515, 30, 75000.00, '2017-02-06', '2073-10-24', 26),
(642, 348, 30, 100000.00, '2017-02-06', '2073-10-24', 26),
(643, 523, 25, 50000.00, '2017-02-06', '2073-10-24', 3),
(644, 128, 27, 242700.00, '2017-02-07', '2073-10-25', 5),
(645, 387, 30, 50000.00, '2017-02-07', '2073-10-25', 26),
(646, 426, 29, 247801.00, '2017-02-07', '2073-10-25', 60),
(647, 449, 28, 160000.00, '2017-02-07', '2073-10-25', 3),
(648, 148, 28, 34500.00, '2017-02-07', '2073-10-25', 3),
(649, 410, 28, 50000.00, '2017-02-07', '2073-10-25', 3),
(650, 395, 28, 300000.00, '2017-02-07', '2073-10-25', 45),
(651, 576, 28, 90750.30, '2017-02-07', '2073-10-25', 1),
(652, 273, 28, 500000.00, '2017-02-07', '2073-10-25', 9),
(653, 105, 28, 150000.00, '2017-02-07', '2073-10-25', 11),
(654, 230, 28, 127050.00, '2017-02-07', '2073-10-25', 11),
(655, 376, 28, 127050.00, '2017-02-07', '2073-10-25', 11),
(656, 586, 26, 50000.00, '2017-02-07', '2073-10-25', 11),
(657, 55, 26, 100000.00, '2017-02-07', '2073-10-25', 11),
(658, 441, 26, 150000.00, '2017-02-07', '2073-10-25', 11),
(659, 583, 27, 275100.00, '2017-02-08', '2073-10-26', 5),
(660, 244, 25, 40000.00, '2017-02-08', '2073-10-26', 20),
(661, 14, 25, 20000.00, '2017-02-08', '2073-10-26', 3),
(662, 119, 25, 30000.00, '2017-02-08', '2073-10-26', 11),
(663, 315, 28, 250000.00, '2017-02-08', '2073-10-26', 3),
(664, 474, 28, 75000.00, '2017-02-08', '2073-10-26', 3),
(665, 369, 26, 49650.00, '2017-02-08', '2073-10-26', 11),
(666, 328, 26, 50000.00, '2017-02-08', '2073-10-26', 11),
(667, 502, 26, 50000.00, '2017-02-08', '2073-10-26', 11),
(668, 19, 26, 50000.00, '2017-02-08', '2073-10-26', 11),
(669, 204, 26, 60000.00, '2017-02-08', '2073-10-26', 11),
(670, 390, 26, 50000.00, '2017-02-08', '2073-10-26', 11),
(671, 314, 26, 60000.00, '2017-02-08', '2073-10-26', 11),
(672, 9, 27, 300000.00, '2017-02-09', '2073-10-27', 5),
(673, 528, 25, 100000.00, '2017-02-09', '2073-10-27', 4),
(674, 375, 29, 300000.00, '2017-02-09', '2073-10-27', 60),
(675, 454, 29, 214650.00, '2017-02-09', '2073-10-27', 21),
(676, 373, 32, 250000.00, '2017-02-09', '2073-10-27', 89),
(677, 214, 30, 100000.00, '2017-02-09', '2073-10-27', 26),
(678, 526, 30, 368000.00, '2017-02-09', '2073-10-27', 26),
(679, 543, 26, 200000.00, '2017-02-09', '2073-10-27', 4),
(680, 380, 26, 200000.00, '2017-02-09', '2073-10-27', 4),
(681, 577, 26, 200000.00, '2017-02-09', '2073-10-27', 4),
(682, 29, 26, 599.04, '2017-02-09', '2073-10-27', 20),
(683, 29, 26, 159115.53, '2017-02-09', '2073-10-27', 4),
(684, 29, 26, 40285.43, '2017-02-09', '2073-10-27', 4),
(685, 200, 26, 200000.00, '2017-02-09', '2073-10-27', 4),
(686, 100, 26, 500000.00, '2017-02-09', '2073-10-27', 52),
(687, 4, 26, 550200.00, '2017-02-09', '2073-10-27', 4),
(688, 523, 25, 50000.00, '2017-02-10', '2073-10-28', 3),
(689, 202, 28, 200000.00, '2017-02-10', '2073-10-28', 14),
(690, 36, 28, 300000.00, '2017-02-10', '2073-10-28', 14),
(691, 522, 28, 25000.00, '2017-02-10', '2073-10-28', 3),
(692, 185, 25, 40000.00, '2017-02-11', '2073-10-29', 11),
(693, 495, 25, 50000.00, '2017-02-12', '2073-11-01', 3),
(694, 592, 25, 50000.00, '2017-02-12', '2073-11-01', 3),
(695, 222, 25, 150000.00, '2017-02-12', '2073-11-01', 3),
(696, 525, 25, 30000.00, '2017-02-12', '2073-11-01', 3),
(697, 102, 25, 25000.00, '2017-02-12', '2073-11-01', 3),
(698, 471, 28, 254000.00, '2017-02-12', '2073-11-01', 11),
(699, 152, 28, 1000000.00, '2017-02-12', '2073-11-01', 59),
(700, 505, 28, 500000.00, '2017-02-12', '2073-11-01', 3),
(701, 526, 30, 195000.00, '2017-02-12', '2073-11-01', 26),
(702, 558, 29, 275100.00, '2017-02-12', '2073-11-01', 73),
(703, 361, 29, 232650.00, '2017-02-12', '2073-11-01', 21),
(704, 128, 27, 250000.00, '2017-02-13', '2073-11-02', 5),
(705, 77, 23, 300000.00, '2017-02-13', '2073-11-02', 10),
(706, 191, 25, 100000.00, '2017-02-13', '2073-11-02', 10),
(707, 383, 25, 190000.00, '2017-02-13', '2073-11-02', 20),
(708, 222, 28, 50000.00, '2017-02-13', '2073-11-02', 3),
(709, 148, 28, 50000.00, '2017-02-13', '2073-11-02', 3),
(710, 185, 28, 200000.00, '2017-02-13', '2073-11-02', 11),
(711, 79, 32, 200000.00, '2017-02-13', '2073-11-02', 12),
(712, 373, 32, 300000.00, '2017-02-13', '2073-11-02', 89),
(713, 243, 30, 50000.00, '2017-02-13', '2073-11-02', 26),
(714, 193, 30, 88700.00, '2017-02-13', '2073-11-02', 26),
(715, 526, 30, 200000.00, '2017-02-13', '2073-11-02', 26),
(716, 424, 29, 250000.00, '2017-02-13', '2073-11-02', 60),
(717, 375, 29, 500000.00, '2017-02-13', '2073-11-02', 60),
(718, 490, 27, 150000.00, '2017-02-14', '2073-11-03', 5),
(719, 89, 27, 291897.97, '2017-02-14', '2073-11-03', 46),
(720, 297, 23, 500000.00, '2017-02-14', '2073-11-03', 82),
(721, 28, 25, 200000.00, '2017-02-14', '2073-11-03', 20),
(722, 528, 25, 41100.08, '2017-02-14', '2073-11-03', 4),
(723, 528, 25, 8899.92, '2017-02-14', '2073-11-03', 3),
(724, 244, 25, 37750.00, '2017-02-14', '2073-11-03', 20),
(725, 163, 28, 100000.00, '2017-02-14', '2073-11-03', 3),
(726, 395, 28, 200000.00, '2017-02-14', '2073-11-03', 45),
(727, 180, 28, 400000.00, '2017-02-14', '2073-11-03', 31),
(728, 232, 29, 381151.25, '2017-02-14', '2073-11-03', 14),
(729, 91, 26, 232650.00, '2017-02-15', '2073-11-04', 11),
(730, 394, 26, 100000.00, '2017-02-15', '2073-11-04', 11),
(731, 351, 26, 84302.00, '2017-02-15', '2073-11-04', 11),
(732, 510, 26, 55000.00, '2017-02-15', '2073-11-04', 11),
(733, 19, 26, 50000.00, '2017-02-15', '2073-11-04', 11),
(734, 154, 26, 50000.00, '2017-02-15', '2073-11-04', 11),
(735, 215, 26, 42550.00, '2017-02-15', '2073-11-04', 11),
(736, 117, 28, 126000.00, '2017-02-15', '2073-11-04', 11),
(737, 218, 28, 100000.00, '2017-02-15', '2073-11-04', 31),
(738, 373, 32, 250000.00, '2017-02-15', '2073-11-04', 89),
(739, 241, 32, 133045.66, '2017-02-15', '2073-11-04', 12),
(740, 267, 32, 42699.35, '2017-02-15', '2073-11-04', 12),
(741, 44, 30, 100000.00, '2017-02-15', '2073-11-04', 26),
(742, 417, 30, 200000.00, '2017-02-15', '2073-11-04', 11),
(743, 214, 30, 150000.00, '2017-02-15', '2073-11-04', 26),
(744, 526, 30, 100000.00, '2017-02-15', '2073-11-04', 26),
(745, 551, 29, 508200.00, '2017-02-15', '2073-11-04', 73),
(746, 23, 29, 254100.00, '2017-02-15', '2073-11-04', 17),
(747, 23, 29, 508201.00, '2017-02-15', '2073-11-04', 17),
(748, 23, 29, 762302.00, '2017-02-15', '2073-11-04', 17),
(749, 23, 29, 762302.00, '2017-02-15', '2073-11-04', 17),
(750, 23, 29, 508201.00, '2017-02-15', '2073-11-04', 17),
(751, 367, 29, 200000.00, '2017-02-15', '2073-11-04', 87),
(752, 222, 31, 50000.00, '2017-02-15', '2073-11-04', 3),
(753, 546, 31, 50000.00, '2017-02-15', '2073-11-04', 3),
(754, 128, 27, 250000.00, '2017-02-16', '2073-11-05', 5),
(755, 429, 27, 243600.00, '2017-02-16', '2073-11-05', 42),
(756, 71, 29, 254100.84, '2017-02-16', '2073-11-05', 37),
(757, 23, 29, 762302.00, '2017-02-16', '2073-11-05', 17),
(758, 8, 28, 108557.00, '2017-02-16', '2073-11-05', 1),
(759, 212, 28, 91443.00, '2017-02-16', '2073-11-05', 1),
(760, 592, 28, 45000.00, '2017-02-16', '2073-11-05', 3),
(761, 495, 28, 200000.00, '2017-02-16', '2073-11-05', 3),
(762, 410, 28, 40000.00, '2017-02-16', '2073-11-05', 3),
(763, 211, 28, 50000.00, '2017-02-16', '2073-11-05', 3),
(764, 264, 28, 121000.00, '2017-02-16', '2073-11-05', 9),
(765, 538, 28, 202500.00, '2017-02-16', '2073-11-05', 5),
(766, 4, 31, 200000.00, '2017-02-16', '2073-11-05', 4),
(767, 29, 31, 100000.00, '2017-02-16', '2073-11-05', 4),
(768, 577, 31, 200000.00, '2017-02-16', '2073-11-05', 4),
(769, 307, 31, 100000.00, '2017-02-16', '2073-11-05', 4),
(770, 326, 31, 200000.00, '2017-02-16', '2073-11-05', 4),
(771, 528, 31, 200000.00, '2017-02-16', '2073-11-05', 3),
(772, 542, 23, 250000.00, '2017-02-17', '2073-11-06', 2),
(773, 507, 26, 254100.00, '2017-02-17', '2073-11-06', 20),
(774, 50, 26, 140000.00, '2017-02-17', '2073-11-06', 20),
(775, 526, 30, 100000.00, '2017-02-17', '2073-11-06', 26),
(776, 79, 32, 150000.00, '2017-02-17', '2073-11-06', 12),
(777, 373, 32, 250000.00, '2017-02-17', '2073-11-06', 89),
(778, 363, 28, 50000.00, '2017-02-17', '2073-11-06', 3),
(779, 363, 28, 110000.00, '2017-02-17', '2073-11-06', 3),
(780, 522, 28, 25000.00, '2017-02-17', '2073-11-06', 3),
(781, 479, 31, 50000.00, '2017-02-17', '2073-11-06', 3),
(782, 411, 29, 300000.00, '2017-02-17', '2073-11-06', 21),
(783, 24, 23, 75000.00, '2017-02-19', '2073-11-08', 2),
(784, 402, 28, 14199.82, '2017-02-19', '2073-11-08', 91),
(785, 485, 28, 264000.00, '2017-02-19', '2073-11-08', 11),
(786, 117, 28, 128000.00, '2017-02-19', '2073-11-08', 11),
(787, 315, 28, 500000.00, '2017-02-19', '2073-11-08', 3),
(788, 526, 30, 120000.00, '2017-02-19', '2073-11-08', 26),
(789, 364, 30, 100000.00, '2017-02-19', '2073-11-08', 26),
(790, 403, 29, 296000.00, '2017-02-19', '2073-11-08', 85),
(791, 466, 27, 291600.00, '2017-02-19', '2073-11-08', 102),
(792, 549, 23, 200000.00, '2017-02-20', '2073-11-09', 2),
(793, 410, 28, 50000.00, '2017-02-20', '2073-11-09', 3),
(794, 525, 28, 25000.00, '2017-02-20', '2073-11-09', 3),
(795, 148, 28, 100000.00, '2017-02-20', '2073-11-09', 3),
(796, 201, 28, 200000.00, '2017-02-20', '2073-11-09', 31),
(797, 152, 28, 1500000.00, '2017-02-20', '2073-11-09', 59),
(798, 221, 28, 209450.00, '2017-02-20', '2073-11-09', 21),
(799, 79, 32, 200000.00, '2017-02-20', '2073-11-09', 12),
(800, 526, 30, 100000.00, '2017-02-20', '2073-11-09', 26),
(801, 387, 30, 40750.00, '2017-02-20', '2073-11-09', 26),
(802, 243, 30, 50000.00, '2017-02-20', '2073-11-09', 26),
(803, 509, 26, 465000.00, '2017-02-20', '2073-11-09', 105),
(804, 139, 23, 254100.84, '2017-02-21', '2073-11-10', 2),
(805, 189, 23, 192000.00, '2017-02-21', '2073-11-10', 5),
(806, 512, 25, 30000.00, '2017-02-21', '2073-11-10', 3),
(807, 592, 25, 50000.00, '2017-02-21', '2073-11-10', 3),
(808, 102, 25, 30000.00, '2017-02-21', '2073-11-10', 3),
(809, 430, 25, 50000.00, '2017-02-21', '2073-11-10', 3),
(810, 222, 25, 80000.00, '2017-02-21', '2073-11-10', 3),
(811, 528, 25, 45000.00, '2017-02-21', '2073-11-10', 3),
(812, 449, 25, 100000.00, '2017-02-21', '2073-11-10', 3),
(813, 273, 26, 200000.00, '2017-02-21', '2073-11-10', 9),
(814, 294, 26, 50000.00, '2017-02-21', '2073-11-10', 31),
(815, 148, 28, 50000.00, '2017-02-21', '2073-11-10', 3),
(816, 294, 28, 150000.00, '2017-02-21', '2073-11-10', 31),
(817, 9, 28, 300000.00, '2017-02-21', '2073-11-10', 5),
(818, 373, 32, 250000.00, '2017-02-21', '2073-11-10', 89),
(819, 114, 30, 100800.00, '2017-02-21', '2073-11-10', 26),
(820, 24, 23, 50000.00, '2017-02-22', '2073-11-11', 2),
(821, 504, 25, 25000.00, '2017-02-22', '2073-11-11', 3),
(822, 119, 25, 50000.00, '2017-02-22', '2073-11-11', 11),
(823, 523, 25, 50000.00, '2017-02-22', '2073-11-11', 3),
(824, 14, 25, 20000.00, '2017-02-22', '2073-11-11', 3),
(825, 147, 25, 10000.00, '2017-02-22', '2073-11-11', 11),
(826, 511, 30, 133100.00, '2017-02-22', '2073-11-11', 26),
(827, 505, 31, 400000.00, '2017-02-22', '2073-11-11', 3),
(828, 78, 25, 200000.00, '2017-02-23', '2073-11-12', 3),
(829, 383, 25, 200000.00, '2017-02-23', '2073-11-12', 20),
(830, 63, 28, 20000.00, '2017-02-23', '2073-11-12', 34),
(831, 141, 28, 89750.00, '2017-02-23', '2073-11-12', 11),
(832, 449, 31, 250000.00, '2017-02-23', '2073-11-12', 3),
(833, 375, 29, 450000.00, '2017-02-23', '2073-11-12', 60),
(834, 457, 23, 430500.00, '2017-02-26', '2073-11-15', 10),
(835, 549, 23, 150000.00, '2017-02-26', '2073-11-15', 2),
(836, 21, 25, 500000.00, '2017-02-26', '2073-11-15', 15),
(837, 273, 26, 150000.00, '2017-02-26', '2073-11-15', 9),
(838, 11, 28, 137000.00, '2017-02-26', '2073-11-15', 8),
(839, 240, 28, 250000.00, '2017-02-26', '2073-11-15', 15),
(840, 96, 28, 296098.00, '2017-02-26', '2073-11-15', 11),
(841, 416, 28, 500000.00, '2017-02-26', '2073-11-15', 31),
(842, 114, 30, 100000.00, '2017-02-26', '2073-11-15', 26),
(843, 367, 29, 200000.00, '2017-02-26', '2073-11-15', 87),
(844, 424, 29, 249900.00, '2017-02-26', '2073-11-15', 60),
(845, 411, 29, 250000.00, '2017-02-26', '2073-11-15', 21),
(846, 371, 31, 200000.00, '2017-02-26', '2073-11-15', 3),
(847, 449, 31, 90000.00, '2017-02-26', '2073-11-15', 3),
(848, 479, 31, 50000.00, '2017-02-26', '2073-11-15', 3),
(849, 474, 31, 150000.00, '2017-02-26', '2073-11-15', 3),
(850, 592, 31, 50000.00, '2017-02-26', '2073-11-15', 3),
(851, 80, 31, 75000.00, '2017-02-26', '2073-11-15', 3),
(852, 201, 23, 50000.00, '2017-02-28', '2073-11-17', 31),
(853, 21, 25, 500000.00, '2017-02-28', '2073-11-17', 15),
(854, 518, 28, 151249.95, '2017-02-28', '2073-11-17', 31),
(855, 264, 28, 86250.00, '2017-02-28', '2073-11-17', 9),
(856, 152, 28, 800000.00, '2017-02-28', '2073-11-17', 59),
(857, 500, 26, 83100.44, '2017-02-28', '2073-11-17', 11),
(858, 441, 26, 54650.92, '2017-02-28', '2073-11-17', 11),
(859, 374, 26, 50000.00, '2017-02-28', '2073-11-17', 11),
(860, 369, 26, 50000.00, '2017-02-28', '2073-11-17', 11),
(861, 328, 26, 50000.00, '2017-02-28', '2073-11-17', 11),
(862, 314, 26, 50000.00, '2017-02-28', '2073-11-17', 11),
(863, 239, 26, 8000.32, '2017-02-28', '2073-11-17', 11),
(864, 59, 26, 100000.00, '2017-02-28', '2073-11-17', 11),
(865, 19, 26, 50000.00, '2017-02-28', '2073-11-17', 11),
(866, 385, 26, 50000.00, '2017-02-28', '2073-11-17', 11),
(867, 502, 26, 100000.00, '2017-02-28', '2073-11-17', 11),
(868, 55, 26, 100000.00, '2017-02-28', '2073-11-17', 11),
(869, 326, 26, 200000.00, '2017-02-28', '2073-11-17', 4),
(870, 56, 26, 200000.00, '2017-02-28', '2073-11-17', 4),
(871, 409, 26, 700000.00, '2017-02-28', '2073-11-17', 20),
(872, 578, 30, 40000.00, '2017-02-28', '2073-11-17', 26),
(873, 515, 30, 50000.00, '2017-02-28', '2073-11-17', 26),
(874, 348, 30, 100000.00, '2017-02-28', '2073-11-17', 26),
(875, 526, 30, 100000.00, '2017-02-28', '2073-11-17', 26),
(876, 222, 31, 100000.00, '2017-02-28', '2073-11-17', 3),
(877, 315, 31, 400000.00, '2017-02-28', '2073-11-17', 3),
(878, 411, 29, 200000.00, '2017-02-28', '2073-11-17', 21),
(879, 388, 23, 200000.00, '2017-03-01', '2073-11-18', 11),
(880, 101, 27, 200000.00, '2017-03-01', '2073-11-18', 53),
(881, 462, 28, 90000.00, '2017-03-01', '2073-11-18', 1),
(882, 44, 30, 50000.00, '2017-03-01', '2073-11-18', 26),
(883, 44, 30, 50000.00, '2017-03-01', '2073-11-18', 26),
(884, 526, 30, 60000.00, '2017-03-01', '2073-11-18', 26),
(885, 414, 29, 1260006.00, '2017-03-01', '2073-11-18', 96),
(886, 411, 29, 100000.00, '2017-03-01', '2073-11-18', 21),
(887, 440, 29, 127050.00, '2017-03-01', '2073-11-18', 14),
(888, 440, 29, 148049.00, '2017-03-01', '2073-11-18', 14),
(889, 263, 29, 127050.42, '2017-03-01', '2073-11-18', 14),
(890, 204, 26, 84100.84, '2017-03-01', '2073-11-18', 11),
(891, 66, 26, 500000.00, '2017-03-01', '2073-11-18', 14),
(892, 62, 26, 400000.00, '2017-03-01', '2073-11-18', 4);
INSERT INTO `tbl_payment` (`id`, `party_id`, `bank_id`, `payment`, `date_en`, `date_np`, `assigned_party_id`) VALUES
(893, 24, 23, 75000.00, '2017-03-02', '2073-11-19', 2),
(894, 191, 25, 90000.00, '2017-03-02', '2073-11-19', 10),
(895, 273, 26, 250000.00, '2017-03-02', '2073-11-19', 9),
(896, 568, 30, 100000.00, '2017-03-02', '2073-11-19', 26),
(897, 298, 30, 50000.00, '2017-03-02', '2073-11-19', 26),
(898, 366, 30, 100000.00, '2017-03-02', '2073-11-19', 26),
(899, 375, 29, 73000.00, '2017-03-02', '2073-11-19', 60),
(900, 352, 29, 296000.00, '2017-03-02', '2073-11-19', 85),
(901, 333, 27, 200000.00, '2017-03-02', '2073-11-19', 5),
(902, 332, 27, 72000.00, '2017-03-03', '2073-11-20', 15),
(903, 449, 25, 100000.00, '2017-03-03', '2073-11-20', 3),
(904, 73, 25, 80000.00, '2017-03-03', '2073-11-20', 10),
(905, 370, 28, 300000.00, '2017-03-03', '2073-11-20', 4),
(906, 225, 28, 71000.20, '2017-03-03', '2073-11-20', 1),
(907, 475, 28, 60500.20, '2017-03-03', '2073-11-20', 1),
(908, 520, 28, 102192.10, '2017-03-03', '2073-11-20', 1),
(909, 212, 28, 120307.70, '2017-03-03', '2073-11-20', 1),
(910, 497, 31, 100000.00, '2017-03-03', '2073-11-20', 11),
(911, 446, 29, 135000.00, '2017-03-05', '2073-11-22', 14),
(912, 411, 29, 400000.00, '2017-03-05', '2073-11-22', 21),
(913, 430, 25, 35000.00, '2017-03-05', '2073-11-22', 3),
(914, 33, 25, 340000.00, '2017-03-05', '2073-11-22', 3),
(915, 525, 25, 55000.00, '2017-03-05', '2073-11-22', 3),
(916, 495, 25, 35000.00, '2017-03-05', '2073-11-22', 3),
(917, 322, 25, 254100.84, '2017-03-05', '2073-11-22', 49),
(918, 322, 25, 296098.19, '2017-03-05', '2073-11-22', 38),
(919, 322, 25, 199650.66, '2017-03-05', '2073-11-22', 41),
(920, 322, 25, 155099.05, '2017-03-05', '2073-11-22', 5),
(921, 322, 25, 121000.40, '2017-03-05', '2073-11-22', 5),
(922, 322, 25, 199649.86, '2017-03-05', '2073-11-22', 41),
(923, 518, 28, 21149.87, '2017-03-05', '2073-11-22', 31),
(924, 119, 28, 130002.35, '2017-03-05', '2073-11-22', 11),
(925, 119, 28, 19997.65, '2017-03-05', '2073-11-22', 11),
(926, 259, 28, 310000.00, '2017-03-05', '2073-11-22', 11),
(927, 395, 28, 800000.00, '2017-03-05', '2073-11-22', 45),
(928, 417, 30, 200000.00, '2017-03-05', '2073-11-22', 11),
(929, 526, 30, 100000.00, '2017-03-05', '2073-11-22', 26),
(930, 362, 30, 50000.00, '2017-03-05', '2073-11-22', 26),
(931, 491, 30, 50000.00, '2017-03-05', '2073-11-22', 26),
(932, 67, 30, 100000.00, '2017-03-05', '2073-11-22', 26),
(933, 592, 31, 50000.00, '2017-03-05', '2073-11-22', 3),
(934, 80, 31, 150000.00, '2017-03-05', '2073-11-22', 3),
(935, 522, 31, 55000.00, '2017-03-05', '2073-11-22', 3),
(936, 528, 31, 75000.00, '2017-03-05', '2073-11-22', 3),
(937, 222, 31, 40000.00, '2017-03-05', '2073-11-22', 3),
(938, 315, 31, 650000.00, '2017-03-05', '2073-11-22', 3),
(939, 400, 31, 50000.00, '2017-03-05', '2073-11-22', 3),
(940, 533, 31, 40000.00, '2017-03-05', '2073-11-22', 3),
(941, 410, 31, 85000.00, '2017-03-05', '2073-11-22', 3),
(942, 495, 31, 50000.00, '2017-03-05', '2073-11-22', 3),
(943, 371, 31, 100000.00, '2017-03-05', '2073-11-22', 3),
(944, 165, 25, 200000.00, '2017-03-06', '2073-11-23', 10),
(945, 523, 25, 100000.00, '2017-03-06', '2073-11-23', 3),
(946, 391, 25, 1000000.00, '2017-03-06', '2073-11-23', 11),
(947, 177, 26, 250000.00, '2017-03-06', '2073-11-23', 4),
(948, 18, 28, 200000.00, '2017-03-06', '2073-11-23', 13),
(949, 90, 28, 42350.14, '2017-03-06', '2073-11-23', 47),
(950, 540, 28, 179399.94, '2017-03-06', '2073-11-23', 11),
(951, 373, 32, 250000.00, '2017-03-06', '2073-11-23', 89),
(952, 411, 31, 100000.00, '2017-03-06', '2073-11-23', 21),
(953, 172, 23, 105749.36, '2017-03-07', '2073-11-24', 31),
(954, 313, 23, 172500.16, '2017-03-07', '2073-11-24', 31),
(955, 284, 23, 63000.00, '2017-03-07', '2073-11-24', 79),
(956, 355, 23, 90000.00, '2017-03-07', '2073-11-24', 86),
(957, 193, 30, 102850.00, '2017-03-07', '2073-11-24', 26),
(958, 137, 26, 254000.00, '2017-03-07', '2073-11-24', 20),
(959, 50, 26, 296000.00, '2017-03-07', '2073-11-24', 20),
(960, 4, 31, 80000.00, '2017-03-07', '2073-11-24', 4),
(961, 95, 31, 180000.00, '2017-03-07', '2073-11-24', 4),
(962, 487, 23, 254100.84, '2017-03-07', '2073-11-24', 31),
(963, 171, 23, 67649.65, '2017-03-07', '2073-11-24', 31),
(964, 24, 23, 75000.00, '2017-03-09', '2073-11-26', 2),
(965, 410, 25, 40000.00, '2017-03-09', '2073-11-26', 3),
(966, 528, 25, 30000.00, '2017-03-09', '2073-11-26', 3),
(967, 504, 25, 50000.00, '2017-03-09', '2073-11-26', 3),
(968, 191, 25, 90000.00, '2017-03-09', '2073-11-26', 10),
(969, 502, 26, 190850.00, '2017-03-09', '2073-11-26', 11),
(970, 116, 26, 100000.00, '2017-03-09', '2073-11-26', 11),
(971, 390, 26, 48100.00, '2017-03-09', '2073-11-26', 11),
(972, 154, 26, 50000.00, '2017-03-09', '2073-11-26', 11),
(973, 539, 26, 50000.00, '2017-03-09', '2073-11-26', 11),
(974, 586, 26, 50000.00, '2017-03-09', '2073-11-26', 11),
(975, 385, 26, 54100.00, '2017-03-09', '2073-11-26', 11),
(976, 409, 26, 200000.00, '2017-03-09', '2073-11-26', 20),
(977, 28, 26, 125400.00, '2017-03-09', '2073-11-26', 20),
(978, 105, 28, 358200.00, '2017-03-09', '2073-11-26', 11),
(979, 404, 28, 100000.00, '2017-03-09', '2073-11-26', 92),
(980, 458, 28, 266100.00, '2017-03-09', '2073-11-26', 11),
(981, 312, 28, 184000.00, '2017-03-09', '2073-11-26', 11),
(982, 180, 28, 300000.00, '2017-03-09', '2073-11-26', 31),
(983, 201, 28, 100000.00, '2017-03-09', '2073-11-26', 31),
(984, 210, 28, 500000.00, '2017-03-09', '2073-11-26', 68),
(985, 114, 30, 100000.00, '2017-03-09', '2073-11-26', 26),
(986, 184, 27, 269100.00, '2017-03-09', '2073-11-26', 65),
(987, 98, 27, 1000000.00, '2017-03-09', '2073-11-26', 51),
(988, 561, 27, 510300.00, '2017-03-09', '2073-11-26', 110),
(989, 102, 31, 30000.00, '2017-03-09', '2073-11-26', 3),
(990, 148, 31, 200000.00, '2017-03-09', '2073-11-26', 3),
(991, 163, 31, 300000.00, '2017-03-09', '2073-11-26', 3),
(992, 222, 31, 100000.00, '2017-03-09', '2073-11-26', 3),
(993, 449, 31, 190000.00, '2017-03-09', '2073-11-26', 3),
(994, 371, 31, 100000.00, '2017-03-09', '2073-11-26', 3),
(995, 120, 29, 250000.00, '2017-03-09', '2073-11-26', 20),
(996, 18, 29, 400000.00, '2017-03-09', '2073-11-26', 13),
(997, 322, 27, 276100.00, '2017-03-09', '2073-11-26', 41),
(998, 373, 32, 300000.00, '2017-03-10', '2073-11-27', 89),
(999, 509, 26, 296395.34, '2017-03-10', '2073-11-27', 105),
(1000, 214, 30, 50000.00, '2017-03-10', '2073-11-27', 26),
(1001, 366, 30, 50000.00, '2017-03-10', '2073-11-27', 26),
(1002, 526, 30, 50000.00, '2017-03-10', '2073-11-27', 26),
(1003, 411, 28, 400000.00, '2017-03-10', '2073-11-27', 21),
(1004, 4, 31, 100000.00, '2017-03-10', '2073-11-27', 4),
(1005, 158, 31, 200000.00, '2017-03-10', '2073-11-27', 4),
(1006, 501, 31, 200000.00, '2017-03-10', '2073-11-27', 4),
(1007, 11, 26, 115900.00, '2017-03-12', '2073-11-29', 8),
(1008, 47, 26, 15749.50, '2017-03-12', '2073-11-29', 28),
(1009, 248, 26, 45000.00, '2017-03-12', '2073-11-29', 72),
(1010, 259, 28, 470000.00, '2017-03-12', '2073-11-29', 11),
(1011, 549, 23, 200000.00, '2017-03-12', '2073-11-29', 2),
(1012, 33, 25, 500000.00, '2017-03-12', '2073-11-29', 3),
(1013, 479, 25, 20000.00, '2017-03-12', '2073-11-29', 3),
(1014, 430, 25, 50000.00, '2017-03-12', '2073-11-29', 3),
(1015, 525, 25, 100000.00, '2017-03-12', '2073-11-29', 3),
(1016, 222, 25, 50000.00, '2017-03-12', '2073-11-29', 3),
(1017, 184, 25, 269100.00, '2017-03-13', '2073-11-30', 65),
(1018, 156, 27, 247800.00, '2017-03-14', '2073-12-01', 61),
(1019, 269, 23, 300000.00, '2017-03-14', '2073-12-01', 76),
(1020, 549, 23, 200000.00, '2017-03-14', '2073-12-01', 2),
(1021, 60, 26, 294000.00, '2017-03-14', '2073-12-01', 32),
(1022, 218, 28, 200000.00, '2017-03-14', '2073-12-01', 31),
(1023, 511, 30, 163350.00, '2017-03-14', '2073-12-01', 26),
(1024, 348, 30, 100000.00, '2017-03-14', '2073-12-01', 26),
(1025, 331, 23, 254100.00, '2017-03-14', '2073-12-01', 10),
(1026, 224, 23, 425100.00, '2017-03-14', '2073-12-01', 10),
(1027, 79, 23, 150000.00, '2017-03-14', '2073-12-01', 12),
(1028, 14, 25, 30000.00, '2017-03-15', '2073-12-02', 3),
(1029, 147, 25, 23100.00, '2017-03-15', '2073-12-02', 11),
(1030, 119, 25, 30000.00, '2017-03-15', '2073-12-02', 11),
(1031, 373, 32, 271000.00, '2017-03-15', '2073-12-02', 89),
(1032, 315, 31, 400000.00, '2017-03-15', '2073-12-02', 3),
(1033, 363, 31, 100000.00, '2017-03-15', '2073-12-02', 3),
(1034, 371, 31, 100000.00, '2017-03-15', '2073-12-02', 3),
(1035, 400, 31, 60000.00, '2017-03-15', '2073-12-02', 3),
(1036, 495, 31, 100000.00, '2017-03-15', '2073-12-02', 3),
(1037, 505, 31, 800000.00, '2017-03-15', '2073-12-02', 3),
(1038, 592, 31, 80000.00, '2017-03-15', '2073-12-02', 3),
(1039, 69, 27, 296098.19, '2017-03-16', '2073-12-03', 36),
(1040, 69, 27, 296098.19, '2017-03-16', '2073-12-03', 36),
(1041, 590, 27, 306601.09, '2017-03-16', '2073-12-03', 90),
(1042, 273, 28, 300000.00, '2017-03-16', '2073-12-03', 9),
(1043, 526, 30, 50000.00, '2017-03-16', '2073-12-03', 26),
(1044, 526, 30, 50000.00, '2017-03-16', '2073-12-03', 26),
(1045, 329, 30, 34000.00, '2017-03-16', '2073-12-03', 26),
(1046, 528, 25, 50000.00, '2017-03-16', '2073-12-03', 3),
(1047, 523, 25, 44000.00, '2017-03-16', '2073-12-03', 3),
(1048, 211, 25, 92000.00, '2017-03-16', '2073-12-03', 3),
(1049, 512, 25, 40000.00, '2017-03-16', '2073-12-03', 3),
(1050, 73, 25, 90000.00, '2017-03-16', '2073-12-03', 10),
(1051, 191, 25, 55000.00, '2017-03-16', '2073-12-03', 10),
(1052, 549, 25, 1500.00, '2017-03-16', '2073-12-03', 2),
(1053, 466, 27, 1192800.00, '2017-03-17', '2073-12-04', 102),
(1054, 139, 23, 254100.84, '2017-03-17', '2073-12-04', 2),
(1055, 191, 25, 100000.00, '2017-03-17', '2073-12-04', 10),
(1056, 21, 25, 500000.00, '2017-03-17', '2073-12-04', 15),
(1057, 395, 28, 500000.00, '2017-03-17', '2073-12-04', 45),
(1058, 180, 28, 200000.00, '2017-03-17', '2073-12-04', 31),
(1059, 516, 28, 53339.59, '2017-03-17', '2073-12-04', 1),
(1060, 279, 28, 60500.20, '2017-03-17', '2073-12-04', 1),
(1061, 521, 28, 146351.52, '2017-03-17', '2073-12-04', 1),
(1062, 534, 28, 30250.10, '2017-03-17', '2073-12-04', 1),
(1063, 520, 28, 109558.60, '2017-03-17', '2073-12-04', 1),
(1064, 74, 32, 148049.09, '2017-03-17', '2073-12-04', 38),
(1065, 74, 32, 127050.42, '2017-03-17', '2073-12-04', 38),
(1066, 74, 32, 254100.84, '2017-03-17', '2073-12-04', 23),
(1067, 74, 32, 254100.84, '2017-03-17', '2073-12-04', 43),
(1068, 74, 32, 254100.84, '2017-03-17', '2073-12-04', 17),
(1069, 74, 32, 254100.84, '2017-03-17', '2073-12-04', 39),
(1070, 74, 32, 208497.12, '2017-03-17', '2073-12-04', 40),
(1071, 79, 32, 200000.00, '2017-03-17', '2073-12-04', 12),
(1072, 214, 30, 60000.00, '2017-03-17', '2073-12-04', 26),
(1073, 44, 30, 40000.00, '2017-03-17', '2073-12-04', 26),
(1074, 35, 31, 200000.00, '2017-03-17', '2073-12-04', 4),
(1075, 56, 31, 150000.00, '2017-03-17', '2073-12-04', 4),
(1076, 501, 31, 150000.00, '2017-03-17', '2073-12-04', 4),
(1077, 59, 26, 132650.00, '2017-03-17', '2073-12-04', 11),
(1078, 328, 26, 50000.00, '2017-03-17', '2073-12-04', 11),
(1079, 394, 26, 65750.00, '2017-03-17', '2073-12-04', 11),
(1080, 374, 26, 55000.00, '2017-03-17', '2073-12-04', 11),
(1081, 314, 26, 55750.00, '2017-03-17', '2073-12-04', 11),
(1082, 441, 26, 70500.00, '2017-03-17', '2073-12-04', 11),
(1083, 83, 26, 100000.00, '2017-03-17', '2073-12-04', 11),
(1084, 52, 26, 100000.00, '2017-03-17', '2073-12-04', 11),
(1085, 19, 26, 125100.00, '2017-03-17', '2073-12-04', 11),
(1086, 351, 26, 100000.00, '2017-03-18', '2073-12-05', 11),
(1087, 502, 26, 100000.00, '2017-03-18', '2073-12-05', 11),
(1088, 19, 26, 100000.00, '2017-03-18', '2073-12-05', 11),
(1089, 59, 26, 50000.00, '2017-03-18', '2073-12-05', 11),
(1090, 91, 26, 232646.00, '2017-03-18', '2073-12-05', 11),
(1091, 490, 27, 100000.00, '2017-03-19', '2073-12-06', 5),
(1092, 346, 23, 300000.00, '2017-03-19', '2073-12-06', 10),
(1093, 542, 23, 250000.00, '2017-03-19', '2073-12-06', 2),
(1094, 494, 23, 150000.00, '2017-03-19', '2073-12-06', 2),
(1095, 21, 25, 500000.00, '2017-03-19', '2073-12-06', 15),
(1096, 334, 28, 250000.00, '2017-03-19', '2073-12-06', 31),
(1097, 522, 28, 30000.00, '2017-03-19', '2073-12-06', 3),
(1098, 259, 28, 785000.00, '2017-03-19', '2073-12-06', 11),
(1099, 206, 28, 100749.67, '2017-03-19', '2073-12-06', 31),
(1100, 150, 28, 888294.00, '2017-03-19', '2073-12-06', 59),
(1101, 243, 30, 63000.00, '2017-03-19', '2073-12-06', 26),
(1102, 67, 30, 150000.00, '2017-03-19', '2073-12-06', 26),
(1103, 484, 30, 20000.00, '2017-03-19', '2073-12-06', 26),
(1104, 362, 30, 51500.00, '2017-03-19', '2073-12-06', 26),
(1105, 525, 31, 80000.00, '2017-03-19', '2073-12-06', 3),
(1106, 148, 31, 50000.00, '2017-03-19', '2073-12-06', 3),
(1107, 222, 31, 50000.00, '2017-03-19', '2073-12-06', 3),
(1108, 363, 31, 60000.00, '2017-03-19', '2073-12-06', 3),
(1109, 400, 31, 50000.00, '2017-03-19', '2073-12-06', 3),
(1110, 400, 31, 25000.00, '2017-03-19', '2073-12-06', 3),
(1111, 430, 31, 100000.00, '2017-03-19', '2073-12-06', 3),
(1112, 495, 31, 50000.00, '2017-03-19', '2073-12-06', 3),
(1113, 546, 31, 50000.00, '2017-03-19', '2073-12-06', 3),
(1114, 305, 29, 127050.00, '2017-03-19', '2073-12-06', 14),
(1115, 280, 29, 254100.84, '2017-03-19', '2073-12-06', 14),
(1116, 411, 29, 500000.00, '2017-03-19', '2073-12-06', 21),
(1117, 367, 29, 300000.00, '2017-03-19', '2073-12-06', 87),
(1118, 333, 27, 170000.00, '2017-03-20', '2073-12-07', 5),
(1119, 180, 23, 400000.00, '2017-03-20', '2073-12-07', 31),
(1120, 191, 25, 80000.00, '2017-03-20', '2073-12-07', 10),
(1121, 507, 26, 254100.00, '2017-03-20', '2073-12-07', 20),
(1122, 137, 26, 210300.00, '2017-03-20', '2073-12-07', 20),
(1123, 50, 26, 435600.00, '2017-03-20', '2073-12-07', 20),
(1124, 264, 28, 95999.71, '2017-03-20', '2073-12-07', 9),
(1125, 152, 28, 1000000.00, '2017-03-20', '2073-12-07', 59),
(1126, 44, 30, 60000.00, '2017-03-20', '2073-12-07', 26),
(1127, 526, 30, 40000.00, '2017-03-20', '2073-12-07', 26),
(1128, 193, 30, 117000.00, '2017-03-20', '2073-12-07', 26),
(1129, 592, 31, 50000.00, '2017-03-20', '2073-12-07', 3),
(1130, 32, 31, 200000.00, '2017-03-20', '2073-12-07', 4),
(1131, 528, 31, 66100.00, '2017-03-20', '2073-12-07', 3),
(1132, 275, 31, 133900.00, '2017-03-20', '2073-12-07', 4),
(1133, 528, 31, 100000.00, '2017-03-20', '2073-12-07', 3),
(1134, 78, 31, 60000.00, '2017-03-20', '2073-12-07', 3),
(1135, 380, 31, 100000.00, '2017-03-20', '2073-12-07', 4),
(1136, 411, 29, 500000.00, '2017-03-20', '2073-12-07', 21),
(1137, 263, 29, 245700.42, '2017-03-20', '2073-12-07', 14),
(1138, 79, 32, 200000.00, '2017-03-20', '2073-12-07', 12),
(1139, 69, 27, 555277.75, '2017-03-21', '2073-12-08', 36),
(1140, 24, 23, 50000.00, '2017-03-21', '2073-12-08', 2),
(1141, 321, 28, 600000.00, '2017-03-21', '2073-12-08', 13),
(1142, 202, 28, 400000.00, '2017-03-21', '2073-12-08', 14),
(1143, 36, 28, 300000.00, '2017-03-21', '2073-12-08', 14),
(1144, 515, 30, 50000.00, '2017-03-22', '2073-12-09', 26),
(1145, 526, 30, 100000.00, '2017-03-22', '2073-12-09', 26),
(1146, 511, 30, 163350.00, '2017-03-22', '2073-12-09', 26),
(1147, 256, 27, 1000000.00, '2017-03-22', '2073-12-09', 73),
(1148, 409, 26, 1000000.00, '2017-03-22', '2073-12-09', 20),
(1149, 547, 28, 30999.86, '2017-03-22', '2073-12-09', 107),
(1150, 407, 28, 107250.00, '2017-03-22', '2073-12-09', 94),
(1151, 134, 28, 266100.00, '2017-03-22', '2073-12-09', 3),
(1152, 540, 28, 219649.41, '2017-03-22', '2073-12-09', 11),
(1153, 421, 23, 300000.00, '2017-03-22', '2073-12-09', 10),
(1154, 79, 23, 150000.00, '2017-03-22', '2073-12-09', 12),
(1155, 269, 23, 100000.00, '2017-03-22', '2073-12-09', 76),
(1156, 9, 27, 500000.00, '2017-03-23', '2073-12-10', 5),
(1157, 33, 25, 200000.00, '2017-03-23', '2073-12-10', 3),
(1158, 449, 25, 200000.00, '2017-03-23', '2073-12-10', 3),
(1159, 211, 25, 35000.00, '2017-03-23', '2073-12-10', 3),
(1160, 528, 25, 40000.00, '2017-03-23', '2073-12-10', 3),
(1161, 410, 25, 160000.00, '2017-03-23', '2073-12-10', 3),
(1162, 509, 26, 287697.78, '2017-03-23', '2073-12-10', 105),
(1163, 395, 28, 500000.00, '2017-03-23', '2073-12-10', 45),
(1164, 171, 28, 1000000.00, '2017-03-23', '2073-12-10', 31),
(1165, 114, 30, 100000.00, '2017-03-23', '2073-12-10', 26),
(1166, 556, 30, 150000.00, '2017-03-23', '2073-12-10', 108),
(1167, 32, 31, 200000.00, '2017-03-23', '2073-12-10', 4),
(1168, 86, 31, 100000.00, '2017-03-23', '2073-12-10', 4),
(1169, 149, 31, 100000.00, '2017-03-23', '2073-12-10', 4),
(1170, 315, 31, 500000.00, '2017-03-23', '2073-12-10', 3),
(1171, 326, 31, 200000.00, '2017-03-23', '2073-12-10', 4),
(1172, 363, 31, 50000.00, '2017-03-23', '2073-12-10', 3),
(1173, 371, 31, 200000.00, '2017-03-23', '2073-12-10', 3),
(1174, 469, 31, 200000.00, '2017-03-23', '2073-12-10', 4),
(1175, 543, 31, 200000.00, '2017-03-23', '2073-12-10', 4),
(1176, 21, 25, 300000.00, '2017-03-24', '2073-12-11', 15),
(1177, 191, 25, 90000.00, '2017-03-24', '2073-12-11', 10),
(1178, 366, 30, 80000.00, '2017-03-24', '2073-12-11', 26),
(1179, 522, 28, 30000.00, '2017-03-24', '2073-12-11', 3),
(1180, 505, 28, 230000.00, '2017-03-24', '2073-12-11', 3),
(1181, 3, 31, 50000.00, '2017-03-24', '2073-12-11', 3),
(1182, 148, 31, 75000.00, '2017-03-24', '2073-12-11', 3),
(1183, 400, 31, 100000.00, '2017-03-24', '2073-12-11', 3),
(1184, 583, 27, 280000.00, '2017-03-26', '2073-12-13', 5),
(1185, 256, 27, 1500000.00, '2017-03-26', '2073-12-13', 73),
(1186, 180, 23, 300000.00, '2017-03-26', '2073-12-13', 31),
(1187, 198, 23, 150000.00, '2017-03-26', '2073-12-13', 14),
(1188, 494, 23, 106198.57, '2017-03-26', '2073-12-13', 2),
(1189, 319, 23, 247800.00, '2017-03-26', '2073-12-13', 2),
(1190, 455, 23, 150000.00, '2017-03-26', '2073-12-13', 14),
(1191, 285, 25, 6897.20, '2017-03-26', '2073-12-13', 10),
(1192, 31, 25, 296098.19, '2017-03-26', '2073-12-13', 10),
(1193, 396, 25, 254100.61, '2017-03-26', '2073-12-13', 10),
(1194, 119, 29, 61900.00, '2017-03-26', '2073-12-13', 11),
(1195, 147, 29, 16800.00, '2017-03-26', '2073-12-13', 11),
(1196, 411, 29, 500000.00, '2017-03-26', '2073-12-13', 21),
(1197, 284, 28, 5075.00, '2017-03-26', '2073-12-13', 79),
(1198, 534, 28, 30000.00, '2017-03-26', '2073-12-13', 1),
(1199, 279, 28, 60000.00, '2017-03-26', '2073-12-13', 1),
(1200, 61, 28, 37199.83, '2017-03-26', '2073-12-13', 33),
(1201, 566, 28, 31000.00, '2017-03-26', '2073-12-13', 112),
(1202, 185, 28, 200000.00, '2017-03-26', '2073-12-13', 11),
(1203, 370, 28, 500000.00, '2017-03-26', '2073-12-13', 4),
(1204, 259, 28, 700000.00, '2017-03-26', '2073-12-13', 11),
(1205, 430, 28, 230000.00, '2017-03-26', '2073-12-13', 3),
(1206, 210, 28, 500000.00, '2017-03-26', '2073-12-13', 68),
(1207, 342, 28, 128000.00, '2017-03-26', '2073-12-13', 31),
(1208, 578, 30, 50000.00, '2017-03-26', '2073-12-13', 26),
(1209, 526, 30, 100000.00, '2017-03-26', '2073-12-13', 26),
(1210, 383, 30, 250000.00, '2017-03-26', '2073-12-13', 20),
(1211, 348, 30, 100000.00, '2017-03-26', '2073-12-13', 26),
(1212, 449, 31, 50000.00, '2017-03-26', '2073-12-13', 3),
(1213, 33, 31, 200000.00, '2017-03-26', '2073-12-13', 3),
(1214, 182, 31, 250000.00, '2017-03-26', '2073-12-13', 13),
(1215, 222, 31, 50000.00, '2017-03-26', '2073-12-13', 3),
(1216, 321, 31, 250000.00, '2017-03-26', '2073-12-13', 13),
(1217, 430, 31, 50000.00, '2017-03-26', '2073-12-13', 3),
(1218, 479, 31, 55000.00, '2017-03-26', '2073-12-13', 3),
(1219, 505, 31, 250000.00, '2017-03-26', '2073-12-13', 3),
(1220, 505, 31, 270000.00, '2017-03-26', '2073-12-13', 3),
(1221, 523, 31, 50000.00, '2017-03-26', '2073-12-13', 3),
(1222, 495, 31, 100000.00, '2017-03-26', '2073-12-13', 3),
(1223, 371, 31, 100000.00, '2017-03-26', '2073-12-13', 3),
(1224, 410, 31, 50000.00, '2017-03-26', '2073-12-13', 3),
(1225, 486, 31, 256200.00, '2017-03-26', '2073-12-13', 3),
(1226, 142, 23, 150000.00, '2017-03-27', '2073-12-14', 2),
(1227, 21, 25, 400000.00, '2017-03-27', '2073-12-14', 15),
(1228, 565, 28, 15500.00, '2017-03-27', '2073-12-14', 111),
(1229, 523, 28, 50000.00, '2017-03-27', '2073-12-14', 3),
(1230, 238, 28, 150000.00, '2017-03-27', '2073-12-14', 11),
(1231, 526, 30, 100000.00, '2017-03-27', '2073-12-14', 26),
(1232, 148, 31, 75000.00, '2017-03-27', '2073-12-14', 3),
(1233, 528, 31, 50000.00, '2017-03-27', '2073-12-14', 3),
(1234, 245, 31, 150000.00, '2017-03-27', '2073-12-14', 4),
(1235, 249, 31, 150000.00, '2017-03-27', '2073-12-14', 4),
(1236, 449, 31, 100000.00, '2017-03-27', '2073-12-14', 3),
(1237, 443, 31, 200000.00, '2017-03-27', '2073-12-14', 4),
(1238, 592, 31, 50000.00, '2017-03-27', '2073-12-14', 3),
(1239, 376, 26, 50000.00, '2017-03-27', '2073-12-14', 11),
(1240, 168, 23, 267699.03, '2017-03-28', '2073-12-15', 2),
(1241, 33, 25, 70000.00, '2017-03-28', '2073-12-15', 3),
(1242, 193, 30, 128100.00, '2017-03-28', '2073-12-15', 26),
(1243, 225, 28, 86250.28, '2017-03-28', '2073-12-15', 1),
(1244, 534, 28, 86250.08, '2017-03-28', '2073-12-15', 1),
(1245, 475, 28, 84999.57, '2017-03-28', '2073-12-15', 1),
(1246, 520, 28, 57500.05, '2017-03-28', '2073-12-15', 1),
(1247, 462, 28, 93000.02, '2017-03-28', '2073-12-15', 1),
(1248, 78, 28, 40000.00, '2017-03-28', '2073-12-15', 3),
(1249, 430, 28, 235000.00, '2017-03-28', '2073-12-15', 3),
(1250, 273, 28, 500000.00, '2017-03-28', '2073-12-15', 9),
(1251, 201, 28, 200000.00, '2017-03-28', '2073-12-15', 31),
(1252, 201, 28, 300000.00, '2017-03-28', '2073-12-15', 31),
(1253, 146, 28, 1300000.00, '2017-03-28', '2073-12-15', 59),
(1254, 152, 28, 550000.00, '2017-03-28', '2073-12-15', 59),
(1255, 525, 31, 70000.00, '2017-03-28', '2073-12-15', 3),
(1256, 148, 31, 50000.00, '2017-03-28', '2073-12-15', 3),
(1257, 371, 31, 100000.00, '2017-03-28', '2073-12-15', 3),
(1258, 495, 31, 50000.00, '2017-03-28', '2073-12-15', 3),
(1259, 4, 26, 500000.00, '2017-03-28', '2073-12-15', 4),
(1260, 269, 23, 100000.00, '2017-03-29', '2073-12-16', 76),
(1261, 107, 23, 200000.00, '2017-03-29', '2073-12-16', 2),
(1262, 172, 28, 550000.00, '2017-03-29', '2073-12-16', 31),
(1263, 576, 28, 90750.30, '2017-03-29', '2073-12-16', 1),
(1264, 273, 28, 400000.00, '2017-03-29', '2073-12-16', 9),
(1265, 171, 28, 1000000.00, '2017-03-29', '2073-12-16', 31),
(1266, 152, 28, 225000.00, '2017-03-29', '2073-12-16', 59),
(1267, 119, 29, 100000.00, '2017-03-29', '2073-12-16', 11),
(1268, 411, 29, 500000.00, '2017-03-29', '2073-12-16', 21),
(1269, 67, 30, 50450.00, '2017-03-29', '2073-12-16', 26),
(1270, 484, 30, 100000.00, '2017-03-29', '2073-12-16', 26),
(1271, 298, 30, 15500.00, '2017-03-29', '2073-12-16', 26),
(1272, 515, 30, 50000.00, '2017-03-29', '2073-12-16', 26),
(1273, 237, 30, 45000.00, '2017-03-29', '2073-12-16', 26),
(1274, 9, 27, 500000.00, '2017-03-29', '2073-12-16', 5),
(1275, 269, 23, 100000.00, '2017-03-30', '2073-12-17', 76),
(1276, 126, 23, 250000.00, '2017-03-30', '2073-12-17', 2),
(1277, 591, 23, 417100.00, '2017-03-30', '2073-12-17', 10),
(1278, 69, 27, 512397.62, '2017-03-30', '2073-12-17', 36),
(1279, 370, 28, 150000.00, '2017-03-30', '2073-12-17', 4),
(1280, 516, 28, 134000.00, '2017-03-30', '2073-12-17', 1),
(1281, 218, 28, 200000.00, '2017-03-30', '2073-12-17', 31),
(1282, 505, 28, 245000.00, '2017-03-30', '2073-12-17', 3),
(1283, 287, 29, 1008002.94, '2017-03-30', '2073-12-17', 14),
(1284, 556, 30, 150000.00, '2017-03-30', '2073-12-17', 108),
(1285, 417, 30, 250000.00, '2017-03-30', '2073-12-17', 11),
(1286, 505, 31, 250000.00, '2017-03-30', '2073-12-17', 3),
(1287, 441, 26, 139150.00, '2017-03-30', '2073-12-17', 11),
(1288, 19, 26, 100000.00, '2017-03-30', '2073-12-17', 11),
(1289, 502, 26, 196100.00, '2017-03-30', '2073-12-17', 11),
(1290, 351, 26, 193050.00, '2017-03-30', '2073-12-17', 11),
(1291, 215, 26, 50000.00, '2017-03-30', '2073-12-17', 11),
(1292, 369, 26, 50000.00, '2017-03-30', '2073-12-17', 11),
(1293, 59, 26, 50000.00, '2017-03-30', '2073-12-17', 11),
(1294, 459, 26, 55000.00, '2017-03-30', '2073-12-17', 11),
(1295, 510, 26, 50000.00, '2017-03-30', '2073-12-17', 11),
(1296, 539, 26, 49650.00, '2017-03-30', '2073-12-17', 11),
(1297, 100, 26, 400000.00, '2017-03-30', '2073-12-17', 52),
(1298, 335, 23, 200000.00, '2017-03-31', '2073-12-18', 2),
(1299, 59, 23, 95500.00, '2017-03-31', '2073-12-18', 11),
(1300, 50, 26, 264200.00, '2017-03-31', '2073-12-18', 20),
(1301, 409, 26, 250000.00, '2017-03-31', '2073-12-18', 20),
(1302, 518, 28, 236000.00, '2017-03-31', '2073-12-18', 31),
(1303, 471, 28, 235000.00, '2017-03-31', '2073-12-18', 11),
(1304, 395, 28, 500000.00, '2017-03-31', '2073-12-18', 45),
(1305, 210, 28, 500000.00, '2017-03-31', '2073-12-18', 68),
(1306, 526, 30, 35000.00, '2017-03-31', '2073-12-18', 26),
(1307, 526, 30, 125000.00, '2017-03-31', '2073-12-18', 26),
(1308, 67, 30, 111000.00, '2017-03-31', '2073-12-18', 26),
(1309, 27, 31, 150000.00, '2017-03-31', '2073-12-18', 2),
(1310, 144, 31, 200000.00, '2017-03-31', '2073-12-18', 4),
(1311, 315, 31, 400000.00, '2017-03-31', '2073-12-18', 3),
(1312, 443, 31, 100000.00, '2017-03-31', '2073-12-18', 4),
(1313, 543, 31, 200000.00, '2017-03-31', '2073-12-18', 4),
(1314, 367, 29, 200000.00, '2017-03-31', '2073-12-18', 87),
(1315, 188, 23, 200000.00, '2017-04-02', '2073-12-20', 2),
(1316, 549, 23, 150000.00, '2017-04-02', '2073-12-20', 2),
(1317, 79, 23, 200000.00, '2017-04-02', '2073-12-20', 12),
(1318, 50, 26, 400000.00, '2017-04-02', '2073-12-20', 20),
(1319, 312, 28, 470000.00, '2017-04-02', '2073-12-20', 11),
(1320, 321, 28, 400000.00, '2017-04-02', '2073-12-20', 13),
(1321, 248, 28, 90000.00, '2017-04-02', '2073-12-20', 72),
(1322, 205, 28, 72000.00, '2017-04-02', '2073-12-20', 67),
(1323, 366, 30, 100000.00, '2017-04-02', '2073-12-20', 26),
(1324, 364, 30, 150000.00, '2017-04-02', '2073-12-20', 26),
(1325, 114, 30, 100000.00, '2017-04-02', '2073-12-20', 26),
(1326, 33, 31, 250000.00, '2017-04-02', '2073-12-20', 3),
(1327, 62, 31, 800000.00, '2017-04-02', '2073-12-20', 4),
(1328, 321, 31, 200000.00, '2017-04-02', '2073-12-20', 13),
(1329, 222, 31, 200000.00, '2017-04-02', '2073-12-20', 3),
(1330, 430, 31, 150000.00, '2017-04-02', '2073-12-20', 3),
(1331, 505, 31, 144592.00, '2017-04-02', '2073-12-20', 3),
(1332, 446, 29, 144000.00, '2017-04-02', '2073-12-20', 14),
(1333, 165, 25, 250000.00, '2017-04-02', '2073-12-20', 10),
(1334, 101, 27, 200000.00, '2017-04-03', '2073-12-21', 53),
(1335, 184, 25, 254100.00, '2017-04-03', '2073-12-21', 65),
(1336, 35, 28, 200000.00, '2017-04-03', '2073-12-21', 4),
(1337, 36, 28, 300000.00, '2017-04-03', '2073-12-21', 14),
(1338, 548, 28, 300000.00, '2017-04-03', '2073-12-21', 14),
(1339, 58, 28, 387200.00, '2017-04-03', '2073-12-21', 14),
(1340, 202, 28, 200000.00, '2017-04-03', '2073-12-21', 14),
(1341, 279, 28, 53000.12, '2017-04-03', '2073-12-21', 1),
(1342, 475, 28, 154998.88, '2017-04-03', '2073-12-21', 1),
(1343, 180, 28, 300000.00, '2017-04-03', '2073-12-21', 31),
(1344, 298, 30, 160000.00, '2017-04-03', '2073-12-21', 26),
(1345, 291, 30, 120000.00, '2017-04-03', '2073-12-21', 26),
(1346, 400, 31, 50000.00, '2017-04-03', '2073-12-21', 3),
(1347, 411, 31, 500000.00, '2017-04-03', '2073-12-21', 21),
(1348, 184, 25, 256200.00, '2017-04-04', '2073-12-22', 65),
(1349, 79, 23, 150000.00, '2017-04-04', '2073-12-22', 12),
(1350, 503, 23, 350000.00, '2017-04-04', '2073-12-22', 2),
(1351, 152, 28, 200000.00, '2017-04-04', '2073-12-22', 59),
(1352, 516, 28, 150000.00, '2017-04-04', '2073-12-22', 1),
(1353, 193, 30, 122000.00, '2017-04-04', '2073-12-22', 26),
(1354, 259, 31, 200000.00, '2017-04-04', '2073-12-22', 11),
(1355, 50, 26, 500000.00, '2017-04-04', '2073-12-22', 20),
(1356, 490, 27, 200000.00, '2017-04-06', '2073-12-24', 5),
(1357, 77, 23, 300000.00, '2017-04-06', '2073-12-24', 10),
(1358, 146, 23, 350000.00, '2017-04-06', '2073-12-24', 59),
(1359, 152, 23, 500000.00, '2017-04-06', '2073-12-24', 59),
(1360, 168, 23, 288200.16, '2017-04-06', '2073-12-24', 2),
(1361, 269, 23, 200000.00, '2017-04-06', '2073-12-24', 76),
(1362, 266, 23, 100000.00, '2017-04-06', '2073-12-24', 2),
(1363, 340, 23, 200000.00, '2017-04-06', '2073-12-24', 2),
(1364, 16, 26, 193051.00, '2017-04-06', '2073-12-24', 11),
(1365, 19, 26, 45700.00, '2017-04-06', '2073-12-24', 11),
(1366, 55, 26, 75100.00, '2017-04-06', '2073-12-24', 11),
(1367, 84, 26, 100000.00, '2017-04-06', '2073-12-24', 11),
(1368, 91, 26, 121002.00, '2017-04-06', '2073-12-24', 11),
(1369, 116, 26, 105701.00, '2017-04-06', '2073-12-24', 11),
(1370, 314, 26, 100000.00, '2017-04-06', '2073-12-24', 11),
(1371, 328, 26, 167701.00, '2017-04-06', '2073-12-24', 11),
(1372, 374, 26, 90000.00, '2017-04-06', '2073-12-24', 11),
(1373, 510, 26, 44650.00, '2017-04-06', '2073-12-24', 11),
(1374, 393, 26, 100000.00, '2017-04-06', '2073-12-24', 11),
(1375, 67, 30, 200000.00, '2017-04-06', '2073-12-24', 26),
(1376, 526, 30, 150000.00, '2017-04-06', '2073-12-24', 26),
(1377, 214, 30, 100000.00, '2017-04-06', '2073-12-24', 26),
(1378, 27, 31, 100000.00, '2017-04-06', '2073-12-24', 2),
(1379, 163, 31, 100000.00, '2017-04-06', '2073-12-24', 3),
(1380, 222, 31, 250000.00, '2017-04-06', '2073-12-24', 3),
(1381, 371, 31, 280000.00, '2017-04-06', '2073-12-24', 3),
(1382, 400, 31, 100000.00, '2017-04-06', '2073-12-24', 3),
(1383, 495, 31, 50000.00, '2017-04-06', '2073-12-24', 3),
(1384, 592, 31, 50000.00, '2017-04-06', '2073-12-24', 3),
(1385, 350, 29, 100000.00, '2017-04-06', '2073-12-24', 14),
(1386, 439, 29, 150000.00, '2017-04-06', '2073-12-24', 14),
(1387, 152, 28, 100000.00, '2017-04-06', '2073-12-24', 59),
(1388, 152, 28, 250000.00, '2017-04-06', '2073-12-24', 59),
(1389, 152, 28, 600000.00, '2017-04-06', '2073-12-24', 59),
(1390, 274, 27, 300000.00, '2017-04-07', '2073-12-25', 5),
(1391, 247, 26, 450000.00, '2017-04-07', '2073-12-25', 4),
(1392, 5, 26, 125000.00, '2017-04-07', '2073-12-25', 2),
(1393, 535, 26, 150000.00, '2017-04-07', '2073-12-25', 2),
(1394, 420, 30, 950000.00, '2017-04-07', '2073-12-25', 15),
(1395, 526, 30, 60000.00, '2017-04-07', '2073-12-25', 26),
(1396, 362, 30, 41000.00, '2017-04-07', '2073-12-25', 26),
(1397, 273, 28, 400000.00, '2017-04-07', '2073-12-25', 9),
(1398, 201, 28, 135000.00, '2017-04-07', '2073-12-25', 31),
(1399, 395, 28, 500000.00, '2017-04-07', '2073-12-25', 45),
(1400, 497, 28, 165400.00, '2017-04-07', '2073-12-25', 11),
(1401, 485, 28, 240000.00, '2017-04-07', '2073-12-25', 11),
(1402, 505, 28, 400000.00, '2017-04-07', '2073-12-25', 3),
(1403, 504, 25, 50000.00, '2017-04-07', '2073-12-25', 3),
(1404, 476, 25, 32650.00, '2017-04-07', '2073-12-25', 11),
(1405, 523, 25, 60000.00, '2017-04-07', '2073-12-25', 3),
(1406, 528, 25, 40000.00, '2017-04-07', '2073-12-25', 3),
(1407, 78, 25, 35000.00, '2017-04-07', '2073-12-25', 3),
(1408, 211, 25, 50000.00, '2017-04-07', '2073-12-25', 3),
(1409, 14, 25, 25000.00, '2017-04-07', '2073-12-25', 3),
(1410, 529, 29, 200000.00, '2017-04-07', '2073-12-25', 14),
(1411, 305, 29, 150000.00, '2017-04-07', '2073-12-25', 14),
(1412, 341, 29, 150000.00, '2017-04-07', '2073-12-25', 14),
(1413, 274, 27, 500000.00, '2017-04-09', '2073-12-27', 5),
(1414, 495, 25, 50000.00, '2017-04-09', '2073-12-27', 3),
(1415, 184, 25, 256200.00, '2017-04-09', '2073-12-27', 65),
(1416, 360, 23, 298200.66, '2017-04-09', '2073-12-27', 2),
(1417, 282, 23, 200000.00, '2017-04-09', '2073-12-27', 2),
(1418, 295, 23, 200000.00, '2017-04-09', '2073-12-27', 2),
(1419, 266, 23, 100000.00, '2017-04-09', '2073-12-27', 2),
(1420, 549, 23, 200000.00, '2017-04-09', '2073-12-27', 2),
(1421, 269, 23, 100000.00, '2017-04-09', '2073-12-27', 76),
(1422, 393, 26, 101300.00, '2017-04-09', '2073-12-27', 11),
(1423, 314, 26, 100000.00, '2017-04-09', '2073-12-27', 11),
(1424, 581, 26, 49700.00, '2017-04-09', '2073-12-27', 11),
(1425, 116, 26, 100000.00, '2017-04-09', '2073-12-27', 11),
(1426, 369, 26, 50000.00, '2017-04-09', '2073-12-27', 11),
(1427, 52, 26, 100000.00, '2017-04-09', '2073-12-27', 11),
(1428, 351, 26, 101300.00, '2017-04-09', '2073-12-27', 11),
(1429, 507, 26, 500000.00, '2017-04-09', '2073-12-27', 20),
(1430, 193, 30, 132000.00, '2017-04-09', '2073-12-27', 26),
(1431, 218, 28, 100000.00, '2017-04-09', '2073-12-27', 31),
(1432, 522, 28, 40000.00, '2017-04-09', '2073-12-27', 3),
(1433, 518, 28, 310000.00, '2017-04-09', '2073-12-27', 31),
(1434, 259, 28, 454300.00, '2017-04-09', '2073-12-27', 11),
(1435, 167, 28, 265700.00, '2017-04-09', '2073-12-27', 11),
(1436, 411, 29, 500000.00, '2017-04-09', '2073-12-27', 21),
(1437, 446, 29, 143697.77, '2017-04-09', '2073-12-27', 14),
(1438, 33, 31, 100000.00, '2017-04-09', '2073-12-27', 3),
(1439, 148, 31, 40000.00, '2017-04-09', '2073-12-27', 3),
(1440, 222, 31, 40000.00, '2017-04-09', '2073-12-27', 3),
(1441, 531, 31, 100000.00, '2017-04-09', '2073-12-27', 3),
(1442, 430, 31, 100000.00, '2017-04-09', '2073-12-27', 3),
(1443, 449, 31, 200000.00, '2017-04-09', '2073-12-27', 3),
(1444, 479, 31, 20000.00, '2017-04-09', '2073-12-27', 3),
(1445, 541, 31, 107000.00, '2017-04-09', '2073-12-27', 3),
(1446, 490, 27, 200000.00, '2017-04-10', '2073-12-28', 5),
(1447, 274, 28, 300000.00, '2017-04-10', '2073-12-28', 5),
(1448, 236, 28, 300000.00, '2017-04-10', '2073-12-28', 14),
(1449, 36, 28, 300000.00, '2017-04-10', '2073-12-28', 14),
(1450, 202, 28, 300000.00, '2017-04-10', '2073-12-28', 14),
(1451, 477, 28, 300000.00, '2017-04-10', '2073-12-28', 14),
(1452, 77, 23, 300000.00, '2017-04-10', '2073-12-28', 10),
(1453, 346, 23, 161950.00, '2017-04-10', '2073-12-28', 10),
(1454, 186, 23, 250000.00, '2017-04-10', '2073-12-28', 2),
(1455, 79, 32, 500000.00, '2017-04-10', '2073-12-28', 12),
(1456, 298, 30, 25000.00, '2017-04-10', '2073-12-28', 26),
(1457, 348, 30, 100000.00, '2017-04-10', '2073-12-28', 26),
(1458, 163, 31, 100000.00, '2017-04-10', '2073-12-28', 3),
(1459, 167, 31, 50000.00, '2017-04-10', '2073-12-28', 11),
(1460, 315, 31, 400000.00, '2017-04-10', '2073-12-28', 3),
(1461, 476, 29, 100000.00, '2017-04-10', '2073-12-28', 11),
(1462, 476, 29, 50000.00, '2017-04-10', '2073-12-28', 11),
(1463, 350, 29, 100000.00, '2017-04-10', '2073-12-28', 14),
(1464, 388, 23, 100000.00, '2017-04-11', '2073-12-29', 11),
(1465, 233, 23, 100000.00, '2017-04-11', '2073-12-29', 2),
(1466, 191, 25, 220000.00, '2017-04-11', '2073-12-29', 10),
(1467, 95, 25, 24650.35, '2017-04-11', '2073-12-29', 4),
(1468, 245, 25, 114100.21, '2017-04-11', '2073-12-29', 4),
(1469, 293, 25, 50199.03, '2017-04-11', '2073-12-29', 4),
(1470, 469, 25, 66100.08, '2017-04-11', '2073-12-29', 4),
(1471, 307, 25, 110700.37, '2017-04-11', '2073-12-29', 4),
(1472, 275, 25, 30149.12, '2017-04-11', '2073-12-29', 4),
(1473, 249, 25, 104100.37, '2017-04-11', '2073-12-29', 4),
(1474, 232, 29, 600000.00, '2017-04-11', '2073-12-29', 14),
(1475, 71, 29, 251998.00, '2017-04-11', '2073-12-29', 37),
(1476, 566, 28, 51000.00, '2017-04-11', '2073-12-29', 112),
(1477, 259, 28, 372000.00, '2017-04-11', '2073-12-29', 11),
(1478, 152, 28, 470000.00, '2017-04-11', '2073-12-29', 59),
(1479, 152, 28, 100000.00, '2017-04-11', '2073-12-29', 59),
(1480, 146, 28, 100000.00, '2017-04-11', '2073-12-29', 59),
(1481, 146, 28, 650000.00, '2017-04-11', '2073-12-29', 59),
(1482, 146, 28, 400000.00, '2017-04-11', '2073-12-29', 59),
(1483, 395, 28, 400000.00, '2017-04-11', '2073-12-29', 45),
(1484, 556, 30, 150000.00, '2017-04-11', '2073-12-29', 108),
(1485, 114, 30, 100000.00, '2017-04-11', '2073-12-29', 26),
(1486, 33, 31, 300000.00, '2017-04-11', '2073-12-29', 3),
(1487, 528, 31, 100000.00, '2017-04-11', '2073-12-29', 3),
(1488, 221, 31, 188100.00, '2017-04-11', '2073-12-29', 21),
(1489, 221, 31, 65450.00, '2017-04-11', '2073-12-29', 21),
(1490, 315, 31, 300000.00, '2017-04-11', '2073-12-29', 3),
(1491, 410, 31, 90000.00, '2017-04-11', '2073-12-29', 3),
(1492, 490, 27, 250000.00, '2017-04-12', '2073-12-30', 5),
(1493, 126, 23, 200000.00, '2017-04-12', '2073-12-30', 2),
(1494, 340, 23, 49000.00, '2017-04-12', '2073-12-30', 2),
(1495, 184, 25, 256200.00, '2017-04-12', '2073-12-30', 65),
(1496, 511, 30, 128700.00, '2017-04-12', '2073-12-30', 26),
(1497, 16, 26, 50000.00, '2017-04-12', '2073-12-30', 11),
(1498, 19, 26, 256200.00, '2017-04-12', '2073-12-30', 11),
(1499, 52, 26, 54100.00, '2017-04-12', '2073-12-30', 11),
(1500, 84, 26, 101300.00, '2017-04-12', '2073-12-30', 11),
(1501, 116, 26, 93050.00, '2017-04-12', '2073-12-30', 11),
(1502, 328, 26, 100000.00, '2017-04-12', '2073-12-30', 11),
(1503, 423, 26, 100000.00, '2017-04-12', '2073-12-30', 11),
(1504, 586, 26, 50000.00, '2017-04-12', '2073-12-30', 11),
(1505, 502, 26, 287700.00, '2017-04-12', '2073-12-30', 11),
(1506, 14, 31, 20000.00, '2017-04-12', '2073-12-30', 3),
(1507, 523, 31, 60000.00, '2017-04-12', '2073-12-30', 3),
(1508, 363, 31, 50000.00, '2017-04-12', '2073-12-30', 3),
(1509, 504, 31, 50000.00, '2017-04-12', '2073-12-30', 3),
(1510, 173, 28, 168000.00, '2017-04-12', '2073-12-30', 63),
(1511, 567, 28, 200000.00, '2017-04-12', '2073-12-30', 3),
(1512, 180, 28, 200000.00, '2017-04-12', '2073-12-30', 31),
(1513, 146, 28, 780000.00, '2017-04-12', '2073-12-30', 59),
(1514, 446, 29, 150000.00, '2017-04-12', '2073-12-30', 14),
(1515, 127, 27, 200000.00, '2017-04-13', '2073-12-31', 57),
(1516, 274, 27, 200000.00, '2017-04-13', '2073-12-31', 5),
(1517, 24, 23, 50000.00, '2017-04-13', '2073-12-31', 2),
(1518, 191, 25, 80000.00, '2017-04-13', '2073-12-31', 10),
(1519, 376, 26, 50000.00, '2017-04-13', '2073-12-31', 11),
(1520, 100, 26, 300000.00, '2017-04-13', '2073-12-31', 52),
(1521, 193, 30, 162500.00, '2017-04-13', '2073-12-31', 26),
(1522, 222, 31, 100000.00, '2017-04-13', '2073-12-31', 3),
(1523, 592, 31, 50000.00, '2017-04-13', '2073-12-31', 3),
(1524, 439, 29, 150000.00, '2017-04-13', '2073-12-31', 14),
(1525, 367, 29, 200000.00, '2017-04-13', '2073-12-31', 87),
(1526, 566, 28, 30999.72, '2017-04-13', '2073-12-31', 112),
(1527, 11, 28, 6898.35, '2017-04-13', '2073-12-31', 8),
(1528, 284, 28, 2999.85, '2017-04-13', '2073-12-31', 79),
(1529, 273, 28, 500000.00, '2017-04-13', '2073-12-31', 9),
(1530, 210, 28, 500000.00, '2017-04-13', '2073-12-31', 68),
(1531, 161, 23, 100000.00, '2017-04-16', '2074-01-03', 2),
(1532, 269, 23, 300000.00, '2017-04-16', '2074-01-03', 76),
(1533, 168, 23, 283199.91, '2017-04-16', '2074-01-03', 2),
(1534, 133, 23, 150000.00, '2017-04-16', '2074-01-03', 2),
(1535, 388, 28, 100000.00, '2017-04-16', '2074-01-03', 11),
(1536, 471, 28, 306551.00, '2017-04-16', '2074-01-03', 11),
(1537, 35, 28, 266500.00, '2017-04-16', '2074-01-03', 4),
(1538, 67, 30, 100000.00, '2017-04-16', '2074-01-03', 26),
(1539, 191, 25, 70000.00, '2017-04-16', '2074-01-03', 10),
(1540, 446, 29, 148200.67, '2017-04-16', '2074-01-03', 14),
(1541, 341, 29, 132300.00, '2017-04-16', '2074-01-03', 14),
(1542, 339, 29, 150000.00, '2017-04-16', '2074-01-03', 14),
(1543, 33, 31, 200000.00, '2017-04-16', '2074-01-03', 3),
(1544, 136, 31, 245700.00, '2017-04-16', '2074-01-03', 21),
(1545, 525, 31, 186000.00, '2017-04-16', '2074-01-03', 3),
(1546, 222, 31, 90000.00, '2017-04-16', '2074-01-03', 3),
(1547, 361, 31, 296098.00, '2017-04-16', '2074-01-03', 21),
(1548, 371, 31, 115000.00, '2017-04-16', '2074-01-03', 3),
(1549, 531, 31, 100000.00, '2017-04-16', '2074-01-03', 3),
(1550, 430, 31, 100000.00, '2017-04-16', '2074-01-03', 3),
(1551, 495, 31, 100000.00, '2017-04-16', '2074-01-03', 3),
(1552, 541, 31, 20000.00, '2017-04-16', '2074-01-03', 3),
(1553, 379, 23, 300000.00, '2017-04-18', '2074-01-05', 10),
(1554, 113, 23, 200000.00, '2017-04-18', '2074-01-05', 10),
(1555, 133, 23, 106198.57, '2017-04-18', '2074-01-05', 2),
(1556, 549, 23, 200000.00, '2017-04-18', '2074-01-05', 2),
(1557, 24, 23, 200000.00, '2017-04-18', '2074-01-05', 2),
(1558, 503, 23, 200000.00, '2017-04-18', '2074-01-05', 2),
(1559, 490, 27, 300000.00, '2017-04-18', '2074-01-05', 5),
(1560, 274, 27, 300000.00, '2017-04-18', '2074-01-05', 5),
(1561, 561, 27, 256200.00, '2017-04-18', '2074-01-05', 110),
(1562, 509, 26, 300000.00, '2017-04-18', '2074-01-05', 105),
(1563, 367, 29, 100000.00, '2017-04-18', '2074-01-05', 87),
(1564, 78, 25, 115000.00, '2017-04-18', '2074-01-05', 3),
(1565, 191, 25, 100000.00, '2017-04-18', '2074-01-05', 10),
(1566, 79, 32, 230000.00, '2017-04-18', '2074-01-05', 12),
(1567, 273, 28, 150000.00, '2017-04-18', '2074-01-05', 9),
(1568, 565, 28, 16500.00, '2017-04-18', '2074-01-05', 111),
(1569, 259, 28, 105000.00, '2017-04-18', '2074-01-05', 11),
(1570, 152, 28, 300000.00, '2017-04-18', '2074-01-05', 59),
(1571, 264, 28, 90000.00, '2017-04-18', '2074-01-05', 9),
(1572, 146, 28, 1000000.00, '2017-04-18', '2074-01-05', 59),
(1573, 152, 28, 1000000.00, '2017-04-18', '2074-01-05', 59),
(1574, 210, 28, 500000.00, '2017-04-18', '2074-01-05', 68),
(1575, 146, 28, 250000.00, '2017-04-18', '2074-01-05', 59),
(1576, 163, 31, 60000.00, '2017-04-18', '2074-01-05', 3),
(1577, 222, 31, 50000.00, '2017-04-18', '2074-01-05', 3),
(1578, 315, 31, 500000.00, '2017-04-18', '2074-01-05', 3),
(1579, 371, 31, 150000.00, '2017-04-18', '2074-01-05', 3),
(1580, 410, 31, 50000.00, '2017-04-18', '2074-01-05', 3),
(1581, 266, 23, 100000.00, '2017-04-19', '2074-01-06', 2),
(1582, 319, 23, 247800.00, '2017-04-19', '2074-01-06', 2),
(1583, 247, 26, 460000.00, '2017-04-19', '2074-01-06', 4),
(1584, 556, 30, 150000.00, '2017-04-19', '2074-01-06', 108),
(1585, 371, 31, 50000.00, '2017-04-19', '2074-01-06', 3),
(1586, 505, 31, 350000.00, '2017-04-19', '2074-01-06', 3),
(1587, 305, 29, 60000.00, '2017-04-19', '2074-01-06', 14),
(1588, 283, 29, 264100.00, '2017-04-19', '2074-01-06', 14),
(1589, 143, 29, 128100.00, '2017-04-19', '2074-01-06', 14),
(1590, 181, 28, 1300.00, '2017-04-19', '2074-01-06', 64),
(1591, 185, 28, 250000.00, '2017-04-19', '2074-01-06', 11),
(1592, 112, 23, 249000.00, '2017-04-20', '2074-01-07', 54),
(1593, 233, 23, 100000.00, '2017-04-20', '2074-01-07', 2),
(1594, 523, 25, 40000.00, '2017-04-20', '2074-01-07', 3),
(1595, 79, 32, 220000.00, '2017-04-20', '2074-01-07', 12),
(1596, 409, 26, 500000.00, '2017-04-20', '2074-01-07', 20),
(1597, 423, 26, 50000.00, '2017-04-20', '2074-01-07', 11),
(1598, 16, 26, 78100.00, '2017-04-20', '2074-01-07', 11),
(1599, 83, 26, 50000.00, '2017-04-20', '2074-01-07', 11),
(1600, 154, 26, 103752.00, '2017-04-20', '2074-01-07', 11),
(1601, 314, 26, 45702.00, '2017-04-20', '2074-01-07', 11),
(1602, 374, 26, 50000.00, '2017-04-20', '2074-01-07', 11),
(1603, 394, 26, 101003.00, '2017-04-20', '2074-01-07', 11),
(1604, 91, 26, 199650.00, '2017-04-20', '2074-01-07', 11),
(1605, 526, 30, 500000.00, '2017-04-20', '2074-01-07', 26),
(1606, 27, 31, 100000.00, '2017-04-20', '2074-01-07', 2),
(1607, 528, 31, 100000.00, '2017-04-20', '2074-01-07', 3),
(1608, 449, 31, 250000.00, '2017-04-20', '2074-01-07', 3),
(1609, 112, 29, 5100.84, '2017-04-20', '2074-01-07', 54),
(1610, 112, 29, 260398.78, '2017-04-20', '2074-01-07', 55),
(1611, 112, 29, 246497.38, '2017-04-20', '2074-01-07', 55),
(1612, 119, 29, 50000.00, '2017-04-20', '2074-01-07', 11),
(1613, 411, 31, 400000.00, '2017-04-21', '2074-01-08', 21),
(1614, 138, 23, 500000.00, '2017-04-23', '2074-01-10', 10),
(1615, 220, 23, 256198.00, '2017-04-23', '2074-01-10', 2),
(1616, 522, 25, 30000.00, '2017-04-23', '2074-01-10', 3),
(1617, 191, 25, 150000.00, '2017-04-23', '2074-01-10', 10),
(1618, 592, 25, 45000.00, '2017-04-23', '2074-01-10', 3),
(1619, 409, 26, 500000.00, '2017-04-23', '2074-01-10', 20),
(1620, 273, 26, 500000.00, '2017-04-23', '2074-01-10', 9),
(1621, 4, 26, 300000.00, '2017-04-23', '2074-01-10', 4),
(1622, 114, 30, 100000.00, '2017-04-23', '2074-01-10', 26),
(1623, 193, 30, 134200.00, '2017-04-23', '2074-01-10', 26),
(1624, 298, 30, 40000.00, '2017-04-23', '2074-01-10', 26),
(1625, 366, 30, 60000.00, '2017-04-23', '2074-01-10', 26),
(1626, 526, 30, 123500.00, '2017-04-23', '2074-01-10', 26),
(1627, 259, 28, 536800.00, '2017-04-23', '2074-01-10', 11),
(1628, 388, 28, 234900.00, '2017-04-23', '2074-01-10', 11),
(1629, 117, 28, 278300.00, '2017-04-23', '2074-01-10', 11),
(1630, 14, 28, 20000.00, '2017-04-23', '2074-01-10', 3),
(1631, 311, 28, 300000.00, '2017-04-23', '2074-01-10', 14),
(1632, 36, 28, 300000.00, '2017-04-23', '2074-01-10', 14),
(1633, 66, 28, 400000.00, '2017-04-23', '2074-01-10', 14),
(1634, 180, 28, 300000.00, '2017-04-23', '2074-01-10', 31),
(1635, 287, 28, 256198.97, '2017-04-23', '2074-01-10', 14),
(1636, 416, 28, 500000.00, '2017-04-23', '2074-01-10', 31),
(1637, 33, 31, 50000.00, '2017-04-23', '2074-01-10', 3),
(1638, 78, 31, 100000.00, '2017-04-23', '2074-01-10', 3),
(1639, 525, 31, 50000.00, '2017-04-23', '2074-01-10', 3),
(1640, 222, 31, 50000.00, '2017-04-23', '2074-01-10', 3),
(1641, 371, 31, 50000.00, '2017-04-23', '2074-01-10', 3),
(1642, 531, 31, 56200.00, '2017-04-23', '2074-01-10', 3),
(1643, 430, 31, 70000.00, '2017-04-23', '2074-01-10', 3),
(1644, 439, 29, 100000.00, '2017-04-23', '2074-01-10', 14),
(1645, 232, 29, 500000.00, '2017-04-23', '2074-01-10', 14),
(1646, 263, 29, 328349.31, '2017-04-23', '2074-01-10', 14),
(1647, 214, 30, 50000.00, '2017-04-23', '2074-01-10', 26),
(1648, 269, 23, 200000.00, '2017-04-23', '2074-01-10', 76),
(1649, 9, 27, 500000.00, '2017-04-24', '2074-01-11', 5),
(1650, 98, 27, 1000000.00, '2017-04-24', '2074-01-11', 51),
(1651, 269, 23, 100000.00, '2017-04-24', '2074-01-11', 76),
(1652, 4, 26, 300000.00, '2017-04-24', '2074-01-11', 4),
(1653, 383, 25, 200000.00, '2017-04-24', '2074-01-11', 20),
(1654, 35, 28, 100000.00, '2017-04-24', '2074-01-11', 4),
(1655, 206, 28, 140000.22, '2017-04-24', '2074-01-11', 31),
(1656, 516, 28, 200000.00, '2017-04-24', '2074-01-11', 1),
(1657, 1, 28, 92999.97, '2017-04-24', '2074-01-11', 1),
(1658, 8, 28, 89942.99, '2017-04-24', '2074-01-11', 1),
(1659, 534, 28, 29999.61, '2017-04-24', '2074-01-11', 1),
(1660, 520, 28, 17057.43, '2017-04-24', '2074-01-11', 1),
(1661, 420, 30, 700000.00, '2017-04-24', '2074-01-11', 15),
(1662, 237, 30, 20000.00, '2017-04-24', '2074-01-11', 26),
(1663, 348, 30, 100000.00, '2017-04-24', '2074-01-11', 26),
(1664, 148, 31, 50000.00, '2017-04-24', '2074-01-11', 3),
(1665, 370, 31, 250000.00, '2017-04-24', '2074-01-11', 4),
(1666, 198, 29, 148200.00, '2017-04-24', '2074-01-11', 14),
(1667, 455, 29, 224500.00, '2017-04-24', '2074-01-11', 14),
(1668, 446, 29, 152200.67, '2017-04-24', '2074-01-11', 14),
(1669, 561, 27, 256200.00, '2017-04-25', '2074-01-12', 110),
(1670, 490, 27, 300000.00, '2017-04-25', '2074-01-12', 5),
(1671, 7, 27, 302400.00, '2017-04-25', '2074-01-12', 6),
(1672, 264, 28, 66500.00, '2017-04-25', '2074-01-12', 9),
(1673, 462, 28, 97000.00, '2017-04-25', '2074-01-12', 1),
(1674, 554, 28, 66550.22, '2017-04-25', '2074-01-12', 31),
(1675, 228, 28, 111000.00, '2017-04-25', '2074-01-12', 1),
(1676, 409, 26, 500000.00, '2017-04-25', '2074-01-12', 20),
(1677, 214, 30, 50000.00, '2017-04-25', '2074-01-12', 26),
(1678, 420, 30, 800000.00, '2017-04-25', '2074-01-12', 15),
(1679, 556, 30, 100000.00, '2017-04-25', '2074-01-12', 108),
(1680, 436, 30, 100000.00, '2017-04-25', '2074-01-12', 26),
(1681, 136, 31, 278200.00, '2017-04-25', '2074-01-12', 21),
(1682, 495, 31, 200000.00, '2017-04-25', '2074-01-12', 3),
(1683, 384, 29, 310801.31, '2017-04-25', '2074-01-12', 14),
(1684, 168, 23, 281199.81, '2017-04-25', '2074-01-12', 2),
(1685, 371, 31, 70000.00, '2017-04-25', '2074-01-12', 3),
(1686, 24, 23, 100000.00, '2017-04-26', '2074-01-13', 2),
(1687, 266, 23, 100000.00, '2017-04-26', '2074-01-13', 2),
(1688, 69, 27, 604801.75, '2017-04-26', '2074-01-13', 36),
(1689, 578, 30, 50000.00, '2017-04-26', '2074-01-13', 26),
(1690, 44, 30, 124800.00, '2017-04-26', '2074-01-13', 26),
(1691, 91, 26, 199651.00, '2017-04-26', '2074-01-13', 11),
(1692, 374, 26, 79252.00, '2017-04-26', '2074-01-13', 11),
(1693, 423, 26, 51300.00, '2017-04-26', '2074-01-13', 11),
(1694, 369, 26, 95702.00, '2017-04-26', '2074-01-13', 11),
(1695, 328, 26, 101300.00, '2017-04-26', '2074-01-13', 11),
(1696, 116, 26, 50000.00, '2017-04-26', '2074-01-13', 11),
(1697, 59, 26, 111500.00, '2017-04-26', '2074-01-13', 11),
(1698, 55, 26, 65000.00, '2017-04-26', '2074-01-13', 11),
(1699, 586, 26, 104101.00, '2017-04-26', '2074-01-13', 11),
(1700, 459, 26, 144651.00, '2017-04-26', '2074-01-13', 11),
(1701, 259, 28, 400000.00, '2017-04-26', '2074-01-13', 11),
(1702, 311, 28, 150000.00, '2017-04-26', '2074-01-13', 14),
(1703, 576, 28, 90750.30, '2017-04-26', '2074-01-13', 1),
(1704, 136, 31, 277400.00, '2017-04-26', '2074-01-13', 21),
(1705, 315, 31, 500000.00, '2017-04-26', '2074-01-13', 3),
(1706, 440, 29, 234300.53, '2017-04-26', '2074-01-13', 14),
(1707, 549, 23, 150000.00, '2017-04-27', '2074-01-14', 2),
(1708, 126, 26, 116000.00, '2017-04-27', '2074-01-14', 2),
(1709, 367, 29, 300000.00, '2017-04-27', '2074-01-14', 87),
(1710, 211, 31, 35000.00, '2017-04-27', '2074-01-14', 3),
(1711, 528, 31, 50000.00, '2017-04-27', '2074-01-14', 3),
(1712, 449, 31, 50000.00, '2017-04-27', '2074-01-14', 3),
(1713, 449, 31, 250000.00, '2017-04-27', '2074-01-14', 3),
(1714, 512, 31, 10000.00, '2017-04-27', '2074-01-14', 3),
(1715, 161, 23, 100000.00, '2017-04-27', '2074-01-14', 2),
(1716, 191, 25, 50000.00, '2017-04-28', '2074-01-15', 10),
(1717, 191, 25, 60000.00, '2017-04-28', '2074-01-15', 10),
(1718, 434, 26, 200000.00, '2017-04-28', '2074-01-15', 11),
(1719, 19, 26, 201296.00, '2017-04-28', '2074-01-15', 11),
(1720, 441, 26, 50000.00, '2017-04-28', '2074-01-15', 11),
(1721, 483, 26, 201300.00, '2017-04-28', '2074-01-15', 11),
(1722, 99, 26, 155401.00, '2017-04-28', '2074-01-15', 11),
(1723, 502, 26, 201295.00, '2017-04-28', '2074-01-15', 11),
(1724, 18, 28, 100000.00, '2017-04-28', '2074-01-15', 13),
(1725, 321, 28, 500000.00, '2017-04-28', '2074-01-15', 13),
(1726, 485, 28, 100000.00, '2017-04-28', '2074-01-15', 11),
(1727, 505, 28, 300000.00, '2017-04-28', '2074-01-15', 3),
(1728, 497, 31, 100000.00, '2017-04-28', '2074-01-15', 11),
(1729, 130, 29, 245700.42, '2017-04-28', '2074-01-15', 21),
(1730, 472, 29, 256198.56, '2017-04-28', '2074-01-15', 14),
(1731, 388, 23, 190000.00, '2017-04-28', '2074-01-15', 11),
(1732, 490, 27, 300000.00, '2017-04-30', '2074-01-17', 5),
(1733, 9, 27, 500000.00, '2017-04-30', '2074-01-17', 5),
(1734, 59, 23, 76300.00, '2017-04-30', '2074-01-17', 11),
(1735, 269, 23, 150000.00, '2017-04-30', '2074-01-17', 76),
(1736, 549, 23, 150000.00, '2017-04-30', '2074-01-17', 2),
(1737, 394, 26, 70000.00, '2017-04-30', '2074-01-17', 11),
(1738, 33, 31, 100000.00, '2017-04-30', '2074-01-17', 3),
(1739, 37, 31, 200000.00, '2017-04-30', '2074-01-17', 4),
(1740, 86, 31, 166100.00, '2017-04-30', '2074-01-17', 4),
(1741, 148, 31, 140000.00, '2017-04-30', '2074-01-17', 3),
(1742, 525, 31, 100000.00, '2017-04-30', '2074-01-17', 3),
(1743, 163, 31, 50000.00, '2017-04-30', '2074-01-17', 3),
(1744, 149, 31, 154100.00, '2017-04-30', '2074-01-17', 4),
(1745, 200, 31, 54100.00, '2017-04-30', '2074-01-17', 4),
(1746, 222, 31, 200000.00, '2017-04-30', '2074-01-17', 3),
(1747, 531, 31, 50000.00, '2017-04-30', '2074-01-17', 3),
(1748, 121, 31, 200000.00, '2017-04-30', '2074-01-17', 4),
(1749, 144, 31, 64100.00, '2017-04-30', '2074-01-17', 4),
(1750, 111, 31, 200000.00, '2017-04-30', '2074-01-17', 4),
(1751, 119, 29, 50000.00, '2017-04-30', '2074-01-17', 11),
(1752, 411, 29, 500000.00, '2017-04-30', '2074-01-17', 21),
(1753, 232, 29, 550000.00, '2017-04-30', '2074-01-17', 14),
(1754, 214, 30, 50000.00, '2017-04-30', '2074-01-17', 26),
(1755, 526, 30, 179500.00, '2017-04-30', '2074-01-17', 26),
(1756, 362, 30, 55000.00, '2017-04-30', '2074-01-17', 26),
(1757, 497, 28, 276500.00, '2017-04-30', '2074-01-17', 11),
(1758, 471, 28, 152500.00, '2017-04-30', '2074-01-17', 11),
(1759, 485, 28, 172000.00, '2017-04-30', '2074-01-17', 11),
(1760, 152, 28, 600000.00, '2017-04-30', '2074-01-17', 59),
(1761, 496, 28, 128000.00, '2017-04-30', '2074-01-17', 104),
(1762, 180, 28, 200000.00, '2017-04-30', '2074-01-17', 31),
(1763, 146, 28, 390000.00, '2017-04-30', '2074-01-17', 59),
(1764, 146, 28, 1210000.00, '2017-04-30', '2074-01-17', 59),
(1765, 273, 28, 500000.00, '2017-04-30', '2074-01-17', 9),
(1766, 416, 28, 350000.00, '2017-04-30', '2074-01-17', 31);
INSERT INTO `tbl_payment` (`id`, `party_id`, `bank_id`, `payment`, `date_en`, `date_np`, `assigned_party_id`) VALUES
(1767, 421, 23, 500000.00, '2017-05-02', '2074-01-19', 10),
(1768, 266, 23, 100000.00, '2017-05-02', '2074-01-19', 2),
(1769, 24, 23, 150000.00, '2017-05-02', '2074-01-19', 2),
(1770, 503, 23, 300000.00, '2017-05-02', '2074-01-19', 2),
(1771, 434, 26, 300000.00, '2017-05-02', '2074-01-19', 11),
(1772, 191, 25, 40000.00, '2017-05-02', '2074-01-19', 10),
(1773, 306, 31, 200000.00, '2017-05-02', '2074-01-19', 45),
(1774, 418, 29, 201298.00, '2017-05-02', '2074-01-19', 73),
(1775, 446, 29, 146000.00, '2017-05-02', '2074-01-19', 14),
(1776, 350, 29, 100000.00, '2017-05-02', '2074-01-19', 14),
(1777, 439, 29, 100000.00, '2017-05-02', '2074-01-19', 14),
(1778, 350, 29, 100000.00, '2017-05-02', '2074-01-19', 14),
(1779, 193, 30, 132000.00, '2017-05-02', '2074-01-19', 26),
(1780, 291, 30, 100000.00, '2017-05-02', '2074-01-19', 26),
(1781, 496, 28, 128000.00, '2017-05-02', '2074-01-19', 104),
(1782, 180, 28, 250000.00, '2017-05-02', '2074-01-19', 31),
(1783, 210, 28, 500000.00, '2017-05-02', '2074-01-19', 68),
(1784, 152, 28, 300000.00, '2017-05-02', '2074-01-19', 59),
(1785, 13, 28, 103000.00, '2017-05-02', '2074-01-19', 9),
(1786, 327, 28, 100000.00, '2017-05-02', '2074-01-19', 9),
(1787, 171, 28, 1000000.00, '2017-05-02', '2074-01-19', 31),
(1788, 269, 23, 120000.00, '2017-05-03', '2074-01-20', 76),
(1789, 360, 23, 300000.00, '2017-05-03', '2074-01-20', 2),
(1790, 394, 26, 83100.00, '2017-05-03', '2074-01-20', 11),
(1791, 91, 26, 193050.00, '2017-05-03', '2074-01-20', 11),
(1792, 314, 26, 100000.00, '2017-05-03', '2074-01-20', 11),
(1793, 351, 26, 117150.00, '2017-05-03', '2074-01-20', 11),
(1794, 390, 26, 101300.00, '2017-05-03', '2074-01-20', 11),
(1795, 409, 26, 500000.00, '2017-05-03', '2074-01-20', 20),
(1796, 400, 31, 50000.00, '2017-05-03', '2074-01-20', 3),
(1797, 592, 31, 90000.00, '2017-05-03', '2074-01-20', 3),
(1798, 302, 29, 200000.00, '2017-05-03', '2074-01-20', 14),
(1799, 68, 27, 153300.00, '2017-05-03', '2074-01-20', 36),
(1800, 561, 27, 256194.00, '2017-05-03', '2074-01-20', 110),
(1801, 67, 30, 170000.00, '2017-05-03', '2074-01-20', 26),
(1802, 417, 30, 275000.00, '2017-05-03', '2074-01-20', 11),
(1803, 114, 30, 90500.00, '2017-05-03', '2074-01-20', 26),
(1804, 152, 28, 562000.00, '2017-05-03', '2074-01-20', 59),
(1805, 264, 28, 93000.00, '2017-05-03', '2074-01-20', 9),
(1806, 234, 28, 200000.00, '2017-05-03', '2074-01-20', 14),
(1807, 202, 28, 200000.00, '2017-05-03', '2074-01-20', 14),
(1808, 66, 28, 450000.00, '2017-05-03', '2074-01-20', 14),
(1809, 447, 28, 250000.00, '2017-05-03', '2074-01-20', 14),
(1810, 281, 28, 200000.00, '2017-05-03', '2074-01-20', 14),
(1811, 259, 28, 205000.00, '2017-05-03', '2074-01-20', 11),
(1812, 127, 27, 300000.00, '2017-05-04', '2074-01-21', 57),
(1813, 430, 28, 120000.00, '2017-05-04', '2074-01-21', 3),
(1814, 417, 28, 25000.00, '2017-05-04', '2074-01-21', 11),
(1815, 213, 28, 6400.00, '2017-05-04', '2074-01-21', 69),
(1816, 432, 28, 419201.06, '2017-05-04', '2074-01-21', 45),
(1817, 505, 28, 100000.00, '2017-05-04', '2074-01-21', 3),
(1818, 453, 30, 288000.84, '2017-05-04', '2074-01-21', 100),
(1819, 207, 31, 50000.00, '2017-05-04', '2074-01-21', 3),
(1820, 400, 31, 100000.00, '2017-05-04', '2074-01-21', 3),
(1821, 430, 31, 100000.00, '2017-05-04', '2074-01-21', 3),
(1822, 505, 31, 400000.00, '2017-05-04', '2074-01-21', 3),
(1823, 169, 29, 296098.19, '2017-05-04', '2074-01-21', 14),
(1824, 411, 29, 400000.00, '2017-05-04', '2074-01-21', 21),
(1825, 509, 26, 300000.00, '2017-05-05', '2074-01-22', 105),
(1826, 235, 28, 190000.00, '2017-05-05', '2074-01-22', 11),
(1827, 528, 28, 50000.00, '2017-05-05', '2074-01-22', 3),
(1828, 222, 28, 50000.00, '2017-05-05', '2074-01-22', 3),
(1829, 363, 28, 37000.00, '2017-05-05', '2074-01-22', 3),
(1830, 523, 28, 50000.00, '2017-05-05', '2074-01-22', 3),
(1831, 211, 28, 40000.00, '2017-05-05', '2074-01-22', 3),
(1832, 512, 28, 10000.00, '2017-05-05', '2074-01-22', 3),
(1833, 410, 28, 45000.00, '2017-05-05', '2074-01-22', 3),
(1834, 48, 29, 200000.00, '2017-05-05', '2074-01-22', 14),
(1835, 163, 31, 150000.00, '2017-05-05', '2074-01-22', 3),
(1836, 221, 31, 180000.00, '2017-05-05', '2074-01-22', 21),
(1837, 315, 31, 150000.00, '2017-05-05', '2074-01-22', 3),
(1838, 474, 31, 50000.00, '2017-05-05', '2074-01-22', 3),
(1839, 541, 31, 16200.00, '2017-05-05', '2074-01-22', 3),
(1840, 398, 23, 131000.00, '2017-05-07', '2074-01-24', 10),
(1841, 421, 23, 200000.00, '2017-05-07', '2074-01-24', 10),
(1842, 340, 23, 186500.00, '2017-05-07', '2074-01-24', 2),
(1843, 549, 23, 300000.00, '2017-05-07', '2074-01-24', 2),
(1844, 282, 23, 150000.00, '2017-05-07', '2074-01-24', 2),
(1845, 78, 26, 150000.00, '2017-05-07', '2074-01-24', 3),
(1846, 509, 26, 300000.00, '2017-05-07', '2074-01-24', 105),
(1847, 191, 25, 100000.00, '2017-05-07', '2074-01-24', 10),
(1848, 119, 25, 35000.00, '2017-05-07', '2074-01-24', 11),
(1849, 523, 25, 50000.00, '2017-05-07', '2074-01-24', 3),
(1850, 567, 25, 110000.00, '2017-05-07', '2074-01-24', 3),
(1851, 366, 30, 70000.00, '2017-05-07', '2074-01-24', 26),
(1852, 65, 30, 4200.00, '2017-05-07', '2074-01-24', 22),
(1853, 65, 30, 306601.09, '2017-05-07', '2074-01-24', 22),
(1854, 65, 30, 251998.91, '2017-05-07', '2074-01-24', 22),
(1855, 119, 29, 9300.00, '2017-05-07', '2074-01-24', 11),
(1856, 439, 29, 100000.00, '2017-05-07', '2074-01-24', 14),
(1857, 232, 29, 500000.00, '2017-05-07', '2074-01-24', 14),
(1858, 235, 28, 458500.00, '2017-05-07', '2074-01-24', 11),
(1859, 570, 28, 79000.00, '2017-05-07', '2074-01-24', 113),
(1860, 225, 28, 92999.57, '2017-05-07', '2074-01-24', 1),
(1861, 475, 28, 185999.14, '2017-05-07', '2074-01-24', 1),
(1862, 279, 28, 126998.33, '2017-05-07', '2074-01-24', 1),
(1863, 520, 28, 159002.69, '2017-05-07', '2074-01-24', 1),
(1864, 532, 28, 50000.00, '2017-05-07', '2074-01-24', 11),
(1865, 197, 28, 52000.00, '2017-05-07', '2074-01-24', 66),
(1866, 532, 28, 200000.00, '2017-05-07', '2074-01-24', 11),
(1867, 33, 31, 100000.00, '2017-05-07', '2074-01-24', 3),
(1868, 525, 31, 100000.00, '2017-05-07', '2074-01-24', 3),
(1869, 528, 31, 50000.00, '2017-05-07', '2074-01-24', 3),
(1870, 222, 31, 20000.00, '2017-05-07', '2074-01-24', 3),
(1871, 222, 31, 140000.00, '2017-05-07', '2074-01-24', 3),
(1872, 315, 31, 900000.00, '2017-05-07', '2074-01-24', 3),
(1873, 531, 31, 100000.00, '2017-05-07', '2074-01-24', 3),
(1874, 400, 31, 80000.00, '2017-05-07', '2074-01-24', 3),
(1875, 533, 31, 150000.00, '2017-05-07', '2074-01-24', 3),
(1876, 430, 31, 60000.00, '2017-05-07', '2074-01-24', 3),
(1877, 505, 31, 250000.00, '2017-05-07', '2074-01-24', 3),
(1878, 371, 31, 100000.00, '2017-05-07', '2074-01-24', 3),
(1879, 79, 32, 200000.00, '2017-05-08', '2074-01-25', 12),
(1880, 191, 25, 50000.00, '2017-05-08', '2074-01-25', 10),
(1881, 72, 27, 570000.00, '2017-05-08', '2074-01-25', 5),
(1882, 7, 27, 300000.00, '2017-05-08', '2074-01-25', 6),
(1883, 235, 28, 100000.00, '2017-05-08', '2074-01-25', 11),
(1884, 465, 28, 90000.00, '2017-05-08', '2074-01-25', 1),
(1885, 273, 26, 200000.00, '2017-05-08', '2074-01-25', 9),
(1886, 137, 26, 500000.00, '2017-05-08', '2074-01-25', 20),
(1887, 100, 26, 400000.00, '2017-05-08', '2074-01-25', 52),
(1888, 100, 26, 100000.00, '2017-05-08', '2074-01-25', 52),
(1889, 275, 26, 95051.00, '2017-05-08', '2074-01-25', 4),
(1890, 325, 26, 199651.00, '2017-05-08', '2074-01-25', 4),
(1891, 226, 26, 230300.00, '2017-05-08', '2074-01-25', 4),
(1892, 520, 30, 50000.00, '2017-05-08', '2074-01-25', 1),
(1893, 298, 30, 50000.00, '2017-05-08', '2074-01-25', 26),
(1894, 371, 31, 100000.00, '2017-05-08', '2074-01-25', 3),
(1895, 411, 29, 350000.00, '2017-05-08', '2074-01-25', 21),
(1896, 367, 29, 280000.00, '2017-05-08', '2074-01-25', 87),
(1897, 220, 23, 300000.00, '2017-05-09', '2074-01-26', 2),
(1898, 509, 26, 300000.00, '2017-05-09', '2074-01-26', 105),
(1899, 192, 26, 100000.00, '2017-05-09', '2074-01-26', 9),
(1900, 395, 26, 1000000.00, '2017-05-09', '2074-01-26', 45),
(1901, 99, 26, 132300.00, '2017-05-09', '2074-01-26', 11),
(1902, 52, 26, 100000.00, '2017-05-09', '2074-01-26', 11),
(1903, 478, 26, 100000.00, '2017-05-09', '2074-01-26', 11),
(1904, 16, 26, 50000.00, '2017-05-09', '2074-01-26', 11),
(1905, 135, 26, 100000.00, '2017-05-09', '2074-01-26', 11),
(1906, 351, 26, 100650.00, '2017-05-09', '2074-01-26', 11),
(1907, 393, 26, 106500.00, '2017-05-09', '2074-01-26', 11),
(1908, 502, 26, 100000.00, '2017-05-09', '2074-01-26', 11),
(1909, 91, 26, 201300.00, '2017-05-09', '2074-01-26', 11),
(1910, 206, 28, 89999.42, '2017-05-09', '2074-01-26', 31),
(1911, 172, 28, 1000000.00, '2017-05-09', '2074-01-26', 31),
(1912, 210, 28, 500000.00, '2017-05-09', '2074-01-26', 68),
(1913, 146, 28, 250000.00, '2017-05-09', '2074-01-26', 59),
(1914, 26, 28, 62000.00, '2017-05-09', '2074-01-26', 9),
(1915, 427, 28, 98250.00, '2017-05-09', '2074-01-26', 1),
(1916, 146, 28, 600000.00, '2017-05-09', '2074-01-26', 59),
(1917, 146, 28, 150000.00, '2017-05-09', '2074-01-26', 59),
(1918, 264, 28, 100000.00, '2017-05-09', '2074-01-26', 9),
(1919, 152, 28, 1000000.00, '2017-05-09', '2074-01-26', 59),
(1920, 36, 28, 400000.00, '2017-05-09', '2074-01-26', 14),
(1921, 232, 29, 300000.00, '2017-05-09', '2074-01-26', 14),
(1922, 542, 23, 100000.00, '2017-05-11', '2074-01-28', 2),
(1923, 335, 23, 150000.00, '2017-05-11', '2074-01-28', 2),
(1924, 161, 23, 75099.52, '2017-05-11', '2074-01-28', 2),
(1925, 266, 23, 100000.00, '2017-05-11', '2074-01-28', 2),
(1926, 180, 23, 400000.00, '2017-05-11', '2074-01-28', 31),
(1927, 481, 23, 400000.00, '2017-05-11', '2074-01-28', 31),
(1928, 506, 23, 150000.00, '2017-05-11', '2074-01-28', 2),
(1929, 9, 27, 500000.00, '2017-05-11', '2074-01-28', 5),
(1930, 68, 27, 281402.00, '2017-05-11', '2074-01-28', 36),
(1931, 254, 27, 337000.00, '2017-05-11', '2074-01-28', 5),
(1932, 411, 29, 400000.00, '2017-05-11', '2074-01-28', 21),
(1933, 440, 29, 128099.29, '2017-05-11', '2074-01-28', 14),
(1934, 263, 29, 256198.56, '2017-05-11', '2074-01-28', 14),
(1935, 404, 28, 60000.00, '2017-05-11', '2074-01-28', 92),
(1936, 240, 28, 250000.00, '2017-05-11', '2074-01-28', 15),
(1937, 394, 28, 270900.00, '2017-05-11', '2074-01-28', 11),
(1938, 530, 28, 600000.00, '2017-05-11', '2074-01-28', 14),
(1939, 206, 28, 123999.42, '2017-05-11', '2074-01-28', 31),
(1940, 132, 28, 220000.00, '2017-05-11', '2074-01-28', 11),
(1941, 235, 28, 195000.00, '2017-05-11', '2074-01-28', 11),
(1942, 264, 28, 109500.00, '2017-05-11', '2074-01-28', 9),
(1943, 496, 28, 300000.00, '2017-05-11', '2074-01-28', 104),
(1944, 201, 28, 214000.00, '2017-05-11', '2074-01-28', 31),
(1945, 43, 28, 62999.00, '2017-05-11', '2074-01-28', 25),
(1946, 540, 28, 211049.20, '2017-05-11', '2074-01-28', 11),
(1947, 79, 32, 250000.00, '2017-05-11', '2074-01-28', 12),
(1948, 574, 31, 233000.00, '2017-05-11', '2074-01-28', 3),
(1949, 222, 31, 55000.00, '2017-05-11', '2074-01-28', 3),
(1950, 371, 31, 70000.00, '2017-05-11', '2074-01-28', 3),
(1951, 411, 31, 50000.00, '2017-05-11', '2074-01-28', 21),
(1952, 504, 31, 40000.00, '2017-05-11', '2074-01-28', 3),
(1953, 512, 31, 70000.00, '2017-05-11', '2074-01-28', 3),
(1954, 497, 31, 150000.00, '2017-05-11', '2074-01-28', 11),
(1955, 324, 31, 294000.00, '2017-05-11', '2074-01-28', 36),
(1956, 483, 26, 201300.00, '2017-05-11', '2074-01-28', 11),
(1957, 116, 26, 157400.00, '2017-05-11', '2074-01-28', 11),
(1958, 478, 26, 156200.00, '2017-05-11', '2074-01-28', 11),
(1959, 328, 26, 100000.00, '2017-05-11', '2074-01-28', 11),
(1960, 524, 26, 57500.00, '2017-05-11', '2074-01-28', 9),
(1961, 499, 26, 105750.00, '2017-05-11', '2074-01-28', 9),
(1962, 509, 26, 250000.00, '2017-05-11', '2074-01-28', 105),
(1963, 357, 25, 264600.00, '2017-05-12', '2074-01-29', 16),
(1964, 184, 25, 294000.00, '2017-05-12', '2074-01-29', 65),
(1965, 522, 28, 20000.00, '2017-05-12', '2074-01-29', 3),
(1966, 163, 28, 50000.00, '2017-05-12', '2074-01-29', 3),
(1967, 206, 28, 182500.66, '2017-05-12', '2074-01-29', 31),
(1968, 411, 29, 250000.00, '2017-05-12', '2074-01-29', 21),
(1969, 315, 31, 400000.00, '2017-05-12', '2074-01-29', 3),
(1970, 27, 31, 200000.00, '2017-05-12', '2074-01-29', 2),
(1971, 478, 26, 200000.00, '2017-05-12', '2074-01-29', 11),
(1972, 504, 25, 18000.00, '2017-05-14', '2074-01-31', 3),
(1973, 504, 25, 12000.00, '2017-05-14', '2074-01-31', 3),
(1974, 132, 28, 50000.00, '2017-05-14', '2074-01-31', 11),
(1975, 334, 28, 175000.00, '2017-05-14', '2074-01-31', 31),
(1976, 312, 28, 252600.00, '2017-05-14', '2074-01-31', 11),
(1977, 196, 28, 554400.00, '2017-05-14', '2074-01-31', 11),
(1978, 548, 28, 250000.00, '2017-05-14', '2074-01-31', 14),
(1979, 448, 28, 300000.00, '2017-05-14', '2074-01-31', 14),
(1980, 447, 28, 250000.00, '2017-05-14', '2074-01-31', 14),
(1981, 77, 23, 500000.00, '2017-05-14', '2074-01-31', 10),
(1982, 266, 23, 100000.00, '2017-05-14', '2074-01-31', 2),
(1983, 33, 31, 100000.00, '2017-05-14', '2074-01-31', 3),
(1984, 111, 31, 50000.00, '2017-05-14', '2074-01-31', 4),
(1985, 148, 31, 50000.00, '2017-05-14', '2074-01-31', 3),
(1986, 525, 31, 60000.00, '2017-05-14', '2074-01-31', 3),
(1987, 528, 31, 50000.00, '2017-05-14', '2074-01-31', 3),
(1988, 304, 31, 200000.00, '2017-05-14', '2074-01-31', 4),
(1989, 318, 31, 200000.00, '2017-05-14', '2074-01-31', 4),
(1990, 495, 31, 50000.00, '2017-05-14', '2074-01-31', 3),
(1991, 541, 31, 40000.00, '2017-05-14', '2074-01-31', 3),
(1992, 32, 31, 100000.00, '2017-05-14', '2074-01-31', 4),
(1993, 65, 30, 532500.00, '2017-05-14', '2074-01-31', 22),
(1994, 364, 30, 100000.00, '2017-05-14', '2074-01-31', 26),
(1995, 79, 32, 200000.00, '2017-05-14', '2074-01-31', 12),
(1996, 411, 29, 300000.00, '2017-05-14', '2074-01-31', 21),
(1997, 310, 23, 150000.00, '2017-05-15', '2074-02-01', 2),
(1998, 168, 23, 227399.84, '2017-05-15', '2074-02-01', 2),
(1999, 439, 29, 100000.00, '2017-05-15', '2074-02-01', 14),
(2000, 210, 28, 500000.00, '2017-05-15', '2074-02-01', 68),
(2001, 273, 28, 400000.00, '2017-05-15', '2074-02-01', 9),
(2002, 317, 28, 200000.00, '2017-05-15', '2074-02-01', 14),
(2003, 13, 28, 97500.00, '2017-05-15', '2074-02-01', 9),
(2004, 505, 28, 225000.00, '2017-05-15', '2074-02-01', 3),
(2005, 67, 30, 206500.00, '2017-05-15', '2074-02-01', 26),
(2006, 348, 30, 100000.00, '2017-05-15', '2074-02-01', 26),
(2007, 505, 31, 100000.00, '2017-05-15', '2074-02-01', 3),
(2008, 409, 26, 400000.00, '2017-05-15', '2074-02-01', 20),
(2009, 88, 26, 273000.00, '2017-05-15', '2074-02-01', 2),
(2010, 24, 23, 150000.00, '2017-05-16', '2074-02-02', 2),
(2011, 319, 23, 289800.00, '2017-05-16', '2074-02-02', 2),
(2012, 72, 27, 200000.00, '2017-05-16', '2074-02-02', 5),
(2013, 98, 27, 1000000.00, '2017-05-16', '2074-02-02', 51),
(2014, 414, 27, 2748406.50, '2017-05-16', '2074-02-02', 96),
(2015, 376, 26, 50000.00, '2017-05-16', '2074-02-02', 11),
(2016, 491, 30, 200000.00, '2017-05-16', '2074-02-02', 26),
(2017, 511, 30, 50000.00, '2017-05-16', '2074-02-02', 26),
(2018, 117, 31, 150000.00, '2017-05-16', '2074-02-02', 11),
(2019, 523, 28, 40000.00, '2017-05-16', '2074-02-02', 3),
(2020, 476, 28, 25000.00, '2017-05-16', '2074-02-02', 11),
(2021, 259, 28, 284000.00, '2017-05-16', '2074-02-02', 11),
(2022, 496, 28, 200000.00, '2017-05-16', '2074-02-02', 104),
(2023, 192, 28, 127111.00, '2017-05-16', '2074-02-02', 9),
(2024, 529, 29, 265000.00, '2017-05-16', '2074-02-02', 14),
(2025, 232, 29, 300000.00, '2017-05-16', '2074-02-02', 14),
(2026, 418, 29, 201298.00, '2017-05-16', '2074-02-02', 73),
(2027, 24, 23, 100000.00, '2017-05-17', '2074-02-03', 2),
(2028, 72, 27, 200000.00, '2017-05-17', '2074-02-03', 5),
(2029, 129, 25, 269600.00, '2017-05-17', '2074-02-03', 16),
(2030, 16, 26, 50000.00, '2017-05-17', '2074-02-03', 11),
(2031, 83, 26, 104102.00, '2017-05-17', '2074-02-03', 11),
(2032, 84, 26, 100000.00, '2017-05-17', '2074-02-03', 11),
(2033, 91, 26, 128100.00, '2017-05-17', '2074-02-03', 11),
(2034, 314, 26, 100000.00, '2017-05-17', '2074-02-03', 11),
(2035, 328, 26, 101300.00, '2017-05-17', '2074-02-03', 11),
(2036, 374, 26, 71000.00, '2017-05-17', '2074-02-03', 11),
(2037, 390, 26, 100000.00, '2017-05-17', '2074-02-03', 11),
(2038, 393, 26, 109800.00, '2017-05-17', '2074-02-03', 11),
(2039, 55, 26, 128050.00, '2017-05-17', '2074-02-03', 11),
(2040, 520, 28, 98939.20, '2017-05-17', '2074-02-03', 1),
(2041, 534, 28, 95999.72, '2017-05-17', '2074-02-03', 1),
(2042, 279, 28, 205061.08, '2017-05-17', '2074-02-03', 1),
(2043, 152, 28, 250000.00, '2017-05-17', '2074-02-03', 59),
(2044, 496, 28, 200000.00, '2017-05-17', '2074-02-03', 104),
(2045, 146, 28, 300000.00, '2017-05-17', '2074-02-03', 59),
(2046, 152, 28, 1000000.00, '2017-05-17', '2074-02-03', 59),
(2047, 104, 28, 96750.00, '2017-05-17', '2074-02-03', 1),
(2048, 13, 28, 100500.00, '2017-05-17', '2074-02-03', 9),
(2049, 228, 28, 110000.00, '2017-05-17', '2074-02-03', 1),
(2050, 362, 30, 35000.00, '2017-05-17', '2074-02-03', 26),
(2051, 193, 30, 73200.00, '2017-05-17', '2074-02-03', 26),
(2052, 405, 30, 65000.00, '2017-05-17', '2074-02-03', 26),
(2053, 556, 30, 150000.00, '2017-05-17', '2074-02-03', 108),
(2054, 411, 29, 272999.41, '2017-05-17', '2074-02-03', 31),
(2055, 411, 29, 27000.59, '2017-05-17', '2074-02-03', 21),
(2056, 33, 31, 200000.00, '2017-05-17', '2074-02-03', 3),
(2057, 78, 31, 150000.00, '2017-05-17', '2074-02-03', 3),
(2058, 495, 31, 100000.00, '2017-05-17', '2074-02-03', 3),
(2059, 135, 26, 100000.00, '2017-05-17', '2074-02-03', 11),
(2060, 490, 27, 200000.00, '2017-05-18', '2074-02-04', 5),
(2061, 69, 27, 674798.00, '2017-05-18', '2074-02-04', 36),
(2062, 14, 25, 33500.00, '2017-05-18', '2074-02-04', 3),
(2063, 117, 28, 170000.00, '2017-05-18', '2074-02-04', 11),
(2064, 35, 28, 500000.00, '2017-05-18', '2074-02-04', 4),
(2065, 458, 28, 200000.00, '2017-05-18', '2074-02-04', 11),
(2066, 152, 28, 1000000.00, '2017-05-18', '2074-02-04', 59),
(2067, 446, 29, 149100.34, '2017-05-18', '2074-02-04', 14),
(2068, 495, 31, 80000.00, '2017-05-18', '2074-02-04', 3),
(2069, 32, 31, 22146.00, '2017-05-18', '2074-02-04', 4),
(2070, 37, 31, 4650.00, '2017-05-18', '2074-02-04', 4),
(2071, 111, 31, 16100.00, '2017-05-18', '2074-02-04', 4),
(2072, 149, 31, 33304.00, '2017-05-18', '2074-02-04', 4),
(2073, 226, 31, 23800.00, '2017-05-18', '2074-02-04', 4),
(2074, 514, 31, 200000.00, '2017-05-18', '2074-02-04', 20),
(2075, 368, 31, 200000.00, '2017-05-18', '2074-02-04', 4),
(2076, 9, 27, 400000.00, '2017-05-19', '2074-02-05', 5),
(2077, 208, 25, 214500.00, '2017-05-19', '2074-02-05', 16),
(2078, 528, 25, 50000.00, '2017-05-19', '2074-02-05', 3),
(2079, 394, 28, 321300.00, '2017-05-19', '2074-02-05', 11),
(2080, 26, 28, 96000.00, '2017-05-19', '2074-02-05', 9),
(2081, 264, 28, 96000.00, '2017-05-19', '2074-02-05', 9),
(2082, 430, 28, 55000.00, '2017-05-19', '2074-02-05', 3),
(2083, 526, 30, 100000.00, '2017-05-19', '2074-02-05', 26),
(2084, 291, 30, 112751.10, '2017-05-19', '2074-02-05', 26),
(2085, 207, 31, 64600.00, '2017-05-19', '2074-02-05', 3),
(2086, 315, 31, 500000.00, '2017-05-19', '2074-02-05', 3),
(2087, 371, 31, 100000.00, '2017-05-19', '2074-02-05', 3),
(2088, 411, 29, 400000.00, '2017-05-19', '2074-02-05', 21),
(2089, 79, 26, 200000.00, '2017-05-20', '2074-02-06', 12),
(2090, 72, 27, 200000.00, '2017-05-21', '2074-02-07', 5),
(2091, 101, 27, 200000.00, '2017-05-21', '2074-02-07', 53),
(2092, 7, 27, 300000.00, '2017-05-21', '2074-02-07', 6),
(2093, 161, 23, 150000.00, '2017-05-21', '2074-02-07', 2),
(2094, 549, 23, 300000.00, '2017-05-21', '2074-02-07', 2),
(2095, 269, 23, 100000.00, '2017-05-21', '2074-02-07', 76),
(2096, 79, 32, 300000.00, '2017-05-21', '2074-02-07', 12),
(2097, 509, 26, 600000.00, '2017-05-21', '2074-02-07', 105),
(2098, 87, 28, 250000.00, '2017-05-21', '2074-02-07', 11),
(2099, 548, 28, 200000.00, '2017-05-21', '2074-02-07', 14),
(2100, 36, 28, 300000.00, '2017-05-21', '2074-02-07', 14),
(2101, 66, 28, 300000.00, '2017-05-21', '2074-02-07', 14),
(2102, 477, 28, 200000.00, '2017-05-21', '2074-02-07', 14),
(2103, 294, 28, 135000.00, '2017-05-21', '2074-02-07', 31),
(2104, 312, 28, 256200.00, '2017-05-21', '2074-02-07', 11),
(2105, 235, 28, 384000.00, '2017-05-21', '2074-02-07', 11),
(2106, 274, 28, 500000.00, '2017-05-21', '2074-02-07', 5),
(2107, 8, 28, 97499.79, '2017-05-21', '2074-02-07', 1),
(2108, 183, 28, 71253.22, '2017-05-21', '2074-02-07', 1),
(2109, 576, 28, 106247.98, '2017-05-21', '2074-02-07', 1),
(2110, 475, 28, 95999.72, '2017-05-21', '2074-02-07', 1),
(2111, 106, 28, 95999.72, '2017-05-21', '2074-02-07', 1),
(2112, 465, 28, 2999.57, '2017-05-21', '2074-02-07', 1),
(2113, 171, 28, 1000000.00, '2017-05-21', '2074-02-07', 31),
(2114, 54, 28, 132999.88, '2017-05-21', '2074-02-07', 31),
(2115, 228, 28, 117750.00, '2017-05-21', '2074-02-07', 1),
(2116, 526, 30, 340000.00, '2017-05-21', '2074-02-07', 26),
(2117, 480, 30, 20500.00, '2017-05-21', '2074-02-07', 26),
(2118, 366, 30, 50000.00, '2017-05-21', '2074-02-07', 26),
(2119, 298, 30, 50000.00, '2017-05-21', '2074-02-07', 26),
(2120, 578, 30, 70000.00, '2017-05-21', '2074-02-07', 26),
(2121, 33, 31, 50000.00, '2017-05-21', '2074-02-07', 3),
(2122, 222, 31, 50000.00, '2017-05-21', '2074-02-07', 3),
(2123, 244, 31, 100000.00, '2017-05-21', '2074-02-07', 20),
(2124, 315, 31, 250000.00, '2017-05-21', '2074-02-07', 3),
(2125, 371, 31, 200000.00, '2017-05-21', '2074-02-07', 3),
(2126, 531, 31, 150000.00, '2017-05-21', '2074-02-07', 3),
(2127, 505, 31, 350000.00, '2017-05-21', '2074-02-07', 3),
(2128, 505, 31, 275000.00, '2017-05-21', '2074-02-07', 3),
(2129, 592, 31, 50000.00, '2017-05-21', '2074-02-07', 3),
(2130, 287, 29, 730476.88, '2017-05-21', '2074-02-07', 14),
(2131, 339, 29, 150000.00, '2017-05-21', '2074-02-07', 14),
(2132, 72, 27, 300000.00, '2017-05-22', '2074-02-08', 5),
(2133, 250, 27, 273000.00, '2017-05-22', '2074-02-08', 5),
(2134, 506, 23, 100000.00, '2017-05-22', '2074-02-08', 2),
(2135, 269, 23, 100000.00, '2017-05-22', '2074-02-08', 76),
(2136, 409, 26, 500000.00, '2017-05-22', '2074-02-08', 20),
(2137, 180, 28, 400000.00, '2017-05-22', '2074-02-08', 31),
(2138, 462, 28, 100000.00, '2017-05-22', '2074-02-08', 1),
(2139, 273, 28, 500000.00, '2017-05-22', '2074-02-08', 9),
(2140, 481, 28, 200000.00, '2017-05-22', '2074-02-08', 31),
(2141, 192, 28, 150000.00, '2017-05-22', '2074-02-08', 9),
(2142, 193, 30, 122200.00, '2017-05-22', '2074-02-08', 26),
(2143, 411, 29, 400000.00, '2017-05-22', '2074-02-08', 21),
(2144, 562, 29, 175499.62, '2017-05-22', '2074-02-08', 14),
(2145, 78, 25, 100000.00, '2017-05-22', '2074-02-08', 3),
(2146, 523, 25, 30000.00, '2017-05-22', '2074-02-08', 3),
(2147, 357, 25, 306600.00, '2017-05-22', '2074-02-08', 16),
(2148, 10, 27, 239698.00, '2017-05-23', '2074-02-09', 7),
(2149, 503, 23, 300000.00, '2017-05-23', '2074-02-09', 2),
(2150, 269, 23, 100000.00, '2017-05-23', '2074-02-09', 76),
(2151, 77, 23, 220000.00, '2017-05-23', '2074-02-09', 10),
(2152, 358, 23, 342500.00, '2017-05-23', '2074-02-09', 10),
(2153, 28, 25, 12000.00, '2017-05-23', '2074-02-09', 20),
(2154, 391, 25, 696431.00, '2017-05-23', '2074-02-09', 11),
(2155, 490, 27, 250000.00, '2017-05-23', '2074-02-09', 5),
(2156, 574, 31, 800.00, '2017-05-23', '2074-02-09', 3),
(2157, 148, 31, 50000.00, '2017-05-23', '2074-02-09', 3),
(2158, 315, 31, 500000.00, '2017-05-23', '2074-02-09', 3),
(2159, 400, 31, 85000.00, '2017-05-23', '2074-02-09', 3),
(2160, 495, 31, 300000.00, '2017-05-23', '2074-02-09', 3),
(2161, 546, 31, 104101.00, '2017-05-23', '2074-02-09', 3),
(2162, 592, 31, 100000.00, '2017-05-23', '2074-02-09', 3),
(2163, 371, 31, 100000.00, '2017-05-23', '2074-02-09', 3),
(2164, 513, 31, 0.21, '2017-05-23', '2074-02-09', 20),
(2165, 513, 31, 199999.80, '2017-05-23', '2074-02-09', 4),
(2166, 543, 31, 150000.00, '2017-05-23', '2074-02-09', 4),
(2167, 552, 31, 200000.00, '2017-05-23', '2074-02-09', 4),
(2168, 413, 31, 204000.00, '2017-05-23', '2074-02-09', 9),
(2169, 362, 30, 25000.00, '2017-05-23', '2074-02-09', 26),
(2170, 381, 30, 30000.00, '2017-05-23', '2074-02-09', 26),
(2171, 387, 30, 30000.00, '2017-05-23', '2074-02-09', 26),
(2172, 214, 30, 75000.00, '2017-05-23', '2074-02-09', 26),
(2173, 65, 30, 1705200.00, '2017-05-23', '2074-02-09', 22),
(2174, 496, 28, 400000.00, '2017-05-23', '2074-02-09', 104),
(2175, 117, 28, 403000.00, '2017-05-23', '2074-02-09', 11),
(2176, 33, 28, 200000.00, '2017-05-23', '2074-02-09', 3),
(2177, 430, 28, 120000.00, '2017-05-23', '2074-02-09', 3),
(2178, 439, 28, 100000.00, '2017-05-23', '2074-02-09', 14),
(2179, 210, 28, 500000.00, '2017-05-23', '2074-02-09', 68),
(2180, 24, 23, 100000.00, '2017-05-24', '2074-02-10', 2),
(2181, 542, 23, 150000.00, '2017-05-24', '2074-02-10', 2),
(2182, 5, 23, 150000.00, '2017-05-24', '2074-02-10', 2),
(2183, 266, 23, 150000.00, '2017-05-24', '2074-02-10', 2),
(2184, 357, 25, 319200.00, '2017-05-24', '2074-02-10', 16),
(2185, 476, 25, 25000.00, '2017-05-24', '2074-02-10', 11),
(2186, 127, 27, 300000.00, '2017-05-24', '2074-02-10', 57),
(2187, 9, 27, 500000.00, '2017-05-24', '2074-02-10', 5),
(2188, 3, 31, 50000.00, '2017-05-24', '2074-02-10', 3),
(2189, 306, 31, 100000.00, '2017-05-24', '2074-02-10', 45),
(2190, 400, 31, 50000.00, '2017-05-24', '2074-02-10', 3),
(2191, 411, 31, 50000.00, '2017-05-24', '2074-02-10', 21),
(2192, 517, 31, 294000.00, '2017-05-24', '2074-02-10', 73),
(2193, 533, 31, 50000.00, '2017-05-24', '2074-02-10', 3),
(2194, 244, 31, 50000.00, '2017-05-24', '2074-02-10', 20),
(2195, 502, 26, 156200.00, '2017-05-24', '2074-02-10', 11),
(2196, 351, 26, 264600.00, '2017-05-24', '2074-02-10', 11),
(2197, 423, 26, 100000.00, '2017-05-24', '2074-02-10', 11),
(2198, 441, 26, 92000.00, '2017-05-24', '2074-02-10', 11),
(2199, 478, 26, 264600.00, '2017-05-24', '2074-02-10', 11),
(2200, 483, 26, 264600.00, '2017-05-24', '2074-02-10', 11),
(2201, 420, 30, 500000.00, '2017-05-24', '2074-02-10', 15),
(2202, 79, 32, 200000.00, '2017-05-24', '2074-02-10', 12),
(2203, 367, 29, 300000.00, '2017-05-24', '2074-02-10', 87),
(2204, 174, 29, 273000.00, '2017-05-24', '2074-02-10', 21),
(2205, 259, 28, 135000.00, '2017-05-24', '2074-02-10', 11),
(2206, 163, 28, 162150.00, '2017-05-24', '2074-02-10', 3),
(2207, 377, 23, 280000.00, '2017-05-25', '2074-02-11', 5),
(2208, 107, 23, 252000.00, '2017-05-25', '2074-02-11', 2),
(2209, 188, 23, 54100.00, '2017-05-25', '2074-02-11', 2),
(2210, 535, 23, 148200.00, '2017-05-25', '2074-02-11', 2),
(2211, 512, 25, 10000.00, '2017-05-25', '2074-02-11', 3),
(2212, 410, 25, 30000.00, '2017-05-25', '2074-02-11', 3),
(2213, 528, 25, 35000.00, '2017-05-25', '2074-02-11', 3),
(2214, 211, 25, 45000.00, '2017-05-25', '2074-02-11', 3),
(2215, 400, 31, 100000.00, '2017-05-25', '2074-02-11', 3),
(2216, 395, 28, 370000.00, '2017-05-25', '2074-02-11', 45),
(2217, 269, 23, 200000.00, '2017-05-26', '2074-02-12', 76),
(2218, 161, 23, 100000.00, '2017-05-26', '2074-02-12', 2),
(2219, 321, 28, 500000.00, '2017-05-26', '2074-02-12', 13),
(2220, 141, 28, 126000.00, '2017-05-26', '2074-02-12', 11),
(2221, 327, 28, 100500.00, '2017-05-26', '2074-02-12', 9),
(2222, 167, 28, 362500.00, '2017-05-26', '2074-02-12', 11),
(2223, 509, 26, 250000.00, '2017-05-26', '2074-02-12', 105),
(2224, 27, 31, 50000.00, '2017-05-26', '2074-02-12', 2),
(2225, 556, 30, 150000.00, '2017-05-26', '2074-02-12', 108),
(2226, 250, 27, 273000.00, '2017-05-26', '2074-02-12', 5),
(2227, 295, 23, 56198.57, '2017-05-28', '2074-02-14', 2),
(2228, 319, 23, 289800.00, '2017-05-28', '2074-02-14', 2),
(2229, 262, 23, 200000.00, '2017-05-28', '2074-02-14', 2),
(2230, 165, 25, 200000.00, '2017-05-28', '2074-02-14', 10),
(2231, 69, 27, 558599.44, '2017-05-28', '2074-02-14', 36),
(2232, 127, 27, 300000.00, '2017-05-28', '2074-02-14', 57),
(2233, 7, 27, 300000.00, '2017-05-28', '2074-02-14', 6),
(2234, 250, 27, 277200.00, '2017-05-28', '2074-02-14', 5),
(2235, 72, 27, 550000.00, '2017-05-28', '2074-02-14', 5),
(2236, 353, 28, 50000.00, '2017-05-28', '2074-02-14', 11),
(2237, 353, 28, 160000.00, '2017-05-28', '2074-02-14', 11),
(2238, 279, 28, 100000.00, '2017-05-28', '2074-02-14', 1),
(2239, 370, 28, 245000.00, '2017-05-28', '2074-02-14', 4),
(2240, 155, 28, 244200.00, '2017-05-28', '2074-02-14', 14),
(2241, 309, 28, 132300.00, '2017-05-28', '2074-02-14', 14),
(2242, 300, 28, 170099.00, '2017-05-28', '2074-02-14', 14),
(2243, 268, 28, 128099.00, '2017-05-28', '2074-02-14', 14),
(2244, 234, 28, 41401.00, '2017-05-28', '2074-02-14', 14),
(2245, 281, 28, 200000.00, '2017-05-28', '2074-02-14', 14),
(2246, 235, 28, 600000.00, '2017-05-28', '2074-02-14', 11),
(2247, 238, 28, 106198.00, '2017-05-28', '2074-02-14', 11),
(2248, 532, 28, 200000.00, '2017-05-28', '2074-02-14', 11),
(2249, 288, 28, 298200.00, '2017-05-28', '2074-02-14', 11),
(2250, 152, 28, 1000000.00, '2017-05-28', '2074-02-14', 59),
(2251, 395, 28, 300000.00, '2017-05-28', '2074-02-14', 45),
(2252, 228, 28, 230000.00, '2017-05-28', '2074-02-14', 1),
(2253, 137, 26, 400000.00, '2017-05-28', '2074-02-14', 20),
(2254, 33, 31, 150000.00, '2017-05-28', '2074-02-14', 3),
(2255, 120, 31, 250000.00, '2017-05-28', '2074-02-14', 20),
(2256, 525, 31, 120000.00, '2017-05-28', '2074-02-14', 3),
(2257, 207, 31, 40000.00, '2017-05-28', '2074-02-14', 3),
(2258, 222, 31, 240000.00, '2017-05-28', '2074-02-14', 3),
(2259, 400, 31, 40000.00, '2017-05-28', '2074-02-14', 3),
(2260, 430, 31, 233000.00, '2017-05-28', '2074-02-14', 3),
(2261, 495, 31, 50000.00, '2017-05-28', '2074-02-14', 3),
(2262, 504, 31, 30000.00, '2017-05-28', '2074-02-14', 3),
(2263, 531, 31, 100000.00, '2017-05-28', '2074-02-14', 3),
(2264, 592, 31, 50000.00, '2017-05-28', '2074-02-14', 3),
(2265, 573, 30, 256200.00, '2017-05-28', '2074-02-14', 22),
(2266, 301, 30, 256200.00, '2017-05-28', '2074-02-14', 22),
(2267, 587, 30, 298200.00, '2017-05-28', '2074-02-14', 22),
(2268, 417, 30, 200000.00, '2017-05-28', '2074-02-14', 11),
(2269, 556, 30, 100000.00, '2017-05-28', '2074-02-14', 108),
(2270, 411, 29, 300000.00, '2017-05-28', '2074-02-14', 21),
(2271, 439, 29, 100000.00, '2017-05-28', '2074-02-14', 14),
(2272, 345, 29, 264600.00, '2017-05-28', '2074-02-14', 14),
(2273, 377, 23, 235000.00, '2017-05-30', '2074-02-16', 5),
(2274, 266, 23, 150000.00, '2017-05-30', '2074-02-16', 2),
(2275, 481, 23, 500000.00, '2017-05-30', '2074-02-16', 31),
(2276, 9, 27, 800000.00, '2017-05-30', '2074-02-16', 5),
(2277, 72, 27, 280000.00, '2017-05-30', '2074-02-16', 5),
(2278, 254, 27, 304500.00, '2017-05-30', '2074-02-16', 5),
(2279, 490, 27, 250000.00, '2017-05-30', '2074-02-16', 5),
(2280, 183, 28, 123746.36, '2017-05-30', '2074-02-16', 1),
(2281, 520, 28, 96303.64, '2017-05-30', '2074-02-16', 1),
(2282, 126, 28, 273000.00, '2017-05-30', '2074-02-16', 2),
(2283, 513, 26, 175000.00, '2017-05-30', '2074-02-16', 4),
(2284, 577, 26, 275000.00, '2017-05-30', '2074-02-16', 4),
(2285, 392, 26, 112000.00, '2017-05-30', '2074-02-16', 9),
(2286, 121, 31, 66100.00, '2017-05-30', '2074-02-16', 4),
(2287, 304, 31, 4650.00, '2017-05-30', '2074-02-16', 4),
(2288, 318, 31, 4650.00, '2017-05-30', '2074-02-16', 4),
(2289, 368, 31, 69100.00, '2017-05-30', '2074-02-16', 4),
(2290, 430, 31, 95000.00, '2017-05-30', '2074-02-16', 3),
(2291, 443, 31, 145350.00, '2017-05-30', '2074-02-16', 4),
(2292, 523, 31, 56000.00, '2017-05-30', '2074-02-16', 3),
(2293, 514, 31, 54100.00, '2017-05-30', '2074-02-16', 20),
(2294, 543, 31, 130500.00, '2017-05-30', '2074-02-16', 4),
(2295, 552, 31, 64100.00, '2017-05-30', '2074-02-16', 4),
(2296, 420, 30, 500000.00, '2017-05-30', '2074-02-16', 15),
(2297, 193, 30, 111100.00, '2017-05-30', '2074-02-16', 26),
(2298, 232, 29, 500000.00, '2017-05-30', '2074-02-16', 14),
(2299, 265, 29, 281400.00, '2017-05-30', '2074-02-16', 14),
(2300, 350, 29, 100000.00, '2017-05-30', '2074-02-16', 14),
(2301, 261, 29, 254100.84, '2017-05-30', '2074-02-16', 17),
(2302, 261, 29, 254100.84, '2017-05-30', '2074-02-16', 43),
(2303, 261, 29, 254100.84, '2017-05-30', '2074-02-16', 40),
(2304, 261, 29, 254100.84, '2017-05-30', '2074-02-16', 40),
(2305, 261, 29, 254100.84, '2017-05-30', '2074-02-16', 40),
(2306, 261, 29, 75803.80, '2017-05-30', '2074-02-16', 35),
(2307, 411, 29, 350000.00, '2017-05-30', '2074-02-16', 21),
(2308, 168, 23, 299800.75, '2017-05-31', '2074-02-17', 2),
(2309, 25, 27, 650000.00, '2017-05-31', '2074-02-17', 18),
(2310, 590, 27, 327602.12, '2017-05-31', '2074-02-17', 90),
(2311, 68, 27, 161700.00, '2017-05-31', '2074-02-17', 36),
(2312, 163, 28, 100000.00, '2017-05-31', '2074-02-17', 3),
(2313, 294, 28, 32000.00, '2017-05-31', '2074-02-17', 31),
(2314, 516, 28, 200000.00, '2017-05-31', '2074-02-17', 1),
(2315, 180, 28, 300000.00, '2017-05-31', '2074-02-17', 31),
(2316, 146, 28, 1000000.00, '2017-05-31', '2074-02-17', 59),
(2317, 146, 28, 1000000.00, '2017-05-31', '2074-02-17', 59),
(2318, 45, 28, 70499.57, '2017-05-31', '2074-02-17', 27),
(2319, 43, 28, 122000.00, '2017-05-31', '2074-02-17', 25),
(2320, 294, 28, 100000.00, '2017-05-31', '2074-02-17', 31),
(2321, 106, 28, 96750.00, '2017-05-31', '2074-02-17', 1),
(2322, 320, 28, 283500.00, '2017-05-31', '2074-02-17', 2),
(2323, 84, 26, 309300.00, '2017-05-31', '2074-02-17', 11),
(2324, 16, 26, 156200.00, '2017-05-31', '2074-02-17', 11),
(2325, 52, 26, 156200.00, '2017-05-31', '2074-02-17', 11),
(2326, 55, 26, 50000.00, '2017-05-31', '2074-02-17', 11),
(2327, 59, 26, 248000.00, '2017-05-31', '2074-02-17', 11),
(2328, 99, 26, 200000.00, '2017-05-31', '2074-02-17', 11),
(2329, 135, 26, 66200.00, '2017-05-31', '2074-02-17', 11),
(2330, 4, 26, 300000.00, '2017-05-31', '2074-02-17', 4),
(2331, 222, 31, 200000.00, '2017-05-31', '2074-02-17', 3),
(2332, 497, 31, 33000.00, '2017-05-31', '2074-02-17', 11),
(2333, 497, 31, 67000.00, '2017-05-31', '2074-02-17', 11),
(2334, 526, 30, 650000.00, '2017-05-31', '2074-02-17', 26),
(2335, 362, 30, 35000.00, '2017-05-31', '2074-02-17', 26),
(2336, 298, 30, 40000.00, '2017-05-31', '2074-02-17', 26),
(2337, 366, 30, 50000.00, '2017-05-31', '2074-02-17', 26),
(2338, 364, 30, 100000.00, '2017-05-31', '2074-02-17', 26),
(2339, 67, 30, 150000.00, '2017-05-31', '2074-02-17', 26),
(2340, 301, 30, 256200.00, '2017-05-31', '2074-02-17', 22),
(2341, 34, 30, 256200.00, '2017-05-31', '2074-02-17', 22),
(2342, 411, 29, 200000.00, '2017-05-31', '2074-02-17', 21),
(2343, 505, 29, 190000.00, '2017-05-31', '2074-02-17', 3),
(2344, 308, 25, 200000.00, '2017-05-31', '2074-02-17', 5),
(2345, 567, 25, 100000.00, '2017-05-31', '2074-02-17', 3),
(2346, 79, 32, 200000.00, '2017-05-31', '2074-02-17', 12),
(2347, 24, 23, 100000.00, '2017-06-01', '2074-02-18', 2),
(2348, 2, 23, 283500.00, '2017-06-01', '2074-02-18', 2),
(2349, 557, 27, 314400.00, '2017-06-01', '2074-02-18', 5),
(2350, 7, 27, 300000.00, '2017-06-01', '2074-02-18', 6),
(2351, 518, 28, 89999.42, '2017-06-01', '2074-02-18', 31),
(2352, 210, 28, 500000.00, '2017-06-01', '2074-02-18', 68),
(2353, 372, 28, 22649.85, '2017-06-01', '2074-02-18', 88),
(2354, 430, 28, 62000.00, '2017-06-01', '2074-02-18', 3),
(2355, 572, 26, 160000.00, '2017-06-01', '2074-02-18', 4),
(2356, 33, 31, 250000.00, '2017-06-01', '2074-02-18', 3),
(2357, 315, 31, 300000.00, '2017-06-01', '2074-02-18', 3),
(2358, 315, 31, 100000.00, '2017-06-01', '2074-02-18', 3),
(2359, 371, 31, 150000.00, '2017-06-01', '2074-02-18', 3),
(2360, 243, 30, 50000.00, '2017-06-01', '2074-02-18', 26),
(2361, 526, 30, 100000.00, '2017-06-01', '2074-02-18', 26),
(2362, 65, 30, 588000.00, '2017-06-01', '2074-02-18', 22),
(2363, 208, 25, 304500.00, '2017-06-01', '2074-02-18', 16),
(2364, 269, 23, 150000.00, '2017-06-02', '2074-02-19', 76),
(2365, 127, 27, 400000.00, '2017-06-02', '2074-02-19', 57),
(2366, 206, 28, 176500.34, '2017-06-02', '2074-02-19', 31),
(2367, 316, 28, 47100.00, '2017-06-02', '2074-02-19', 83),
(2368, 496, 28, 400000.00, '2017-06-02', '2074-02-19', 104),
(2369, 411, 29, 250000.00, '2017-06-02', '2074-02-19', 21),
(2370, 74, 32, 207398.84, '2017-06-02', '2074-02-19', 41),
(2371, 74, 32, 260398.78, '2017-06-02', '2074-02-19', 35),
(2372, 74, 32, 306601.09, '2017-06-02', '2074-02-19', 38),
(2373, 74, 32, 256198.56, '2017-06-02', '2074-02-19', 41),
(2374, 74, 32, 45603.72, '2017-06-02', '2074-02-19', 40),
(2375, 74, 32, 254100.84, '2017-06-02', '2074-02-19', 42),
(2376, 580, 26, 300000.00, '2017-06-02', '2074-02-19', 20),
(2377, 371, 31, 100000.00, '2017-06-02', '2074-02-19', 3),
(2378, 505, 31, 265000.00, '2017-06-02', '2074-02-19', 3),
(2379, 191, 25, 70000.00, '2017-06-02', '2074-02-19', 10),
(2380, 357, 25, 273000.00, '2017-06-02', '2074-02-19', 16),
(2381, 159, 23, 220000.00, '2017-06-04', '2074-02-21', 10),
(2382, 401, 23, 298200.00, '2017-06-04', '2074-02-21', 10),
(2383, 460, 27, 256198.56, '2017-06-04', '2074-02-21', 101),
(2384, 460, 27, 210000.33, '2017-06-04', '2074-02-21', 35),
(2385, 460, 27, 71999.53, '2017-06-04', '2074-02-21', 35),
(2386, 460, 27, 251998.36, '2017-06-04', '2074-02-21', 51),
(2387, 460, 27, 256198.56, '2017-06-04', '2074-02-21', 101),
(2388, 460, 27, 256198.56, '2017-06-04', '2074-02-21', 101),
(2389, 460, 27, 272999.41, '2017-06-04', '2074-02-21', 41),
(2390, 460, 27, 256197.66, '2017-06-04', '2074-02-21', 101),
(2391, 490, 27, 250000.00, '2017-06-04', '2074-02-21', 5),
(2392, 392, 26, 96000.00, '2017-06-04', '2074-02-21', 9),
(2393, 392, 28, 190000.00, '2017-06-04', '2074-02-21', 9),
(2394, 464, 28, 114000.00, '2017-06-04', '2074-02-21', 9),
(2395, 485, 28, 239500.00, '2017-06-04', '2074-02-21', 11),
(2396, 70, 28, 201500.00, '2017-06-04', '2074-02-21', 11),
(2397, 117, 28, 400000.00, '2017-06-04', '2074-02-21', 11),
(2398, 201, 28, 200000.00, '2017-06-04', '2074-02-21', 31),
(2399, 588, 29, 264100.00, '2017-06-04', '2074-02-21', 39),
(2400, 148, 31, 40000.00, '2017-06-04', '2074-02-21', 3),
(2401, 525, 31, 75000.00, '2017-06-04', '2074-02-21', 3),
(2402, 211, 31, 20000.00, '2017-06-04', '2074-02-21', 3),
(2403, 528, 31, 25000.00, '2017-06-04', '2074-02-21', 3),
(2404, 370, 31, 300000.00, '2017-06-04', '2074-02-21', 4),
(2405, 371, 31, 150000.00, '2017-06-04', '2074-02-21', 3),
(2406, 531, 31, 150000.00, '2017-06-04', '2074-02-21', 3),
(2407, 430, 31, 40000.00, '2017-06-04', '2074-02-21', 3),
(2408, 479, 31, 37000.00, '2017-06-04', '2074-02-21', 3),
(2409, 495, 31, 50000.00, '2017-06-04', '2074-02-21', 3),
(2410, 592, 31, 100000.00, '2017-06-04', '2074-02-21', 3),
(2411, 114, 30, 148050.00, '2017-06-04', '2074-02-21', 26),
(2412, 21, 30, 500000.00, '2017-06-04', '2074-02-21', 15),
(2413, 549, 23, 300000.00, '2017-06-05', '2074-02-22', 2),
(2414, 282, 23, 100000.00, '2017-06-05', '2074-02-22', 2),
(2415, 9, 27, 300000.00, '2017-06-05', '2074-02-22', 5),
(2416, 255, 27, 422597.06, '2017-06-05', '2074-02-22', 73),
(2417, 509, 26, 250000.00, '2017-06-05', '2074-02-22', 105),
(2418, 264, 28, 96000.00, '2017-06-05', '2074-02-22', 9),
(2419, 273, 28, 500000.00, '2017-06-05', '2074-02-22', 9),
(2420, 79, 32, 250000.00, '2017-06-05', '2074-02-22', 12),
(2421, 411, 29, 150000.00, '2017-06-05', '2074-02-22', 21),
(2422, 411, 29, 400000.00, '2017-06-05', '2074-02-22', 21),
(2423, 439, 29, 100000.00, '2017-06-05', '2074-02-22', 14),
(2424, 27, 31, 100000.00, '2017-06-05', '2074-02-22', 2),
(2425, 29, 31, 93050.00, '2017-06-05', '2074-02-22', 19),
(2426, 572, 31, 94100.00, '2017-06-05', '2074-02-22', 4),
(2427, 371, 31, 100000.00, '2017-06-05', '2074-02-22', 3),
(2428, 501, 31, 136000.00, '2017-06-05', '2074-02-22', 4),
(2429, 513, 31, 133200.00, '2017-06-05', '2074-02-22', 4),
(2430, 122, 31, 200000.00, '2017-06-05', '2074-02-22', 4),
(2431, 556, 30, 125000.00, '2017-06-05', '2074-02-22', 108),
(2432, 523, 25, 50000.00, '2017-06-05', '2074-02-22', 3),
(2433, 279, 23, 40000.00, '2017-06-06', '2074-02-23', 1),
(2434, 25, 27, 146299.86, '2017-06-06', '2074-02-23', 18),
(2435, 176, 26, 201300.00, '2017-06-06', '2074-02-23', 20),
(2436, 137, 26, 300000.00, '2017-06-06', '2074-02-23', 20),
(2437, 279, 28, 81252.95, '2017-06-06', '2074-02-23', 1),
(2438, 183, 28, 239247.05, '2017-06-06', '2074-02-23', 1),
(2439, 564, 28, 500000.00, '2017-06-06', '2074-02-23', 13),
(2440, 85, 28, 268000.00, '2017-06-06', '2074-02-23', 45),
(2441, 306, 28, 150000.00, '2017-06-06', '2074-02-23', 45),
(2442, 146, 28, 2000000.00, '2017-06-06', '2074-02-23', 59),
(2443, 576, 28, 117200.00, '2017-06-06', '2074-02-23', 1),
(2444, 416, 28, 300000.00, '2017-06-06', '2074-02-23', 31),
(2445, 232, 29, 600000.00, '2017-06-06', '2074-02-23', 14),
(2446, 244, 31, 50000.00, '2017-06-06', '2074-02-23', 20),
(2447, 348, 30, 100000.00, '2017-06-06', '2074-02-23', 26),
(2448, 355, 24, 0.26, '2017-06-06', '2074-02-23', 86),
(2449, 566, 24, 199.85, '2017-06-06', '2074-02-23', 112),
(2450, 60, 24, 0.46, '2017-06-06', '2074-02-23', 32),
(2451, 205, 24, 0.21, '2017-06-06', '2074-02-23', 67),
(2452, 570, 24, 0.56, '2017-06-06', '2074-02-23', 113),
(2453, 372, 24, 0.10, '2017-06-06', '2074-02-23', 88),
(2454, 269, 23, 300000.00, '2017-06-07', '2074-02-24', 76),
(2455, 266, 23, 100000.00, '2017-06-07', '2074-02-24', 2),
(2456, 319, 23, 279300.00, '2017-06-07', '2074-02-24', 2),
(2457, 338, 27, 294000.47, '2017-06-07', '2074-02-24', 84),
(2458, 72, 27, 200000.00, '2017-06-07', '2074-02-24', 5),
(2459, 557, 27, 281400.00, '2017-06-07', '2074-02-24', 5),
(2460, 9, 27, 400000.00, '2017-06-07', '2074-02-24', 5),
(2461, 100, 26, 300000.00, '2017-06-07', '2074-02-24', 52),
(2462, 351, 26, 214500.00, '2017-06-07', '2074-02-24', 11),
(2463, 314, 26, 56200.00, '2017-06-07', '2074-02-24', 11),
(2464, 483, 26, 264600.00, '2017-06-07', '2074-02-24', 11),
(2465, 116, 26, 106500.00, '2017-06-07', '2074-02-24', 11),
(2466, 99, 26, 73000.00, '2017-06-07', '2074-02-24', 11),
(2467, 55, 26, 70000.00, '2017-06-07', '2074-02-24', 11),
(2468, 91, 26, 201300.00, '2017-06-07', '2074-02-24', 11),
(2469, 502, 26, 310800.00, '2017-06-07', '2074-02-24', 11),
(2470, 84, 26, 272900.00, '2017-06-07', '2074-02-24', 11),
(2471, 19, 26, 208000.00, '2017-06-07', '2074-02-24', 11),
(2472, 35, 28, 800000.00, '2017-06-07', '2074-02-24', 4),
(2473, 505, 28, 110000.00, '2017-06-07', '2074-02-24', 3),
(2474, 104, 28, 100000.00, '2017-06-07', '2074-02-24', 1),
(2475, 172, 28, 1000000.00, '2017-06-07', '2074-02-24', 31),
(2476, 228, 28, 200000.00, '2017-06-07', '2074-02-24', 1),
(2477, 208, 25, 449033.00, '2017-06-07', '2074-02-24', 16),
(2478, 504, 25, 30000.00, '2017-06-07', '2074-02-24', 3),
(2479, 567, 25, 50000.00, '2017-06-07', '2074-02-24', 3),
(2480, 562, 29, 196000.00, '2017-06-07', '2074-02-24', 14),
(2481, 221, 29, 300000.00, '2017-06-07', '2074-02-24', 21),
(2482, 247, 31, 250000.00, '2017-06-07', '2074-02-24', 4),
(2483, 315, 31, 800000.00, '2017-06-07', '2074-02-24', 3),
(2484, 400, 31, 230000.00, '2017-06-07', '2074-02-24', 3),
(2485, 21, 30, 525000.00, '2017-06-07', '2074-02-24', 15),
(2486, 24, 23, 150000.00, '2017-06-08', '2074-02-25', 2),
(2487, 466, 27, 651000.00, '2017-06-08', '2074-02-25', 102),
(2488, 72, 27, 400000.00, '2017-06-08', '2074-02-25', 5),
(2489, 376, 26, 25000.00, '2017-06-08', '2074-02-25', 11),
(2490, 437, 26, 128000.00, '2017-06-08', '2074-02-25', 9),
(2491, 353, 28, 50000.00, '2017-06-08', '2074-02-25', 11),
(2492, 192, 28, 168800.00, '2017-06-08', '2074-02-25', 9),
(2493, 228, 28, 200000.00, '2017-06-08', '2074-02-25', 1),
(2494, 203, 25, 273000.00, '2017-06-08', '2074-02-25', 10),
(2495, 191, 25, 110000.00, '2017-06-08', '2074-02-25', 10),
(2496, 449, 25, 15000.00, '2017-06-08', '2074-02-25', 3),
(2497, 528, 25, 30000.00, '2017-06-08', '2074-02-25', 3),
(2498, 410, 25, 40000.00, '2017-06-08', '2074-02-25', 3),
(2499, 306, 31, 100000.00, '2017-06-08', '2074-02-25', 45),
(2500, 556, 30, 125000.00, '2017-06-08', '2074-02-25', 108),
(2501, 367, 29, 280000.00, '2017-06-08', '2074-02-25', 87),
(2502, 542, 23, 300000.00, '2017-06-09', '2074-02-26', 2),
(2503, 7, 27, 300000.00, '2017-06-09', '2074-02-26', 6),
(2504, 481, 28, 300000.00, '2017-06-09', '2074-02-26', 31),
(2505, 235, 28, 200000.00, '2017-06-09', '2074-02-26', 11),
(2506, 222, 31, 200000.00, '2017-06-09', '2074-02-26', 3),
(2507, 411, 29, 200000.00, '2017-06-09', '2074-02-26', 21),
(2508, 549, 23, 300000.00, '2017-06-11', '2074-02-28', 2),
(2509, 220, 23, 250000.00, '2017-06-11', '2074-02-28', 2),
(2510, 490, 27, 300000.00, '2017-06-11', '2074-02-28', 5),
(2511, 557, 27, 362800.00, '2017-06-11', '2074-02-28', 5),
(2512, 69, 27, 1822805.75, '2017-06-11', '2074-02-28', 36),
(2513, 580, 26, 500000.00, '2017-06-11', '2074-02-28', 20),
(2514, 120, 26, 500000.00, '2017-06-11', '2074-02-28', 20),
(2515, 537, 26, 1500000.00, '2017-06-11', '2074-02-28', 106),
(2516, 508, 26, 69600.00, '2017-06-11', '2074-02-28', 9),
(2517, 465, 28, 115500.00, '2017-06-11', '2074-02-28', 1),
(2518, 496, 28, 200000.00, '2017-06-11', '2074-02-28', 104),
(2519, 26, 28, 106500.00, '2017-06-11', '2074-02-28', 9),
(2520, 180, 28, 300000.00, '2017-06-11', '2074-02-28', 31),
(2521, 163, 28, 26200.00, '2017-06-11', '2074-02-28', 3),
(2522, 279, 28, 167010.00, '2017-06-11', '2074-02-28', 1),
(2523, 1, 28, 97500.00, '2017-06-11', '2074-02-28', 1),
(2524, 106, 28, 120500.00, '2017-06-11', '2074-02-28', 1),
(2525, 458, 28, 200000.00, '2017-06-11', '2074-02-28', 11),
(2526, 485, 28, 28700.00, '2017-06-11', '2074-02-28', 11),
(2527, 235, 28, 486300.00, '2017-06-11', '2074-02-28', 11),
(2528, 66, 28, 500000.00, '2017-06-11', '2074-02-28', 14),
(2529, 36, 28, 300000.00, '2017-06-11', '2074-02-28', 14),
(2530, 79, 32, 200000.00, '2017-06-11', '2074-02-28', 12),
(2531, 114, 30, 100000.00, '2017-06-11', '2074-02-28', 26),
(2532, 495, 31, 50000.00, '2017-06-11', '2074-02-28', 3),
(2533, 474, 31, 100000.00, '2017-06-11', '2074-02-28', 3),
(2534, 33, 31, 100000.00, '2017-06-11', '2074-02-28', 3),
(2535, 148, 31, 35000.00, '2017-06-11', '2074-02-28', 3),
(2536, 531, 31, 150000.00, '2017-06-11', '2074-02-28', 3),
(2537, 247, 31, 664000.00, '2017-06-11', '2074-02-28', 4),
(2538, 339, 29, 100000.00, '2017-06-11', '2074-02-28', 14),
(2539, 263, 29, 355799.50, '2017-06-11', '2074-02-28', 14),
(2540, 411, 29, 300000.00, '2017-06-11', '2074-02-28', 21),
(2541, 542, 23, 300000.00, '2017-06-12', '2074-02-29', 2),
(2542, 222, 25, 50000.00, '2017-06-12', '2074-02-29', 3),
(2543, 392, 26, 18000.00, '2017-06-12', '2074-02-29', 9),
(2544, 163, 28, 74000.00, '2017-06-12', '2074-02-29', 3),
(2545, 210, 28, 500000.00, '2017-06-12', '2074-02-29', 68),
(2546, 106, 28, 108750.00, '2017-06-12', '2074-02-29', 1),
(2547, 228, 28, 200000.00, '2017-06-12', '2074-02-29', 1),
(2548, 228, 28, 115000.00, '2017-06-12', '2074-02-29', 1),
(2549, 273, 28, 500000.00, '2017-06-12', '2074-02-29', 9),
(2550, 315, 31, 700000.00, '2017-06-12', '2074-02-29', 3),
(2551, 363, 31, 50000.00, '2017-06-12', '2074-02-29', 3),
(2552, 430, 31, 110000.00, '2017-06-12', '2074-02-29', 3),
(2553, 512, 31, 50000.00, '2017-06-12', '2074-02-29', 3),
(2554, 56, 31, 170300.00, '2017-06-12', '2074-02-29', 4),
(2555, 78, 31, 100000.00, '2017-06-12', '2074-02-29', 3),
(2556, 122, 31, 54100.00, '2017-06-12', '2074-02-29', 4),
(2557, 149, 31, 176347.00, '2017-06-12', '2074-02-29', 4),
(2558, 177, 31, 49253.00, '2017-06-12', '2074-02-29', 4),
(2559, 383, 31, 100000.00, '2017-06-12', '2074-02-29', 20),
(2560, 411, 29, 250000.00, '2017-06-12', '2074-02-29', 21),
(2561, 269, 23, 300000.00, '2017-06-13', '2074-02-30', 76),
(2562, 266, 23, 100000.00, '2017-06-13', '2074-02-30', 2),
(2563, 168, 23, 310801.31, '2017-06-13', '2074-02-30', 2),
(2564, 522, 25, 24000.00, '2017-06-13', '2074-02-30', 3),
(2565, 146, 26, 1100000.00, '2017-06-13', '2074-02-30', 59),
(2566, 516, 26, 200000.00, '2017-06-13', '2074-02-30', 1),
(2567, 206, 26, 112500.54, '2017-06-13', '2074-02-30', 31),
(2568, 146, 26, 2000000.00, '2017-06-13', '2074-02-30', 59),
(2569, 26, 26, 97500.00, '2017-06-13', '2074-02-30', 9),
(2570, 580, 26, 500000.00, '2017-06-13', '2074-02-30', 20),
(2571, 72, 27, 500000.00, '2017-06-13', '2074-02-30', 5),
(2572, 9, 27, 500000.00, '2017-06-13', '2074-02-30', 5),
(2573, 557, 27, 200000.00, '2017-06-13', '2074-02-30', 5),
(2574, 364, 30, 100000.00, '2017-06-13', '2074-02-30', 26),
(2575, 193, 30, 147500.00, '2017-06-13', '2074-02-30', 26),
(2576, 235, 31, 183000.00, '2017-06-13', '2074-02-30', 11),
(2577, 24, 23, 100000.00, '2017-06-14', '2074-02-31', 2),
(2578, 191, 25, 80000.00, '2017-06-14', '2074-02-31', 10),
(2579, 180, 26, 300000.00, '2017-06-14', '2074-02-31', 31),
(2580, 21, 30, 400000.00, '2017-06-14', '2074-02-31', 15),
(2581, 526, 30, 600000.00, '2017-06-14', '2074-02-31', 26),
(2582, 127, 27, 400000.00, '2017-06-14', '2074-02-31', 57),
(2583, 7, 27, 250000.00, '2017-06-14', '2074-02-31', 6),
(2584, 69, 27, 1260006.62, '2017-06-14', '2074-02-31', 36),
(2585, 235, 31, 155000.00, '2017-06-14', '2074-02-31', 11),
(2586, 371, 31, 200000.00, '2017-06-14', '2074-02-31', 3),
(2587, 590, 27, 335997.81, '2017-06-15', '2074-03-01', 90),
(2588, 208, 25, 281400.00, '2017-06-15', '2074-03-01', 16),
(2589, 468, 31, 125000.00, '2017-06-15', '2074-03-01', 11),
(2590, 446, 29, 93000.00, '2017-06-15', '2074-03-01', 14),
(2591, 335, 23, 250000.00, '2017-06-16', '2074-03-02', 2),
(2592, 142, 23, 200000.00, '2017-06-16', '2074-03-02', 2),
(2593, 332, 27, 67000.00, '2017-06-16', '2074-03-02', 15),
(2594, 9, 27, 300000.00, '2017-06-16', '2074-03-02', 5),
(2595, 449, 31, 300000.00, '2017-06-16', '2074-03-02', 3),
(2596, 395, 28, 500000.00, '2017-06-16', '2074-03-02', 45),
(2597, 235, 28, 208000.00, '2017-06-16', '2074-03-02', 11),
(2598, 366, 30, 100000.00, '2017-06-16', '2074-03-02', 26),
(2599, 362, 30, 50000.00, '2017-06-16', '2074-03-02', 26),
(2600, 72, 27, 350000.00, '2017-06-18', '2074-03-04', 5),
(2601, 557, 27, 323400.00, '2017-06-18', '2074-03-04', 5),
(2602, 235, 32, 200000.00, '2017-06-18', '2074-03-04', 11),
(2603, 33, 31, 100000.00, '2017-06-18', '2074-03-04', 3),
(2604, 144, 31, 200000.00, '2017-06-18', '2074-03-04', 4),
(2605, 148, 31, 38000.00, '2017-06-18', '2074-03-04', 3),
(2606, 222, 31, 50000.00, '2017-06-18', '2074-03-04', 3),
(2607, 315, 31, 500000.00, '2017-06-18', '2074-03-04', 3),
(2608, 371, 31, 100000.00, '2017-06-18', '2074-03-04', 3),
(2609, 430, 31, 60000.00, '2017-06-18', '2074-03-04', 3),
(2610, 495, 31, 50000.00, '2017-06-18', '2074-03-04', 3),
(2611, 504, 31, 30000.00, '2017-06-18', '2074-03-04', 3),
(2612, 177, 31, 200000.00, '2017-06-18', '2074-03-04', 4),
(2613, 200, 31, 200000.00, '2017-06-18', '2074-03-04', 4),
(2614, 445, 31, 200000.00, '2017-06-18', '2074-03-04', 4),
(2615, 501, 31, 200000.00, '2017-06-18', '2074-03-04', 4),
(2616, 109, 28, 100000.00, '2017-06-18', '2074-03-04', 2),
(2617, 411, 28, 1000000.00, '2017-06-18', '2074-03-04', 21),
(2618, 420, 30, 500000.00, '2017-06-18', '2074-03-04', 15),
(2619, 235, 26, 530000.00, '2017-06-18', '2074-03-04', 11),
(2620, 248, 26, 36949.79, '2017-06-18', '2074-03-04', 72),
(2621, 540, 26, 359898.00, '2017-06-18', '2074-03-04', 11),
(2622, 145, 26, 102000.02, '2017-06-18', '2074-03-04', 58),
(2623, 496, 26, 500000.00, '2017-06-18', '2074-03-04', 104),
(2624, 143, 29, 100000.00, '2017-06-18', '2074-03-04', 14),
(2625, 305, 29, 130000.00, '2017-06-18', '2074-03-04', 14),
(2626, 350, 29, 100000.00, '2017-06-18', '2074-03-04', 14),
(2627, 481, 23, 500000.00, '2017-06-18', '2074-03-04', 31),
(2628, 282, 23, 150000.00, '2017-06-18', '2074-03-04', 2),
(2629, 80, 31, 100000.00, '2017-06-18', '2074-03-04', 3),
(2630, 511, 30, 125000.00, '2017-06-18', '2074-03-04', 26),
(2631, 298, 30, 75000.00, '2017-06-18', '2074-03-04', 26),
(2632, 602, 26, 32000.00, '2017-06-18', '2074-03-04', 9),
(2633, 598, 26, 33050.00, '2017-06-18', '2074-03-04', 116),
(2634, 327, 26, 65000.00, '2017-06-18', '2074-03-04', 9),
(2635, 49, 29, 170000.00, '2017-06-18', '2074-03-04', 14),
(2636, 161, 23, 50000.00, '2017-06-19', '2074-03-05', 2),
(2637, 262, 23, 73000.00, '2017-06-19', '2074-03-05', 2),
(2638, 549, 23, 250000.00, '2017-06-19', '2074-03-05', 2),
(2639, 72, 27, 300000.00, '2017-06-19', '2074-03-05', 5);
INSERT INTO `tbl_payment` (`id`, `party_id`, `bank_id`, `payment`, `date_en`, `date_np`, `assigned_party_id`) VALUES
(2640, 79, 32, 300000.00, '2017-06-19', '2074-03-05', 12),
(2641, 117, 31, 200000.00, '2017-06-19', '2074-03-05', 11),
(2642, 371, 31, 150000.00, '2017-06-19', '2074-03-05', 3),
(2643, 371, 31, 100000.00, '2017-06-19', '2074-03-05', 3),
(2644, 497, 31, 300000.00, '2017-06-19', '2074-03-05', 11),
(2645, 35, 28, 200000.00, '2017-06-19', '2074-03-05', 4),
(2646, 391, 28, 400000.00, '2017-06-19', '2074-03-05', 11),
(2647, 520, 28, 38251.28, '2017-06-19', '2074-03-05', 1),
(2648, 63, 28, 30000.00, '2017-06-19', '2074-03-05', 34),
(2649, 180, 28, 113000.00, '2017-06-19', '2074-03-05', 31),
(2650, 277, 28, 97499.79, '2017-06-19', '2074-03-05', 1),
(2651, 475, 28, 97499.79, '2017-06-19', '2074-03-05', 1),
(2652, 427, 28, 87749.14, '2017-06-19', '2074-03-05', 1),
(2653, 274, 28, 300000.00, '2017-06-19', '2074-03-05', 5),
(2654, 448, 28, 200000.00, '2017-06-19', '2074-03-05', 14),
(2655, 202, 28, 200000.00, '2017-06-19', '2074-03-05', 14),
(2656, 66, 28, 400000.00, '2017-06-19', '2074-03-05', 14),
(2657, 532, 28, 400000.00, '2017-06-19', '2074-03-05', 11),
(2658, 505, 28, 300000.00, '2017-06-19', '2074-03-05', 3),
(2659, 556, 30, 100000.00, '2017-06-19', '2074-03-05', 108),
(2660, 381, 30, 30000.00, '2017-06-19', '2074-03-05', 26),
(2661, 483, 26, 273000.00, '2017-06-19', '2074-03-05', 11),
(2662, 394, 26, 270900.00, '2017-06-19', '2074-03-05', 11),
(2663, 502, 26, 100000.00, '2017-06-19', '2074-03-05', 11),
(2664, 423, 26, 80000.00, '2017-06-19', '2074-03-05', 11),
(2665, 393, 26, 55000.00, '2017-06-19', '2074-03-05', 11),
(2666, 374, 26, 60000.00, '2017-06-19', '2074-03-05', 11),
(2667, 351, 26, 262200.00, '2017-06-19', '2074-03-05', 11),
(2668, 328, 26, 114500.00, '2017-06-19', '2074-03-05', 11),
(2669, 99, 26, 100000.00, '2017-06-19', '2074-03-05', 11),
(2670, 59, 26, 80000.00, '2017-06-19', '2074-03-05', 11),
(2671, 52, 26, 50000.00, '2017-06-19', '2074-03-05', 11),
(2672, 192, 26, 231000.00, '2017-06-19', '2074-03-05', 9),
(2673, 392, 26, 112000.00, '2017-06-19', '2074-03-05', 9),
(2674, 327, 28, 225000.00, '2017-06-19', '2074-03-05', 9),
(2675, 578, 30, 50000.00, '2017-06-19', '2074-03-05', 26),
(2676, 509, 26, 500000.00, '2017-06-19', '2074-03-05', 105),
(2677, 605, 26, 96000.00, '2017-06-19', '2074-03-05', 9),
(2678, 603, 26, 108000.00, '2017-06-19', '2074-03-05', 9),
(2679, 350, 29, 100000.00, '2017-06-19', '2074-03-05', 14),
(2680, 446, 29, 93000.00, '2017-06-19', '2074-03-05', 14),
(2681, 462, 28, 102000.00, '2017-06-19', '2074-03-05', 1),
(2682, 273, 28, 500000.00, '2017-06-19', '2074-03-05', 9),
(2683, 416, 28, 300000.00, '2017-06-19', '2074-03-05', 31),
(2684, 266, 23, 150000.00, '2017-06-20', '2074-03-06', 2),
(2685, 24, 23, 100000.00, '2017-06-20', '2074-03-06', 2),
(2686, 274, 27, 300000.00, '2017-06-20', '2074-03-06', 5),
(2687, 101, 27, 132000.00, '2017-06-20', '2074-03-06', 53),
(2688, 557, 27, 323400.00, '2017-06-20', '2074-03-06', 5),
(2689, 473, 25, 444000.00, '2017-06-20', '2074-03-06', 16),
(2690, 522, 31, 6450.00, '2017-06-20', '2074-03-06', 3),
(2691, 148, 31, 40000.00, '2017-06-20', '2074-03-06', 3),
(2692, 525, 31, 100000.00, '2017-06-20', '2074-03-06', 3),
(2693, 370, 31, 300000.00, '2017-06-20', '2074-03-06', 4),
(2694, 533, 31, 50000.00, '2017-06-20', '2074-03-06', 3),
(2695, 592, 31, 50000.00, '2017-06-20', '2074-03-06', 3),
(2696, 279, 28, 70000.00, '2017-06-20', '2074-03-06', 1),
(2697, 607, 28, 83600.45, '2017-06-20', '2074-03-06', 9),
(2698, 264, 28, 97500.00, '2017-06-20', '2074-03-06', 9),
(2699, 201, 28, 142000.00, '2017-06-20', '2074-03-06', 31),
(2700, 290, 28, 296099.00, '2017-06-20', '2074-03-06', 14),
(2701, 106, 28, 100000.00, '2017-06-20', '2074-03-06', 1),
(2702, 228, 26, 300000.00, '2017-06-20', '2074-03-06', 1),
(2703, 2, 23, 260500.00, '2017-06-21', '2074-03-07', 2),
(2704, 376, 26, 25000.00, '2017-06-21', '2074-03-07', 11),
(2705, 392, 26, 163800.00, '2017-06-21', '2074-03-07', 9),
(2706, 383, 30, 250000.00, '2017-06-21', '2074-03-07', 20),
(2707, 556, 30, 100000.00, '2017-06-21', '2074-03-07', 108),
(2708, 80, 31, 100000.00, '2017-06-21', '2074-03-07', 3),
(2709, 148, 31, 50000.00, '2017-06-21', '2074-03-07', 3),
(2710, 495, 31, 100000.00, '2017-06-21', '2074-03-07', 3),
(2711, 592, 31, 50000.00, '2017-06-21', '2074-03-07', 3),
(2712, 235, 28, 560000.00, '2017-06-21', '2074-03-07', 11),
(2713, 496, 28, 200000.00, '2017-06-21', '2074-03-07', 104),
(2714, 395, 28, 500000.00, '2017-06-21', '2074-03-07', 45),
(2715, 180, 28, 200000.00, '2017-06-21', '2074-03-07', 31),
(2716, 171, 28, 1000000.00, '2017-06-21', '2074-03-07', 31),
(2717, 228, 28, 500000.00, '2017-06-21', '2074-03-07', 1),
(2718, 377, 23, 239000.00, '2017-06-22', '2074-03-08', 5),
(2719, 320, 23, 100000.00, '2017-06-22', '2074-03-08', 2),
(2720, 509, 26, 250000.00, '2017-06-22', '2074-03-08', 105),
(2721, 100, 26, 300000.00, '2017-06-22', '2074-03-08', 52),
(2722, 465, 26, 115500.00, '2017-06-22', '2074-03-08', 1),
(2723, 581, 26, 58600.00, '2017-06-22', '2074-03-08', 11),
(2724, 19, 26, 76000.00, '2017-06-22', '2074-03-08', 11),
(2725, 478, 26, 77200.00, '2017-06-22', '2074-03-08', 11),
(2726, 52, 26, 50000.00, '2017-06-22', '2074-03-08', 11),
(2727, 55, 26, 157200.00, '2017-06-22', '2074-03-08', 11),
(2728, 59, 26, 133400.00, '2017-06-22', '2074-03-08', 11),
(2729, 84, 26, 115000.00, '2017-06-22', '2074-03-08', 11),
(2730, 328, 26, 100000.00, '2017-06-22', '2074-03-08', 11),
(2731, 99, 26, 100000.00, '2017-06-22', '2074-03-08', 11),
(2732, 91, 26, 76000.00, '2017-06-22', '2074-03-08', 11),
(2733, 502, 26, 144200.00, '2017-06-22', '2074-03-08', 11),
(2734, 72, 27, 300000.00, '2017-06-22', '2074-03-08', 5),
(2735, 193, 30, 130000.00, '2017-06-22', '2074-03-08', 26),
(2736, 67, 30, 100000.00, '2017-06-22', '2074-03-08', 26),
(2737, 348, 30, 50000.00, '2017-06-22', '2074-03-08', 26),
(2738, 420, 30, 500000.00, '2017-06-22', '2074-03-08', 15),
(2739, 585, 30, 840000.00, '2017-06-22', '2074-03-08', 22),
(2740, 587, 30, 277800.00, '2017-06-22', '2074-03-08', 22),
(2741, 65, 30, 829500.00, '2017-06-22', '2074-03-08', 22),
(2742, 214, 30, 50000.00, '2017-06-22', '2074-03-08', 26),
(2743, 117, 31, 200000.00, '2017-06-22', '2074-03-08', 11),
(2744, 144, 31, 66670.00, '2017-06-22', '2074-03-08', 4),
(2745, 177, 31, 11046.00, '2017-06-22', '2074-03-08', 4),
(2746, 200, 31, 56200.00, '2017-06-22', '2074-03-08', 4),
(2747, 380, 31, 94536.00, '2017-06-22', '2074-03-08', 4),
(2748, 445, 31, 200000.00, '2017-06-22', '2074-03-08', 4),
(2749, 501, 31, 71548.00, '2017-06-22', '2074-03-08', 4),
(2750, 35, 28, 300000.00, '2017-06-22', '2074-03-08', 4),
(2751, 166, 28, 273000.00, '2017-06-22', '2074-03-08', 62),
(2752, 609, 28, 50000.00, '2017-06-22', '2074-03-08', 9),
(2753, 146, 28, 2000000.00, '2017-06-22', '2074-03-08', 59),
(2754, 210, 28, 500000.00, '2017-06-22', '2074-03-08', 68),
(2755, 244, 25, 50000.00, '2017-06-22', '2074-03-08', 20),
(2756, 567, 25, 60000.00, '2017-06-22', '2074-03-08', 3),
(2757, 211, 25, 25000.00, '2017-06-22', '2074-03-08', 3),
(2758, 528, 25, 40000.00, '2017-06-22', '2074-03-08', 3),
(2759, 367, 29, 300000.00, '2017-06-22', '2074-03-08', 87),
(2760, 579, 29, 304300.00, '2017-06-22', '2074-03-08', 60),
(2761, 411, 29, 250000.00, '2017-06-22', '2074-03-08', 21),
(2762, 580, 26, 500000.00, '2017-06-23', '2074-03-09', 20),
(2763, 332, 27, 67000.00, '2017-06-23', '2074-03-09', 15),
(2764, 127, 27, 500000.00, '2017-06-23', '2074-03-09', 57),
(2765, 7, 27, 300000.00, '2017-06-23', '2074-03-09', 6),
(2766, 523, 31, 70000.00, '2017-06-23', '2074-03-09', 3),
(2767, 211, 31, 28000.00, '2017-06-23', '2074-03-09', 3),
(2768, 528, 31, 30000.00, '2017-06-23', '2074-03-09', 3),
(2769, 315, 31, 300000.00, '2017-06-23', '2074-03-09', 3),
(2770, 410, 31, 40000.00, '2017-06-23', '2074-03-09', 3),
(2771, 430, 31, 100000.00, '2017-06-23', '2074-03-09', 3),
(2772, 192, 28, 154000.00, '2017-06-23', '2074-03-09', 9),
(2773, 471, 28, 377000.00, '2017-06-23', '2074-03-09', 11),
(2774, 505, 28, 300000.00, '2017-06-23', '2074-03-09', 3),
(2775, 564, 29, 200000.00, '2017-06-23', '2074-03-09', 13),
(2776, 411, 29, 250000.00, '2017-06-23', '2074-03-09', 21),
(2777, 419, 25, 281400.00, '2017-06-24', '2074-03-10', 16),
(2778, 490, 27, 300000.00, '2017-06-25', '2074-03-11', 5),
(2779, 557, 27, 281400.00, '2017-06-25', '2074-03-11', 5),
(2780, 274, 27, 500000.00, '2017-06-25', '2074-03-11', 5),
(2781, 525, 31, 70000.00, '2017-06-25', '2074-03-11', 3),
(2782, 531, 31, 200000.00, '2017-06-25', '2074-03-11', 3),
(2783, 430, 31, 100000.00, '2017-06-25', '2074-03-11', 3),
(2784, 465, 28, 97500.00, '2017-06-25', '2074-03-11', 1),
(2785, 611, 28, 103500.00, '2017-06-25', '2074-03-11', 9),
(2786, 277, 28, 97499.79, '2017-06-25', '2074-03-11', 1),
(2787, 167, 28, 400000.00, '2017-06-25', '2074-03-11', 11),
(2788, 104, 28, 1250.00, '2017-06-25', '2074-03-11', 1),
(2789, 279, 28, 100250.00, '2017-06-25', '2074-03-11', 1),
(2790, 359, 28, 100000.00, '2017-06-25', '2074-03-11', 2),
(2791, 259, 28, 362500.00, '2017-06-25', '2074-03-11', 11),
(2792, 363, 28, 50000.00, '2017-06-25', '2074-03-11', 3),
(2793, 522, 28, 25000.00, '2017-06-25', '2074-03-11', 3),
(2794, 334, 28, 150000.00, '2017-06-25', '2074-03-11', 31),
(2795, 609, 28, 300000.00, '2017-06-25', '2074-03-11', 9),
(2796, 124, 28, 300000.00, '2017-06-25', '2074-03-11', 13),
(2797, 206, 28, 95999.72, '2017-06-25', '2074-03-11', 31),
(2798, 431, 29, 283999.97, '2017-06-25', '2074-03-11', 14),
(2799, 544, 29, 132300.00, '2017-06-25', '2074-03-11', 14),
(2800, 302, 29, 36200.28, '2017-06-25', '2074-03-11', 14),
(2801, 48, 29, 56158.57, '2017-06-25', '2074-03-11', 14),
(2802, 143, 29, 28098.28, '2017-06-25', '2074-03-11', 14),
(2803, 75, 29, 159600.86, '2017-06-25', '2074-03-11', 14),
(2804, 411, 29, 300000.00, '2017-06-25', '2074-03-11', 21),
(2805, 339, 29, 100000.00, '2017-06-25', '2074-03-11', 14),
(2806, 446, 29, 91199.62, '2017-06-25', '2074-03-11', 14),
(2807, 79, 32, 300000.00, '2017-06-25', '2074-03-11', 12),
(2808, 366, 30, 70000.00, '2017-06-25', '2074-03-11', 26),
(2809, 250, 27, 281400.00, '2017-06-27', '2074-03-13', 5),
(2810, 269, 23, 300000.00, '2017-06-27', '2074-03-13', 76),
(2811, 33, 31, 180000.00, '2017-06-27', '2074-03-13', 3),
(2812, 117, 31, 150000.00, '2017-06-27', '2074-03-13', 11),
(2813, 175, 31, 350000.00, '2017-06-27', '2074-03-13', 11),
(2814, 222, 31, 300000.00, '2017-06-27', '2074-03-13', 3),
(2815, 430, 31, 90000.00, '2017-06-27', '2074-03-13', 3),
(2816, 592, 31, 50000.00, '2017-06-27', '2074-03-13', 3),
(2817, 206, 28, 95999.72, '2017-06-27', '2074-03-13', 31),
(2818, 141, 28, 121800.00, '2017-06-27', '2074-03-13', 11),
(2819, 259, 28, 130000.00, '2017-06-27', '2074-03-13', 11),
(2820, 185, 28, 300000.00, '2017-06-27', '2074-03-13', 11),
(2821, 20, 28, 264600.00, '2017-06-27', '2074-03-13', 14),
(2822, 575, 28, 420300.00, '2017-06-27', '2074-03-13', 14),
(2823, 577, 26, 150000.00, '2017-06-27', '2074-03-13', 4),
(2824, 445, 26, 55350.00, '2017-06-27', '2074-03-13', 4),
(2825, 380, 26, 155663.00, '2017-06-27', '2074-03-13', 4),
(2826, 435, 29, 273000.00, '2017-06-27', '2074-03-13', 14),
(2827, 198, 29, 155401.34, '2017-06-27', '2074-03-13', 14),
(2828, 174, 29, 217800.00, '2017-06-27', '2074-03-13', 21),
(2829, 261, 29, 2000000.00, '2017-06-27', '2074-03-13', 19),
(2830, 364, 30, 50000.00, '2017-06-27', '2074-03-13', 26),
(2831, 274, 27, 300000.00, '2017-06-28', '2074-03-14', 5),
(2832, 557, 27, 200000.00, '2017-06-28', '2074-03-14', 5),
(2833, 72, 27, 243000.00, '2017-06-28', '2074-03-14', 5),
(2834, 370, 31, 200000.00, '2017-06-28', '2074-03-14', 4),
(2835, 370, 28, 100000.00, '2017-06-28', '2074-03-14', 4),
(2836, 259, 28, 390000.00, '2017-06-28', '2074-03-14', 11),
(2837, 63, 28, 20000.00, '2017-06-28', '2074-03-14', 34),
(2838, 610, 28, 39500.28, '2017-06-28', '2074-03-14', 119),
(2839, 181, 28, 3350.00, '2017-06-28', '2074-03-14', 64),
(2840, 492, 26, 500000.00, '2017-06-28', '2074-03-14', 20),
(2841, 194, 27, 2263813.00, '2017-06-29', '2074-03-15', 49),
(2842, 97, 27, 2332596.00, '2017-06-29', '2074-03-15', 49),
(2843, 589, 27, 577500.00, '2017-06-29', '2074-03-15', 49),
(2844, 7, 27, 300000.00, '2017-06-29', '2074-03-15', 6),
(2845, 24, 23, 100000.00, '2017-06-29', '2074-03-15', 2),
(2846, 360, 23, 100000.00, '2017-06-29', '2074-03-15', 2),
(2847, 41, 25, 323402.00, '2017-06-29', '2074-03-15', 16),
(2848, 528, 25, 30000.00, '2017-06-29', '2074-03-15', 3),
(2849, 256, 29, 558598.88, '2017-06-29', '2074-03-15', 73),
(2850, 411, 29, 400000.00, '2017-06-29', '2074-03-15', 21),
(2851, 436, 30, 50000.00, '2017-06-29', '2074-03-15', 26),
(2852, 235, 31, 557000.00, '2017-06-29', '2074-03-15', 11),
(2853, 102, 31, 25000.00, '2017-06-29', '2074-03-15', 3),
(2854, 315, 31, 400000.00, '2017-06-29', '2074-03-15', 3),
(2855, 228, 28, 300000.00, '2017-06-29', '2074-03-15', 1),
(2856, 106, 28, 100000.00, '2017-06-29', '2074-03-15', 1),
(2857, 604, 28, 33499.98, '2017-06-29', '2074-03-15', 117),
(2858, 481, 28, 500000.00, '2017-06-29', '2074-03-15', 31),
(2859, 416, 28, 500000.00, '2017-06-29', '2074-03-15', 31),
(2860, 273, 28, 500000.00, '2017-06-29', '2074-03-15', 9),
(2861, 146, 28, 1000000.00, '2017-06-29', '2074-03-15', 59),
(2862, 465, 28, 97499.79, '2017-06-29', '2074-03-15', 1),
(2863, 180, 28, 200000.00, '2017-06-29', '2074-03-15', 31),
(2864, 496, 28, 500000.00, '2017-06-29', '2074-03-15', 104),
(2865, 206, 28, 112500.54, '2017-06-29', '2074-03-15', 31),
(2866, 478, 26, 107000.00, '2017-06-29', '2074-03-15', 11),
(2867, 16, 26, 171000.00, '2017-06-29', '2074-03-15', 11),
(2868, 83, 26, 101400.00, '2017-06-29', '2074-03-15', 11),
(2869, 99, 26, 95000.00, '2017-06-29', '2074-03-15', 11),
(2870, 314, 26, 114000.00, '2017-06-29', '2074-03-15', 11),
(2871, 459, 26, 80000.00, '2017-06-29', '2074-03-15', 11),
(2872, 483, 26, 277200.00, '2017-06-29', '2074-03-15', 11),
(2873, 502, 26, 117200.00, '2017-06-29', '2074-03-15', 11),
(2874, 91, 26, 273000.00, '2017-06-29', '2074-03-15', 11),
(2875, 532, 28, 285600.00, '2017-06-29', '2074-03-15', 11),
(2876, 72, 27, 300000.00, '2017-06-30', '2074-03-16', 5),
(2877, 199, 27, 592196.38, '2017-06-30', '2074-03-16', 49),
(2878, 266, 23, 150000.00, '2017-06-30', '2074-03-16', 2),
(2879, 208, 25, 250000.00, '2017-06-30', '2074-03-16', 16),
(2880, 411, 29, 250000.00, '2017-06-30', '2074-03-16', 21),
(2881, 329, 30, 50000.00, '2017-06-30', '2074-03-16', 26),
(2882, 491, 30, 30000.00, '2017-06-30', '2074-03-16', 26),
(2883, 567, 28, 50000.00, '2017-06-30', '2074-03-16', 3),
(2884, 52, 26, 75000.00, '2017-06-30', '2074-03-16', 11),
(2885, 99, 26, 100000.00, '2017-06-30', '2074-03-16', 11),
(2886, 84, 26, 100000.00, '2017-06-30', '2074-03-16', 11),
(2887, 374, 26, 80000.00, '2017-06-30', '2074-03-16', 11),
(2888, 483, 26, 237600.00, '2017-06-30', '2074-03-16', 11),
(2889, 79, 32, 200000.00, '2017-06-30', '2074-03-16', 12),
(2890, 490, 27, 250000.00, '2017-07-02', '2074-03-18', 5),
(2891, 332, 27, 134000.00, '2017-07-02', '2074-03-18', 15),
(2892, 72, 27, 200000.00, '2017-07-02', '2074-03-18', 5),
(2893, 557, 27, 362800.00, '2017-07-02', '2074-03-18', 5),
(2894, 377, 23, 230000.00, '2017-07-02', '2074-03-18', 5),
(2895, 161, 23, 50000.00, '2017-07-02', '2074-03-18', 2),
(2896, 191, 25, 50000.00, '2017-07-02', '2074-03-18', 10),
(2897, 191, 25, 50000.00, '2017-07-02', '2074-03-18', 10),
(2898, 411, 29, 500000.00, '2017-07-02', '2074-03-18', 21),
(2899, 386, 29, 155400.00, '2017-07-02', '2074-03-18', 14),
(2900, 283, 29, 233200.00, '2017-07-02', '2074-03-18', 14),
(2901, 472, 29, 287700.00, '2017-07-02', '2074-03-18', 14),
(2902, 406, 28, 72399.70, '2017-07-02', '2074-03-18', 93),
(2903, 612, 28, 3300.00, '2017-07-02', '2074-03-18', 68),
(2904, 316, 28, 39575.14, '2017-07-02', '2074-03-18', 83),
(2905, 163, 28, 100000.00, '2017-07-02', '2074-03-18', 3),
(2906, 395, 28, 300000.00, '2017-07-02', '2074-03-18', 45),
(2907, 210, 28, 500000.00, '2017-07-02', '2074-03-18', 68),
(2908, 392, 26, 95600.00, '2017-07-02', '2074-03-18', 9),
(2909, 615, 26, 96000.00, '2017-07-02', '2074-03-18', 9),
(2910, 380, 26, 250000.00, '2017-07-02', '2074-03-18', 4),
(2911, 509, 26, 250000.00, '2017-07-02', '2074-03-18', 105),
(2912, 259, 32, 415000.00, '2017-07-02', '2074-03-18', 11),
(2913, 33, 31, 100000.00, '2017-07-02', '2074-03-18', 3),
(2914, 80, 31, 100000.00, '2017-07-02', '2074-03-18', 3),
(2915, 148, 31, 30000.00, '2017-07-02', '2074-03-18', 3),
(2916, 525, 31, 50000.00, '2017-07-02', '2074-03-18', 3),
(2917, 222, 31, 250000.00, '2017-07-02', '2074-03-18', 3),
(2918, 315, 31, 500000.00, '2017-07-02', '2074-03-18', 3),
(2919, 531, 31, 150000.00, '2017-07-02', '2074-03-18', 3),
(2920, 533, 31, 150000.00, '2017-07-02', '2074-03-18', 3),
(2921, 430, 31, 45000.00, '2017-07-02', '2074-03-18', 3),
(2922, 495, 31, 50000.00, '2017-07-02', '2074-03-18', 3);

-- --------------------------------------------------------

--
-- Table structure for table `tbl_permission`
--

CREATE TABLE `tbl_permission` (
  `id` int(11) NOT NULL DEFAULT '0',
  `department_id` int(11) DEFAULT NULL,
  `resource_id` int(11) DEFAULT NULL
) ENGINE=InnoDB DEFAULT CHARSET=latin1;

--
-- Dumping data for table `tbl_permission`
--

INSERT INTO `tbl_permission` (`id`, `department_id`, `resource_id`) VALUES
(0, 0, 0);

-- --------------------------------------------------------

--
-- Table structure for table `tbl_plant`
--

CREATE TABLE `tbl_plant` (
  `id` int(11) NOT NULL,
  `name` varchar(255) DEFAULT NULL
) ENGINE=InnoDB DEFAULT CHARSET=latin1;

--
-- Dumping data for table `tbl_plant`
--

INSERT INTO `tbl_plant` (`id`, `name`) VALUES
(1, 'Cement Mill'),
(2, 'Slag Dryer'),
(3, 'Packing Machine'),
(4, 'Blower 1'),
(5, 'Blower 2'),
(6, 'Blower 3'),
(7, 'Compressor 1'),
(8, 'Compressor 2'),
(9, 'Genset 320'),
(10, 'Genset 25'),
(11, 'JCB.432ZX'),
(12, 'JCB.4DX'),
(13, 'Tata Mobile');

-- --------------------------------------------------------

--
-- Table structure for table `tbl_plant_operation`
--

CREATE TABLE `tbl_plant_operation` (
  `id` int(11) NOT NULL,
  `plant_id` int(11) DEFAULT NULL,
  `working_hour` float DEFAULT NULL,
  `date_np` varchar(255) DEFAULT NULL,
  `date_en` date DEFAULT NULL
) ENGINE=InnoDB DEFAULT CHARSET=latin1;

--
-- Dumping data for table `tbl_plant_operation`
--

INSERT INTO `tbl_plant_operation` (`id`, `plant_id`, `working_hour`, `date_np`, `date_en`) VALUES
(469, 1, 2436.55, '2074-03-31', '2017-07-15'),
(470, 2, 1071.49, '2074-03-31', '2017-07-15'),
(471, 3, 1754.1, '2074-03-31', '2017-07-15'),
(472, 4, 393.6, '2074-03-31', '2017-07-15'),
(473, 5, 51, '2074-03-31', '2017-07-15'),
(474, 6, 279, '2074-03-31', '2017-07-15'),
(475, 7, 3396, '2074-03-31', '2017-07-15'),
(476, 8, 972, '2074-03-31', '2017-07-15'),
(477, 9, 485.4, '2074-03-31', '2017-07-15'),
(478, 10, 125, '2074-03-31', '2017-07-15'),
(479, 11, 1153.7, '2074-03-31', '2017-07-15'),
(480, 12, 1831.2, '2074-03-31', '2017-07-15'),
(481, 13, 105552, '2074-03-31', '2017-07-15'),
(482, 1, 2441.39, '2074-04-01', '2017-07-16'),
(483, 2, 1071.49, '2074-04-01', '2017-07-16'),
(484, 3, 1761.5, '2074-04-01', '2017-07-16'),
(485, 4, 395.5, '2074-04-01', '2017-07-16'),
(486, 5, 51, '2074-04-01', '2017-07-16'),
(487, 6, 279.8, '2074-04-01', '2017-07-16'),
(488, 7, 3405, '2074-04-01', '2017-07-16'),
(489, 8, 972, '2074-04-01', '2017-07-16'),
(490, 9, 485.4, '2074-04-01', '2017-07-16'),
(491, 10, 125, '2074-04-01', '2017-07-16'),
(492, 11, 1156.5, '2074-04-01', '2017-07-16'),
(493, 12, 1832.2, '2074-04-01', '2017-07-16'),
(494, 13, 105641, '2074-04-01', '2017-07-16'),
(495, 1, 2449.29, '2074-04-02', '2017-07-17'),
(496, 2, 1078.53, '2074-04-02', '2017-07-17'),
(497, 3, 1767.8, '2074-04-02', '2017-07-17'),
(498, 4, 396.8, '2074-04-02', '2017-07-17'),
(499, 5, 51, '2074-04-02', '2017-07-17'),
(500, 6, 280.5, '2074-04-02', '2017-07-17'),
(501, 7, 3417, '2074-04-02', '2017-07-17'),
(502, 8, 972, '2074-04-02', '2017-07-17'),
(503, 9, 485.4, '2074-04-02', '2017-07-17'),
(504, 10, 125, '2074-04-02', '2017-07-17'),
(505, 11, 1161.4, '2074-04-02', '2017-07-17'),
(506, 12, 1832.2, '2074-04-02', '2017-07-17'),
(507, 13, 105707, '2074-04-02', '2017-07-17'),
(508, 1, 2457.58, '2074-04-03', '2017-07-18'),
(509, 2, 1083.54, '2074-04-03', '2017-07-18'),
(510, 3, 1775.9, '2074-04-03', '2017-07-18'),
(511, 4, 398.8, '2074-04-03', '2017-07-18'),
(512, 5, 51, '2074-04-03', '2017-07-18'),
(513, 6, 281.5, '2074-04-03', '2017-07-18'),
(514, 7, 3431, '2074-04-03', '2017-07-18'),
(515, 8, 972, '2074-04-03', '2017-07-18'),
(516, 9, 489.1, '2074-04-03', '2017-07-18'),
(517, 10, 125, '2074-04-03', '2017-07-18'),
(518, 11, 1166.6, '2074-04-03', '2017-07-18'),
(519, 12, 1836.1, '2074-04-03', '2017-07-18'),
(520, 13, 105753, '2074-04-03', '2017-07-18'),
(521, 1, 2468.56, '2074-04-04', '2017-07-19'),
(522, 2, 1089.36, '2074-04-04', '2017-07-19'),
(523, 3, 1785.1, '2074-04-04', '2017-07-19'),
(524, 4, 398.8, '2074-04-04', '2017-07-19'),
(525, 5, 51, '2074-04-04', '2017-07-19'),
(526, 6, 281.5, '2074-04-04', '2017-07-19'),
(527, 7, 3444, '2074-04-04', '2017-07-19'),
(528, 8, 972, '2074-04-04', '2017-07-19'),
(529, 9, 489.1, '2074-04-04', '2017-07-19'),
(530, 10, 125, '2074-04-04', '2017-07-19'),
(531, 11, 1171.2, '2074-04-04', '2017-07-19'),
(532, 12, 1837.3, '2074-04-04', '2017-07-19'),
(533, 13, 105817, '2074-04-04', '2017-07-19'),
(534, 1, 2474, '2074-04-05', '2017-07-20'),
(535, 2, 1089.36, '2074-04-05', '2017-07-20'),
(536, 3, 1791.9, '2074-04-05', '2017-07-20'),
(537, 4, 402.8, '2074-04-05', '2017-07-20'),
(538, 5, 51, '2074-04-05', '2017-07-20'),
(539, 6, 283.3, '2074-04-05', '2017-07-20'),
(540, 7, 3453, '2074-04-05', '2017-07-20'),
(541, 8, 972, '2074-04-05', '2017-07-20'),
(542, 9, 491.1, '2074-04-05', '2017-07-20'),
(543, 10, 129, '2074-04-05', '2017-07-20'),
(544, 11, 1174.7, '2074-04-05', '2017-07-20'),
(545, 12, 1840.6, '2074-04-05', '2017-07-20'),
(546, 13, 105911, '2074-04-05', '2017-07-20'),
(547, 1, 2485.39, '2074-04-06', '2017-07-21'),
(548, 2, 1089.36, '2074-04-06', '2017-07-21'),
(549, 3, 1802.2, '2074-04-06', '2017-07-21'),
(550, 4, 405, '2074-04-06', '2017-07-21'),
(551, 5, 51, '2074-04-06', '2017-07-21'),
(552, 6, 284.6, '2074-04-06', '2017-07-21'),
(553, 7, 3468, '2074-04-06', '2017-07-21'),
(554, 8, 972, '2074-04-06', '2017-07-21'),
(555, 9, 491.1, '2074-04-06', '2017-07-21'),
(556, 10, 129, '2074-04-06', '2017-07-21'),
(557, 11, 1186.3, '2074-04-06', '2017-07-21'),
(558, 12, 1845.2, '2074-04-06', '2017-07-21'),
(559, 13, 106006, '2074-04-06', '2017-07-21'),
(560, 1, 2496.53, '2074-04-07', '2017-07-22'),
(561, 2, 1100.23, '2074-04-07', '2017-07-22'),
(562, 3, 1806.9, '2074-04-07', '2017-07-22'),
(563, 4, 405.9, '2074-04-07', '2017-07-22'),
(564, 5, 51, '2074-04-07', '2017-07-22'),
(565, 6, 285.3, '2074-04-07', '2017-07-22'),
(566, 7, 3480, '2074-04-07', '2017-07-22'),
(567, 8, 972, '2074-04-07', '2017-07-22'),
(568, 9, 491.1, '2074-04-07', '2017-07-22'),
(569, 10, 129, '2074-04-07', '2017-07-22'),
(570, 11, 1195, '2074-04-07', '2017-07-22'),
(571, 12, 1847.4, '2074-04-07', '2017-07-22'),
(572, 13, 106077, '2074-04-07', '2017-07-22'),
(573, 1, 2506.27, '2074-04-08', '2017-07-23'),
(574, 2, 1100.23, '2074-04-08', '2017-07-23'),
(575, 3, 1811.4, '2074-04-08', '2017-07-23'),
(576, 4, 406.6, '2074-04-08', '2017-07-23'),
(577, 5, 51, '2074-04-08', '2017-07-23'),
(578, 6, 286, '2074-04-08', '2017-07-23'),
(579, 7, 3493, '2074-04-08', '2017-07-23'),
(580, 8, 972, '2074-04-08', '2017-07-23'),
(581, 9, 491.1, '2074-04-08', '2017-07-23'),
(582, 10, 129, '2074-04-08', '2017-07-23'),
(583, 11, 1199.5, '2074-04-08', '2017-07-23'),
(584, 12, 1849.1, '2074-04-08', '2017-07-23'),
(585, 13, 106097, '2074-04-08', '2017-07-23'),
(586, 1, 2506.27, '2074-04-09', '2017-07-24'),
(587, 2, 1110.53, '2074-04-09', '2017-07-24'),
(588, 3, 1818.4, '2074-04-09', '2017-07-24'),
(589, 4, 407.9, '2074-04-09', '2017-07-24'),
(590, 5, 51, '2074-04-09', '2017-07-24'),
(591, 6, 286.7, '2074-04-09', '2017-07-24'),
(592, 7, 3504, '2074-04-09', '2017-07-24'),
(593, 8, 972, '2074-04-09', '2017-07-24'),
(594, 9, 491.1, '2074-04-09', '2017-07-24'),
(595, 10, 129, '2074-04-09', '2017-07-24'),
(596, 11, 1205.5, '2074-04-09', '2017-07-24'),
(597, 12, 1850.1, '2074-04-09', '2017-07-24'),
(598, 13, 106164, '2074-04-09', '2017-07-24'),
(599, 1, 2506.27, '2074-04-10', '2017-07-25'),
(600, 2, 1110.53, '2074-04-10', '2017-07-25'),
(601, 3, 1825.1, '2074-04-10', '2017-07-25'),
(602, 4, 409.4, '2074-04-10', '2017-07-25'),
(603, 5, 51, '2074-04-10', '2017-07-25'),
(604, 6, 287.5, '2074-04-10', '2017-07-25'),
(605, 7, 3512, '2074-04-10', '2017-07-25'),
(606, 8, 972, '2074-04-10', '2017-07-25'),
(607, 9, 491.1, '2074-04-10', '2017-07-25'),
(608, 10, 129, '2074-04-10', '2017-07-25'),
(609, 11, 1206.2, '2074-04-10', '2017-07-25'),
(610, 12, 1850.3, '2074-04-10', '2017-07-25'),
(611, 13, 106261, '2074-04-10', '2017-07-25'),
(612, 1, 2515.47, '2074-04-11', '2017-07-26'),
(613, 2, 1110.53, '2074-04-11', '2017-07-26'),
(614, 3, 1832.9, '2074-04-11', '2017-07-26'),
(615, 4, 410.5, '2074-04-11', '2017-07-26'),
(616, 5, 51, '2074-04-11', '2017-07-26'),
(617, 6, 289.1, '2074-04-11', '2017-07-26'),
(618, 7, 3525, '2074-04-11', '2017-07-26'),
(619, 8, 972, '2074-04-11', '2017-07-26'),
(620, 9, 491.1, '2074-04-11', '2017-07-26'),
(621, 10, 131, '2074-04-11', '2017-07-26'),
(622, 11, 1210.7, '2074-04-11', '2017-07-26'),
(623, 12, 1851.5, '2074-04-11', '2017-07-26'),
(624, 13, 106583, '2074-04-11', '2017-07-26'),
(625, 1, 2525.22, '2074-04-12', '2017-07-27'),
(626, 2, 1110.53, '2074-04-12', '2017-07-27'),
(627, 3, 1841.8, '2074-04-12', '2017-07-27'),
(628, 4, 412, '2074-04-12', '2017-07-27'),
(629, 5, 51, '2074-04-12', '2017-07-27'),
(630, 6, 290.5, '2074-04-12', '2017-07-27'),
(631, 7, 3537, '2074-04-12', '2017-07-27'),
(632, 8, 972, '2074-04-12', '2017-07-27'),
(633, 9, 491.1, '2074-04-12', '2017-07-27'),
(634, 10, 131, '2074-04-12', '2017-07-27'),
(635, 11, 1218, '2074-04-12', '2017-07-27'),
(636, 12, 1853, '2074-04-12', '2017-07-27'),
(637, 13, 106640, '2074-04-12', '2017-07-27'),
(638, 1, 2534.11, '2074-04-13', '2017-07-28'),
(639, 2, 1110.53, '2074-04-13', '2017-07-28'),
(640, 3, 1848, '2074-04-13', '2017-07-28'),
(641, 4, 413.2, '2074-04-13', '2017-07-28'),
(642, 5, 51, '2074-04-13', '2017-07-28'),
(643, 6, 291.4, '2074-04-13', '2017-07-28'),
(644, 7, 3548, '2074-04-13', '2017-07-28'),
(645, 8, 972, '2074-04-13', '2017-07-28'),
(646, 9, 493, '2074-04-13', '2017-07-28'),
(647, 10, 131, '2074-04-13', '2017-07-28'),
(648, 11, 1220, '2074-04-13', '2017-07-28'),
(649, 12, 1853.2, '2074-04-13', '2017-07-28'),
(650, 13, 106696, '2074-04-13', '2017-07-28'),
(651, 1, 2542.34, '2074-04-14', '2017-07-29'),
(652, 2, 1118.18, '2074-04-14', '2017-07-29'),
(653, 3, 1851.4, '2074-04-14', '2017-07-29'),
(654, 4, 414, '2074-04-14', '2017-07-29'),
(655, 5, 51, '2074-04-14', '2017-07-29'),
(656, 6, 291.7, '2074-04-14', '2017-07-29'),
(657, 7, 3557, '2074-04-14', '2017-07-29'),
(658, 8, 976, '2074-04-14', '2017-07-29'),
(659, 9, 493.7, '2074-04-14', '2017-07-29'),
(660, 10, 131, '2074-04-14', '2017-07-29'),
(661, 11, 1225.3, '2074-04-14', '2017-07-29'),
(662, 12, 1853.2, '2074-04-14', '2017-07-29'),
(663, 13, 106736, '2074-04-14', '2017-07-29'),
(664, 1, 2542.37, '2074-04-15', '2017-07-30'),
(665, 2, 1123.37, '2074-04-15', '2017-07-30'),
(666, 3, 1856.3, '2074-04-15', '2017-07-30'),
(667, 4, 414.9, '2074-04-15', '2017-07-30'),
(668, 5, 51, '2074-04-15', '2017-07-30'),
(669, 6, 292.3, '2074-04-15', '2017-07-30'),
(670, 7, 3559, '2074-04-15', '2017-07-30'),
(671, 8, 983, '2074-04-15', '2017-07-30'),
(672, 9, 493.7, '2074-04-15', '2017-07-30'),
(673, 10, 131.4, '2074-04-15', '2017-07-30'),
(674, 11, 1227.9, '2074-04-15', '2017-07-30'),
(675, 12, 1853.2, '2074-04-15', '2017-07-30'),
(676, 13, 106766, '2074-04-15', '2017-07-30'),
(677, 1, 2542.37, '2074-04-16', '2017-07-31'),
(678, 2, 1123.37, '2074-04-16', '2017-07-31'),
(679, 3, 1863.5, '2074-04-16', '2017-07-31'),
(680, 4, 416.7, '2074-04-16', '2017-07-31'),
(681, 5, 51, '2074-04-16', '2017-07-31'),
(682, 6, 293, '2074-04-16', '2017-07-31'),
(683, 7, 3567, '2074-04-16', '2017-07-31'),
(684, 8, 984, '2074-04-16', '2017-07-31'),
(685, 9, 495.5, '2074-04-16', '2017-07-31'),
(686, 10, 132, '2074-04-16', '2017-07-31'),
(687, 11, 1229.6, '2074-04-16', '2017-07-31'),
(688, 12, 1853.2, '2074-04-16', '2017-07-31'),
(689, 13, 106802, '2074-04-16', '2017-07-31'),
(690, 1, 2551.56, '2074-04-17', '2017-08-01'),
(691, 2, 1123.37, '2074-04-17', '2017-08-01'),
(692, 3, 1870.2, '2074-04-17', '2017-08-01'),
(693, 4, 418.4, '2074-04-17', '2017-08-01'),
(694, 5, 51, '2074-04-17', '2017-08-01'),
(695, 6, 293.4, '2074-04-17', '2017-08-01'),
(696, 7, 3573, '2074-04-17', '2017-08-01'),
(697, 8, 990, '2074-04-17', '2017-08-01'),
(698, 9, 496, '2074-04-17', '2017-08-01'),
(699, 10, 132, '2074-04-17', '2017-08-01'),
(700, 11, 1233.9, '2074-04-17', '2017-08-01'),
(701, 12, 1854.9, '2074-04-17', '2017-08-01'),
(702, 13, 106855, '2074-04-17', '2017-08-01'),
(716, 1, 2562.12, '2074-04-18', '2017-08-02'),
(717, 2, 1130.08, '2074-04-18', '2017-08-02'),
(718, 3, 1879.6, '2074-04-18', '2017-08-02'),
(719, 4, 419.7, '2074-04-18', '2017-08-02'),
(720, 5, 51, '2074-04-18', '2017-08-02'),
(721, 6, 294.7, '2074-04-18', '2017-08-02'),
(722, 7, 3585, '2074-04-18', '2017-08-02'),
(723, 8, 991, '2074-04-18', '2017-08-02'),
(724, 9, 496, '2074-04-18', '2017-08-02'),
(725, 10, 132, '2074-04-18', '2017-08-02'),
(726, 11, 1238.9, '2074-04-18', '2017-08-02'),
(727, 12, 1854.9, '2074-04-18', '2017-08-02'),
(728, 13, 106913, '2074-04-18', '2017-08-02'),
(742, 1, 2566.33, '2074-04-19', '2017-08-03'),
(743, 2, 1130.08, '2074-04-19', '2017-08-03'),
(744, 3, 1882, '2074-04-19', '2017-08-03'),
(745, 4, 420.3, '2074-04-19', '2017-08-03'),
(746, 5, 51, '2074-04-19', '2017-08-03'),
(747, 6, 295.2, '2074-04-19', '2017-08-03'),
(748, 7, 3586, '2074-04-19', '2017-08-03'),
(749, 8, 998, '2074-04-19', '2017-08-03'),
(750, 9, 496, '2074-04-19', '2017-08-03'),
(751, 10, 132, '2074-04-19', '2017-08-03'),
(752, 11, 1241.3, '2074-04-19', '2017-08-03'),
(753, 12, 1856.9, '2074-04-19', '2017-08-03'),
(754, 13, 106967, '2074-04-19', '2017-08-03'),
(755, 1, 2575.11, '2074-04-20', '2017-08-04'),
(756, 2, 1138.19, '2074-04-20', '2017-08-04'),
(757, 3, 1883.2, '2074-04-20', '2017-08-04'),
(758, 4, 420.7, '2074-04-20', '2017-08-04'),
(759, 5, 51, '2074-04-20', '2017-08-04'),
(760, 6, 295.5, '2074-04-20', '2017-08-04'),
(761, 7, 3586, '2074-04-20', '2017-08-04'),
(762, 8, 1009, '2074-04-20', '2017-08-04'),
(763, 9, 496, '2074-04-20', '2017-08-04'),
(764, 10, 132, '2074-04-20', '2017-08-04'),
(765, 11, 1249.5, '2074-04-20', '2017-08-04'),
(766, 12, 1857.2, '2074-04-20', '2017-08-04'),
(767, 13, 107000, '2074-04-20', '2017-08-04'),
(768, 1, 2583.38, '2074-04-21', '2017-08-05'),
(769, 2, 1146.42, '2074-04-21', '2017-08-05'),
(770, 3, 1885.7, '2074-04-21', '2017-08-05'),
(771, 4, 421.5, '2074-04-21', '2017-08-05'),
(772, 5, 51, '2074-04-21', '2017-08-05'),
(773, 6, 296, '2074-04-21', '2017-08-05'),
(774, 7, 3586, '2074-04-21', '2017-08-05'),
(775, 8, 1018, '2074-04-21', '2017-08-05'),
(776, 9, 496, '2074-04-21', '2017-08-05'),
(777, 10, 134, '2074-04-21', '2017-08-05'),
(778, 11, 1254, '2074-04-21', '2017-08-05'),
(779, 12, 1858.2, '2074-04-21', '2017-08-05'),
(780, 13, 107036, '2074-04-21', '2017-08-05'),
(794, 1, 2588.04, '2074-04-22', '2017-08-06'),
(795, 2, 1149.52, '2074-04-22', '2017-08-06'),
(796, 3, 1891.4, '2074-04-22', '2017-08-06'),
(797, 4, 422.8, '2074-04-22', '2017-08-06'),
(798, 5, 51, '2074-04-22', '2017-08-06'),
(799, 6, 296.6, '2074-04-22', '2017-08-06'),
(800, 7, 3586, '2074-04-22', '2017-08-06'),
(801, 8, 1028, '2074-04-22', '2017-08-06'),
(802, 9, 496, '2074-04-22', '2017-08-06'),
(803, 10, 134, '2074-04-22', '2017-08-06'),
(804, 11, 1260.7, '2074-04-22', '2017-08-06'),
(805, 12, 1858.2, '2074-04-22', '2017-08-06'),
(806, 13, 107090, '2074-04-22', '2017-08-06'),
(807, 1, 2594.59, '2074-04-23', '2017-08-07'),
(808, 2, 1155.3, '2074-04-23', '2017-08-07'),
(809, 3, 1894.7, '2074-04-23', '2017-08-07'),
(810, 4, 423.6, '2074-04-23', '2017-08-07'),
(811, 5, 51, '2074-04-23', '2017-08-07'),
(812, 6, 297.1, '2074-04-23', '2017-08-07'),
(813, 7, 3586, '2074-04-23', '2017-08-07'),
(814, 8, 1037, '2074-04-23', '2017-08-07'),
(815, 9, 499.7, '2074-04-23', '2017-08-07'),
(816, 10, 134, '2074-04-23', '2017-08-07'),
(817, 11, 1267.2, '2074-04-23', '2017-08-07'),
(818, 12, 1858.2, '2074-04-23', '2017-08-07'),
(819, 13, 107151, '2074-04-23', '2017-08-07'),
(820, 1, 2605.49, '2074-04-24', '2017-08-08'),
(821, 2, 1165.28, '2074-04-24', '2017-08-08'),
(822, 3, 1897.8, '2074-04-24', '2017-08-08'),
(823, 4, 424.3, '2074-04-24', '2017-08-08'),
(824, 5, 51, '2074-04-24', '2017-08-08'),
(825, 6, 297.3, '2074-04-24', '2017-08-08'),
(826, 7, 3586, '2074-04-24', '2017-08-08'),
(827, 8, 1049, '2074-04-24', '2017-08-08'),
(828, 9, 499.7, '2074-04-24', '2017-08-08'),
(829, 10, 134, '2074-04-24', '2017-08-08'),
(830, 11, 1275.8, '2074-04-24', '2017-08-08'),
(831, 12, 1858.2, '2074-04-24', '2017-08-08'),
(832, 13, 107264, '2074-04-24', '2017-08-08'),
(846, 1, 2615.4, '2074-04-25', '2017-08-09'),
(847, 2, 1165.28, '2074-04-25', '2017-08-09'),
(848, 3, 1901.2, '2074-04-25', '2017-08-09'),
(849, 4, 425.1, '2074-04-25', '2017-08-09'),
(850, 5, 51, '2074-04-25', '2017-08-09'),
(851, 6, 297.8, '2074-04-25', '2017-08-09'),
(852, 7, 3598, '2074-04-25', '2017-08-09'),
(853, 8, 1054, '2074-04-25', '2017-08-09'),
(854, 9, 499.7, '2074-04-25', '2017-08-09'),
(855, 10, 134, '2074-04-25', '2017-08-09'),
(856, 11, 1284.6, '2074-04-25', '2017-08-09'),
(857, 12, 1858.2, '2074-04-25', '2017-08-09'),
(858, 13, 107289, '2074-04-25', '2017-08-09'),
(872, 1, 2615.4, '2074-04-26', '2017-08-10'),
(873, 2, 1165.28, '2074-04-26', '2017-08-10'),
(874, 3, 1904, '2074-04-26', '2017-08-10'),
(875, 4, 425.8, '2074-04-26', '2017-08-10'),
(876, 5, 51, '2074-04-26', '2017-08-10'),
(877, 6, 298.4, '2074-04-26', '2017-08-10'),
(878, 7, 3598, '2074-04-26', '2017-08-10'),
(879, 8, 1059, '2074-04-26', '2017-08-10'),
(880, 9, 499.7, '2074-04-26', '2017-08-10'),
(881, 10, 134, '2074-04-26', '2017-08-10'),
(882, 11, 1289.3, '2074-04-26', '2017-08-10'),
(883, 12, 1866.6, '2074-04-26', '2017-08-10'),
(884, 13, 107354, '2074-04-26', '2017-08-10'),
(885, 1, 2615.4, '2074-04-27', '2017-08-11'),
(886, 2, 1165.28, '2074-04-27', '2017-08-11'),
(887, 3, 1906.5, '2074-04-27', '2017-08-11'),
(888, 4, 426.1, '2074-04-27', '2017-08-11'),
(889, 5, 51, '2074-04-27', '2017-08-11'),
(890, 6, 298.5, '2074-04-27', '2017-08-11'),
(891, 7, 3598, '2074-04-27', '2017-08-11'),
(892, 8, 1065, '2074-04-27', '2017-08-11'),
(893, 9, 499.7, '2074-04-27', '2017-08-11'),
(894, 10, 134, '2074-04-27', '2017-08-11'),
(895, 11, 1295.2, '2074-04-27', '2017-08-11'),
(896, 12, 1866.6, '2074-04-27', '2017-08-11'),
(897, 13, 107392, '2074-04-27', '2017-08-11'),
(898, 1, 2615.4, '2074-04-28', '2017-08-12'),
(899, 2, 1165.28, '2074-04-28', '2017-08-12'),
(900, 3, 1907.9, '2074-04-28', '2017-08-12'),
(901, 4, 426.5, '2074-04-28', '2017-08-12'),
(902, 5, 51, '2074-04-28', '2017-08-12'),
(903, 6, 298.7, '2074-04-28', '2017-08-12'),
(904, 7, 3598, '2074-04-28', '2017-08-12'),
(905, 8, 1070, '2074-04-28', '2017-08-12'),
(906, 9, 501.6, '2074-04-28', '2017-08-12'),
(907, 10, 150, '2074-04-28', '2017-08-12'),
(908, 11, 1298.5, '2074-04-28', '2017-08-12'),
(909, 12, 1870, '2074-04-28', '2017-08-12'),
(910, 13, 107449, '2074-04-28', '2017-08-12'),
(924, 1, 2615.4, '2074-04-29', '2017-08-13'),
(925, 2, 1165.28, '2074-04-29', '2017-08-13'),
(926, 3, 1907.9, '2074-04-29', '2017-08-13'),
(927, 4, 426.5, '2074-04-29', '2017-08-13'),
(928, 5, 51, '2074-04-29', '2017-08-13'),
(929, 6, 298.7, '2074-04-29', '2017-08-13'),
(930, 7, 3598, '2074-04-29', '2017-08-13'),
(931, 8, 1070, '2074-04-29', '2017-08-13'),
(932, 9, 501.6, '2074-04-29', '2017-08-13'),
(933, 10, 153, '2074-04-29', '2017-08-13'),
(934, 11, 1300.3, '2074-04-29', '2017-08-13'),
(935, 12, 1870, '2074-04-29', '2017-08-13'),
(936, 13, 107472, '2074-04-29', '2017-08-13'),
(937, 1, 2615.4, '2074-04-30', '2017-08-14'),
(938, 2, 1165.28, '2074-04-30', '2017-08-14'),
(939, 3, 1907.9, '2074-04-30', '2017-08-14'),
(940, 4, 426.5, '2074-04-30', '2017-08-14'),
(941, 5, 51, '2074-04-30', '2017-08-14'),
(942, 6, 298.7, '2074-04-30', '2017-08-14'),
(943, 7, 3598, '2074-04-30', '2017-08-14'),
(944, 8, 1070, '2074-04-30', '2017-08-14'),
(945, 9, 501.6, '2074-04-30', '2017-08-14'),
(946, 10, 153, '2074-04-30', '2017-08-14'),
(947, 11, 1301.4, '2074-04-30', '2017-08-14'),
(948, 12, 1870.4, '2074-04-30', '2017-08-14'),
(949, 13, 107516, '2074-04-30', '2017-08-14'),
(950, 1, 2615.4, '2074-04-31', '2017-08-15'),
(951, 2, 1165.28, '2074-04-31', '2017-08-15'),
(952, 3, 1911.8, '2074-04-31', '2017-08-15'),
(953, 4, 427.4, '2074-04-31', '2017-08-15'),
(954, 5, 51, '2074-04-31', '2017-08-15'),
(955, 6, 299.4, '2074-04-31', '2017-08-15'),
(956, 7, 3599, '2074-04-31', '2017-08-15'),
(957, 8, 1073, '2074-04-31', '2017-08-15'),
(958, 9, 501.6, '2074-04-31', '2017-08-15'),
(959, 10, 155, '2074-04-31', '2017-08-15'),
(960, 11, 1305.8, '2074-04-31', '2017-08-15'),
(961, 12, 1872.1, '2074-04-31', '2017-08-15'),
(962, 13, 107581, '2074-04-31', '2017-08-15'),
(976, 1, 2615.4, '2074-04-32', '2017-08-16'),
(977, 2, 1165.28, '2074-04-32', '2017-08-16'),
(978, 3, 1918.1, '2074-04-32', '2017-08-16'),
(979, 4, 429.1, '2074-04-32', '2017-08-16'),
(980, 5, 51, '2074-04-32', '2017-08-16'),
(981, 6, 299.8, '2074-04-32', '2017-08-16'),
(982, 7, 3600, '2074-04-32', '2017-08-16'),
(983, 8, 1077, '2074-04-32', '2017-08-16'),
(984, 9, 501.6, '2074-04-32', '2017-08-16'),
(985, 10, 155, '2074-04-32', '2017-08-16'),
(986, 11, 1307.5, '2074-04-32', '2017-08-16'),
(987, 12, 1872.1, '2074-04-32', '2017-08-16'),
(988, 13, 107610, '2074-04-32', '2017-08-16'),
(989, 1, 2625.12, '2074-05-01', '2017-08-17'),
(990, 2, 1176.17, '2074-05-01', '2017-08-17'),
(991, 3, 1923, '2074-05-01', '2017-08-17'),
(992, 4, 430.3, '2074-05-01', '2017-08-17'),
(993, 5, 51, '2074-05-01', '2017-08-17'),
(994, 6, 300.5, '2074-05-01', '2017-08-17'),
(995, 7, 3600, '2074-05-01', '2017-08-17'),
(996, 8, 1089, '2074-05-01', '2017-08-17'),
(997, 9, 501.6, '2074-05-01', '2017-08-17'),
(998, 10, 155, '2074-05-01', '2017-08-17'),
(999, 11, 1311.3, '2074-05-01', '2017-08-17'),
(1000, 12, 1873.7, '2074-05-01', '2017-08-17'),
(1001, 13, 107681, '2074-05-01', '2017-08-17'),
(1002, 1, 2634.53, '2074-05-02', '2017-08-18'),
(1003, 2, 1186.21, '2074-05-02', '2017-08-18'),
(1004, 3, 1926.2, '2074-05-02', '2017-08-18'),
(1005, 4, 431.2, '2074-05-02', '2017-08-18'),
(1006, 5, 51, '2074-05-02', '2017-08-18'),
(1007, 6, 300.8, '2074-05-02', '2017-08-18'),
(1008, 7, 3600, '2074-05-02', '2017-08-18'),
(1009, 8, 1101, '2074-05-02', '2017-08-18'),
(1010, 9, 501.6, '2074-05-02', '2017-08-18'),
(1011, 10, 155, '2074-05-02', '2017-08-18'),
(1012, 11, 1316.3, '2074-05-02', '2017-08-18'),
(1013, 12, 1875.1, '2074-05-02', '2017-08-18'),
(1014, 13, 107732, '2074-05-02', '2017-08-18'),
(1028, 1, 2645.05, '2074-05-03', '2017-08-19'),
(1029, 2, 1195.52, '2074-05-03', '2017-08-19'),
(1030, 3, 1928.4, '2074-05-03', '2017-08-19'),
(1031, 4, 431.5, '2074-05-03', '2017-08-19'),
(1032, 5, 51, '2074-05-03', '2017-08-19'),
(1033, 6, 301.7, '2074-05-03', '2017-08-19'),
(1034, 7, 3600, '2074-05-03', '2017-08-19'),
(1035, 8, 1114, '2074-05-03', '2017-08-19'),
(1036, 9, 501.6, '2074-05-03', '2017-08-19'),
(1037, 10, 155, '2074-05-03', '2017-08-19'),
(1038, 11, 1322.1, '2074-05-03', '2017-08-19'),
(1039, 12, 1875.9, '2074-05-03', '2017-08-19'),
(1040, 13, 107761, '2074-05-03', '2017-08-19'),
(1041, 1, 2654.3, '2074-05-04', '2017-08-20'),
(1042, 2, 1195.52, '2074-05-04', '2017-08-20'),
(1043, 3, 1934.1, '2074-05-04', '2017-08-20'),
(1044, 4, 432.6, '2074-05-04', '2017-08-20'),
(1045, 5, 51, '2074-05-04', '2017-08-20'),
(1046, 6, 302.3, '2074-05-04', '2017-08-20'),
(1047, 7, 3600, '2074-05-04', '2017-08-20'),
(1048, 8, 1126, '2074-05-04', '2017-08-20'),
(1049, 9, 501.6, '2074-05-04', '2017-08-20'),
(1050, 10, 155, '2074-05-04', '2017-08-20'),
(1051, 11, 1325.4, '2074-05-04', '2017-08-20'),
(1052, 12, 1876.6, '2074-05-04', '2017-08-20'),
(1053, 13, 107814, '2074-05-04', '2017-08-20'),
(1054, 1, 2654.3, '2074-05-05', '2017-08-21'),
(1055, 2, 1195.52, '2074-05-05', '2017-08-21'),
(1056, 3, 1936.1, '2074-05-05', '2017-08-21'),
(1057, 4, 433, '2074-05-05', '2017-08-21'),
(1058, 5, 51, '2074-05-05', '2017-08-21'),
(1059, 6, 302.5, '2074-05-05', '2017-08-21'),
(1060, 7, 3600, '2074-05-05', '2017-08-21'),
(1061, 8, 1131, '2074-05-05', '2017-08-21'),
(1062, 9, 501.6, '2074-05-05', '2017-08-21'),
(1063, 10, 155, '2074-05-05', '2017-08-21'),
(1064, 11, 1327.2, '2074-05-05', '2017-08-21'),
(1065, 12, 1876.9, '2074-05-05', '2017-08-21'),
(1066, 13, 107880, '2074-05-05', '2017-08-21'),
(1067, 1, 2654.3, '2074-05-06', '2017-08-22'),
(1068, 2, 1195.52, '2074-05-06', '2017-08-22'),
(1069, 3, 1940.5, '2074-05-06', '2017-08-22'),
(1070, 4, 433.7, '2074-05-06', '2017-08-22'),
(1071, 5, 51, '2074-05-06', '2017-08-22'),
(1072, 6, 303.2, '2074-05-06', '2017-08-22'),
(1073, 7, 3600, '2074-05-06', '2017-08-22'),
(1074, 8, 1139, '2074-05-06', '2017-08-22'),
(1075, 9, 501.6, '2074-05-06', '2017-08-22'),
(1076, 10, 155, '2074-05-06', '2017-08-22'),
(1077, 11, 1328.6, '2074-05-06', '2017-08-22'),
(1078, 12, 1878, '2074-05-06', '2017-08-22'),
(1079, 13, 107998, '2074-05-06', '2017-08-22'),
(1106, 1, 2666.1, '2074-05-08', '2017-08-24'),
(1107, 2, 1195.52, '2074-05-08', '2017-08-24'),
(1108, 3, 1956.2, '2074-05-08', '2017-08-24'),
(1109, 4, 436.6, '2074-05-08', '2017-08-24'),
(1110, 5, 51, '2074-05-08', '2017-08-24'),
(1111, 6, 304.5, '2074-05-08', '2017-08-24'),
(1112, 7, 3600, '2074-05-08', '2017-08-24'),
(1113, 8, 1168, '2074-05-08', '2017-08-24'),
(1114, 9, 505.4, '2074-05-08', '2017-08-24'),
(1115, 10, 155, '2074-05-08', '2017-08-24'),
(1116, 11, 1332.7, '2074-05-08', '2017-08-24'),
(1117, 12, 1879.4, '2074-05-08', '2017-08-24'),
(1118, 13, 108128, '2074-05-08', '2017-08-24'),
(1119, 1, 2656.39, '2074-05-07', '2017-08-23'),
(1120, 2, 1195.52, '2074-05-07', '2017-08-23'),
(1121, 3, 1949.3, '2074-05-07', '2017-08-23'),
(1122, 4, 435.5, '2074-05-07', '2017-08-23'),
(1123, 5, 51, '2074-05-07', '2017-08-23'),
(1124, 6, 303.7, '2074-05-07', '2017-08-23'),
(1125, 7, 3600, '2074-05-07', '2017-08-23'),
(1126, 8, 1153, '2074-05-07', '2017-08-23'),
(1127, 9, 504.5, '2074-05-07', '2017-08-23'),
(1128, 10, 155, '2074-05-07', '2017-08-23'),
(1129, 11, 1331.2, '2074-05-07', '2017-08-23'),
(1130, 12, 1879.4, '2074-05-07', '2017-08-23'),
(1131, 13, 108096, '2074-05-07', '2017-08-23'),
(1132, 1, 2666.1, '2074-05-09', '2017-08-25'),
(1133, 2, 1195.52, '2074-05-09', '2017-08-25'),
(1134, 3, 1956.2, '2074-05-09', '2017-08-25'),
(1135, 4, 436.6, '2074-05-09', '2017-08-25'),
(1136, 5, 51, '2074-05-09', '2017-08-25'),
(1137, 6, 304.5, '2074-05-09', '2017-08-25'),
(1138, 7, 3600, '2074-05-09', '2017-08-25'),
(1139, 8, 1168, '2074-05-09', '2017-08-25'),
(1140, 9, 505.4, '2074-05-09', '2017-08-25'),
(1141, 10, 155, '2074-05-09', '2017-08-25'),
(1142, 11, 1334.9, '2074-05-09', '2017-08-25'),
(1143, 12, 1880.7, '2074-05-09', '2017-08-25'),
(1144, 13, 108234, '2074-05-09', '2017-08-25'),
(1145, 1, 2666.1, '2074-05-10', '2017-08-26'),
(1146, 2, 1195.52, '2074-05-10', '2017-08-26'),
(1147, 3, 1956.2, '2074-05-10', '2017-08-26'),
(1148, 4, 436.6, '2074-05-10', '2017-08-26'),
(1149, 5, 51, '2074-05-10', '2017-08-26'),
(1150, 6, 304.5, '2074-05-10', '2017-08-26'),
(1151, 7, 3600, '2074-05-10', '2017-08-26'),
(1152, 8, 1168, '2074-05-10', '2017-08-26'),
(1153, 9, 505.4, '2074-05-10', '2017-08-26'),
(1154, 10, 155, '2074-05-10', '2017-08-26'),
(1155, 11, 1336.9, '2074-05-10', '2017-08-26'),
(1156, 12, 1884.2, '2074-05-10', '2017-08-26'),
(1157, 13, 108248, '2074-05-10', '2017-08-26'),
(1158, 1, 2666.1, '2074-05-11', '2017-08-27'),
(1159, 2, 1195.52, '2074-05-11', '2017-08-27'),
(1160, 3, 1960.8, '2074-05-11', '2017-08-27'),
(1161, 4, 437.8, '2074-05-11', '2017-08-27'),
(1162, 5, 51, '2074-05-11', '2017-08-27'),
(1163, 6, 304.9, '2074-05-11', '2017-08-27'),
(1164, 7, 3600, '2074-05-11', '2017-08-27'),
(1165, 8, 1176, '2074-05-11', '2017-08-27'),
(1166, 9, 505.4, '2074-05-11', '2017-08-27'),
(1167, 10, 155, '2074-05-11', '2017-08-27'),
(1168, 11, 1337.5, '2074-05-11', '2017-08-27'),
(1169, 12, 1884.7, '2074-05-11', '2017-08-27'),
(1170, 13, 108318, '2074-05-11', '2017-08-27'),
(1184, 1, 2684.47, '2074-05-13', '2017-08-29'),
(1185, 2, 1201.36, '2074-05-13', '2017-08-29'),
(1186, 3, 1968.4, '2074-05-13', '2017-08-29'),
(1187, 4, 439.8, '2074-05-13', '2017-08-29'),
(1188, 5, 51, '2074-05-13', '2017-08-29'),
(1189, 6, 305.9, '2074-05-13', '2017-08-29'),
(1190, 7, 3600, '2074-05-13', '2017-08-29'),
(1191, 8, 1201, '2074-05-13', '2017-08-29'),
(1192, 9, 505.4, '2074-05-13', '2017-08-29'),
(1193, 10, 155, '2074-05-13', '2017-08-29'),
(1194, 11, 1345.4, '2074-05-13', '2017-08-29'),
(1195, 12, 1888.1, '2074-05-13', '2017-08-29'),
(1196, 13, 108432, '2074-05-13', '2017-08-29'),
(1197, 1, 2674.25, '2074-05-12', '2017-08-28'),
(1198, 2, 1201.36, '2074-05-12', '2017-08-28'),
(1199, 3, 1964, '2074-05-12', '2017-08-28'),
(1200, 4, 438.6, '2074-05-12', '2017-08-28'),
(1201, 5, 51, '2074-05-12', '2017-08-28'),
(1202, 6, 305.3, '2074-05-12', '2017-08-28'),
(1203, 7, 3600, '2074-05-12', '2017-08-28'),
(1204, 8, 1189, '2074-05-12', '2017-08-28'),
(1205, 9, 505.4, '2074-05-12', '2017-08-28'),
(1206, 10, 155, '2074-05-12', '2017-08-28'),
(1207, 11, 1341.1, '2074-05-12', '2017-08-28'),
(1208, 12, 1887.1, '2074-05-12', '2017-08-28'),
(1209, 13, 108386, '2074-05-12', '2017-08-28'),
(1223, 1, 2694.31, '2074-05-14', '2017-08-30'),
(1224, 2, 1210.3, '2074-05-14', '2017-08-30'),
(1225, 3, 1971.1, '2074-05-14', '2017-08-30'),
(1226, 4, 440.9, '2074-05-14', '2017-08-30'),
(1227, 5, 51, '2074-05-14', '2017-08-30'),
(1228, 6, 305.9, '2074-05-14', '2017-08-30'),
(1229, 7, 3600, '2074-05-14', '2017-08-30'),
(1230, 8, 1212, '2074-05-14', '2017-08-30'),
(1231, 9, 505.4, '2074-05-14', '2017-08-30'),
(1232, 10, 158, '2074-05-14', '2017-08-30'),
(1233, 11, 1350.9, '2074-05-14', '2017-08-30'),
(1234, 12, 1888.1, '2074-05-14', '2017-08-30'),
(1235, 13, 108488, '2074-05-14', '2017-08-30'),
(1249, 1, 2694.31, '2074-05-15', '2017-08-31'),
(1250, 2, 1210.3, '2074-05-15', '2017-08-31'),
(1251, 3, 1976.5, '2074-05-15', '2017-08-31'),
(1252, 4, 442.3, '2074-05-15', '2017-08-31'),
(1253, 5, 51, '2074-05-15', '2017-08-31'),
(1254, 6, 306.7, '2074-05-15', '2017-08-31'),
(1255, 7, 3600, '2074-05-15', '2017-08-31'),
(1256, 8, 1222, '2074-05-15', '2017-08-31'),
(1257, 9, 512.5, '2074-05-15', '2017-08-31'),
(1258, 10, 162, '2074-05-15', '2017-08-31'),
(1259, 11, 1352.8, '2074-05-15', '2017-08-31'),
(1260, 12, 1888.1, '2074-05-15', '2017-08-31'),
(1261, 13, 108632, '2074-05-15', '2017-08-31'),
(1275, 1, 2694.31, '2074-05-16', '2017-09-01'),
(1276, 2, 1210.3, '2074-05-16', '2017-09-01'),
(1277, 3, 1979, '2074-05-16', '2017-09-01'),
(1278, 4, 443.2, '2074-05-16', '2017-09-01'),
(1279, 5, 51, '2074-05-16', '2017-09-01'),
(1280, 6, 306.9, '2074-05-16', '2017-09-01'),
(1281, 7, 3600, '2074-05-16', '2017-09-01'),
(1282, 8, 1225, '2074-05-16', '2017-09-01'),
(1283, 9, 515.6, '2074-05-16', '2017-09-01'),
(1284, 10, 162, '2074-05-16', '2017-09-01'),
(1285, 11, 1352.8, '2074-05-16', '2017-09-01'),
(1286, 12, 1892.4, '2074-05-16', '2017-09-01'),
(1287, 13, 108691, '2074-05-16', '2017-09-01'),
(1288, 1, 2703.21, '2074-05-17', '2017-09-02'),
(1289, 2, 1210.3, '2074-05-17', '2017-09-02'),
(1290, 3, 1981.7, '2074-05-17', '2017-09-02'),
(1291, 4, 444.1, '2074-05-17', '2017-09-02'),
(1292, 5, 51, '2074-05-17', '2017-09-02'),
(1293, 6, 306.9, '2074-05-17', '2017-09-02'),
(1294, 7, 3600, '2074-05-17', '2017-09-02'),
(1295, 8, 1235, '2074-05-17', '2017-09-02'),
(1296, 9, 515.6, '2074-05-17', '2017-09-02'),
(1297, 10, 162, '2074-05-17', '2017-09-02'),
(1298, 11, 1352.8, '2074-05-17', '2017-09-02'),
(1299, 12, 1897.4, '2074-05-17', '2017-09-02'),
(1300, 13, 108738, '2074-05-17', '2017-09-02'),
(1301, 1, 2707.51, '2074-05-18', '2017-09-03'),
(1302, 2, 1215.49, '2074-05-18', '2017-09-03'),
(1303, 3, 1985.8, '2074-05-18', '2017-09-03'),
(1304, 4, 444.1, '2074-05-18', '2017-09-03'),
(1305, 5, 51, '2074-05-18', '2017-09-03'),
(1306, 6, 306.9, '2074-05-18', '2017-09-03'),
(1307, 7, 3600, '2074-05-18', '2017-09-03'),
(1308, 8, 1235, '2074-05-18', '2017-09-03'),
(1309, 9, 518.4, '2074-05-18', '2017-09-03'),
(1310, 10, 164, '2074-05-18', '2017-09-03'),
(1311, 11, 1352.8, '2074-05-18', '2017-09-03'),
(1312, 12, 1903.4, '2074-05-18', '2017-09-03'),
(1313, 13, 108872, '2074-05-18', '2017-09-03'),
(1327, 1, 2718.51, '2074-05-19', '2017-09-04'),
(1328, 2, 1225.29, '2074-05-19', '2017-09-04'),
(1329, 3, 1990.2, '2074-05-19', '2017-09-04'),
(1330, 4, 445.9, '2074-05-19', '2017-09-04'),
(1331, 5, 51, '2074-05-19', '2017-09-04'),
(1332, 6, 307.9, '2074-05-19', '2017-09-04'),
(1333, 7, 3608, '2074-05-19', '2017-09-04'),
(1334, 8, 1248, '2074-05-19', '2017-09-04'),
(1335, 9, 518.4, '2074-05-19', '2017-09-04'),
(1336, 10, 166, '2074-05-19', '2017-09-04'),
(1337, 11, 1361, '2074-05-19', '2017-09-04'),
(1338, 12, 1905.9, '2074-05-19', '2017-09-04'),
(1339, 13, 108926, '2074-05-19', '2017-09-04'),
(1340, 1, 2730.02, '2074-05-20', '2017-09-05'),
(1341, 2, 1236.53, '2074-05-20', '2017-09-05'),
(1342, 3, 1993.3, '2074-05-20', '2017-09-05'),
(1343, 4, 446.4, '2074-05-20', '2017-09-05'),
(1344, 5, 51, '2074-05-20', '2017-09-05'),
(1345, 6, 308.4, '2074-05-20', '2017-09-05'),
(1346, 7, 3614, '2074-05-20', '2017-09-05'),
(1347, 8, 1254, '2074-05-20', '2017-09-05'),
(1348, 9, 518.4, '2074-05-20', '2017-09-05'),
(1349, 10, 167, '2074-05-20', '2017-09-05'),
(1350, 11, 1366.8, '2074-05-20', '2017-09-05'),
(1351, 12, 1907.3, '2074-05-20', '2017-09-05'),
(1352, 13, 109041, '2074-05-20', '2017-09-05'),
(1353, 1, 2730.02, '2074-05-21', '2017-09-06'),
(1354, 2, 1236.53, '2074-05-21', '2017-09-06'),
(1355, 3, 1997.3, '2074-05-21', '2017-09-06'),
(1356, 4, 447.5, '2074-05-21', '2017-09-06'),
(1357, 5, 51, '2074-05-21', '2017-09-06'),
(1358, 6, 308.8, '2074-05-21', '2017-09-06'),
(1359, 7, 3615, '2074-05-21', '2017-09-06'),
(1360, 8, 1260, '2074-05-21', '2017-09-06'),
(1361, 9, 518.4, '2074-05-21', '2017-09-06'),
(1362, 10, 167, '2074-05-21', '2017-09-06'),
(1363, 11, 1367.4, '2074-05-21', '2017-09-06'),
(1364, 12, 1909.6, '2074-05-21', '2017-09-06'),
(1365, 13, 109110, '2074-05-21', '2017-09-06'),
(1366, 1, 2730.02, '2074-05-22', '2017-09-07'),
(1367, 2, 1236.53, '2074-05-22', '2017-09-07'),
(1368, 3, 2002.4, '2074-05-22', '2017-09-07'),
(1369, 4, 448.9, '2074-05-22', '2017-09-07'),
(1370, 5, 51, '2074-05-22', '2017-09-07'),
(1371, 6, 309.4, '2074-05-22', '2017-09-07'),
(1372, 7, 3625, '2074-05-22', '2017-09-07'),
(1373, 8, 1260, '2074-05-22', '2017-09-07'),
(1374, 9, 518.4, '2074-05-22', '2017-09-07'),
(1375, 10, 167, '2074-05-22', '2017-09-07'),
(1376, 11, 1369.4, '2074-05-22', '2017-09-07'),
(1377, 12, 1910.8, '2074-05-22', '2017-09-07'),
(1378, 13, 109130, '2074-05-22', '2017-09-07'),
(1405, 1, 2730.02, '2074-05-23', '2017-09-08'),
(1406, 2, 1236.53, '2074-05-23', '2017-09-08'),
(1407, 3, 2005.7, '2074-05-23', '2017-09-08'),
(1408, 4, 449.5, '2074-05-23', '2017-09-08'),
(1409, 5, 51, '2074-05-23', '2017-09-08'),
(1410, 6, 309.8, '2074-05-23', '2017-09-08'),
(1411, 7, 3627, '2074-05-23', '2017-09-08'),
(1412, 8, 1264, '2074-05-23', '2017-09-08'),
(1413, 9, 518.4, '2074-05-23', '2017-09-08'),
(1414, 10, 167, '2074-05-23', '2017-09-08'),
(1415, 11, 1371.2, '2074-05-23', '2017-09-08'),
(1416, 12, 1911.1, '2074-05-23', '2017-09-08'),
(1417, 13, 109192, '2074-05-23', '2017-09-08'),
(1418, 1, 2730.2, '2074-05-24', '2017-09-09'),
(1419, 2, 1236.53, '2074-05-24', '2017-09-09'),
(1420, 3, 2009.5, '2074-05-24', '2017-09-09'),
(1421, 4, 450.4, '2074-05-24', '2017-09-09'),
(1422, 5, 51, '2074-05-24', '2017-09-09'),
(1423, 6, 310.2, '2074-05-24', '2017-09-09'),
(1424, 7, 3633, '2074-05-24', '2017-09-09'),
(1425, 8, 1264, '2074-05-24', '2017-09-09'),
(1426, 9, 518.4, '2074-05-24', '2017-09-09'),
(1427, 10, 167, '2074-05-24', '2017-09-09'),
(1428, 11, 1374.8, '2074-05-24', '2017-09-09'),
(1429, 12, 1911.9, '2074-05-24', '2017-09-09'),
(1430, 13, 109220, '2074-05-24', '2017-09-09'),
(1431, 1, 2740.3, '2074-05-25', '2017-09-10'),
(1432, 2, 1247.33, '2074-05-25', '2017-09-10'),
(1433, 3, 2015.5, '2074-05-25', '2017-09-10'),
(1434, 4, 451.3, '2074-05-25', '2017-09-10'),
(1435, 5, 51, '2074-05-25', '2017-09-10'),
(1436, 6, 311, '2074-05-25', '2017-09-10'),
(1437, 7, 3642, '2074-05-25', '2017-09-10'),
(1438, 8, 1268, '2074-05-25', '2017-09-10'),
(1439, 9, 519.1, '2074-05-25', '2017-09-10'),
(1440, 10, 168, '2074-05-25', '2017-09-10'),
(1441, 11, 1381.4, '2074-05-25', '2017-09-10'),
(1442, 12, 1913.8, '2074-05-25', '2017-09-10'),
(1443, 13, 109266, '2074-05-25', '2017-09-10'),
(1444, 1, 2749.41, '2074-05-26', '2017-09-11'),
(1445, 2, 1257.17, '2074-05-26', '2017-09-11'),
(1446, 3, 2018.8, '2074-05-26', '2017-09-11'),
(1447, 4, 452.4, '2074-05-26', '2017-09-11'),
(1448, 5, 51, '2074-05-26', '2017-09-11'),
(1449, 6, 311.6, '2074-05-26', '2017-09-11'),
(1450, 7, 3646, '2074-05-26', '2017-09-11'),
(1451, 8, 1276, '2074-05-26', '2017-09-11'),
(1452, 9, 519.3, '2074-05-26', '2017-09-11'),
(1453, 10, 169, '2074-05-26', '2017-09-11'),
(1454, 11, 1386, '2074-05-26', '2017-09-11'),
(1455, 12, 1914.8, '2074-05-26', '2017-09-11'),
(1456, 13, 109330, '2074-05-26', '2017-09-11'),
(1457, 1, 2761, '2074-05-27', '2017-09-12'),
(1458, 2, 1266.29, '2074-05-27', '2017-09-12'),
(1459, 3, 2025.1, '2074-05-27', '2017-09-12'),
(1460, 4, 453.6, '2074-05-27', '2017-09-12'),
(1461, 5, 51, '2074-05-27', '2017-09-12'),
(1462, 6, 311.8, '2074-05-27', '2017-09-12'),
(1463, 7, 3660, '2074-05-27', '2017-09-12'),
(1464, 8, 1277, '2074-05-27', '2017-09-12'),
(1465, 9, 521.4, '2074-05-27', '2017-09-12'),
(1466, 10, 170, '2074-05-27', '2017-09-12'),
(1467, 11, 1391.9, '2074-05-27', '2017-09-12'),
(1468, 12, 1917.3, '2074-05-27', '2017-09-12'),
(1469, 13, 109368, '2074-05-27', '2017-09-12'),
(1470, 1, 2770.09, '2074-05-28', '2017-09-13'),
(1471, 2, 1266.4, '2074-05-28', '2017-09-13'),
(1472, 3, 2028.8, '2074-05-28', '2017-09-13'),
(1473, 4, 454.5, '2074-05-28', '2017-09-13'),
(1474, 5, 51, '2074-05-28', '2017-09-13'),
(1475, 6, 312, '2074-05-28', '2017-09-13'),
(1476, 7, 3669, '2074-05-28', '2017-09-13'),
(1477, 8, 1279, '2074-05-28', '2017-09-13'),
(1478, 9, 521.9, '2074-05-28', '2017-09-13'),
(1479, 10, 170, '2074-05-28', '2017-09-13'),
(1480, 11, 1395.6, '2074-05-28', '2017-09-13'),
(1481, 12, 1919, '2074-05-28', '2017-09-13'),
(1482, 13, 109435, '2074-05-28', '2017-09-13'),
(1496, 1, 2776.39, '2074-05-29', '2017-09-14'),
(1497, 2, 1266.4, '2074-05-29', '2017-09-14'),
(1498, 3, 2035.4, '2074-05-29', '2017-09-14'),
(1499, 4, 455.8, '2074-05-29', '2017-09-14'),
(1500, 5, 51, '2074-05-29', '2017-09-14'),
(1501, 6, 312.9, '2074-05-29', '2017-09-14'),
(1502, 7, 3671, '2074-05-29', '2017-09-14'),
(1503, 8, 1290, '2074-05-29', '2017-09-14'),
(1504, 9, 522.2, '2074-05-29', '2017-09-14'),
(1505, 10, 170, '2074-05-29', '2017-09-14'),
(1506, 11, 1400.6, '2074-05-29', '2017-09-14'),
(1507, 12, 1920.9, '2074-05-29', '2017-09-14'),
(1508, 13, 109466, '2074-05-29', '2017-09-14');

-- --------------------------------------------------------

--
-- Table structure for table `tbl_purchase`
--

CREATE TABLE `tbl_purchase` (
  `purchase_id` int(11) NOT NULL,
  `request_id` int(11) NOT NULL,
  `material_id` int(11) NOT NULL,
  `good_return` tinyint(4) NOT NULL,
  `department_id` int(11) NOT NULL,
  `headoffice_purchase` tinyint(4) NOT NULL,
  `dealer_id` int(11) NOT NULL,
  `headoffice_unitcost` int(11) NOT NULL,
  `date_en` date NOT NULL,
  `date_np` varchar(256) NOT NULL,
  `current_stock` double NOT NULL,
  `added_qty` double NOT NULL,
  `lc_track_id` int(11) NOT NULL
) ENGINE=InnoDB DEFAULT CHARSET=latin1;

--
-- Dumping data for table `tbl_purchase`
--

INSERT INTO `tbl_purchase` (`purchase_id`, `request_id`, `material_id`, `good_return`, `department_id`, `headoffice_purchase`, `dealer_id`, `headoffice_unitcost`, `date_en`, `date_np`, `current_stock`, `added_qty`, `lc_track_id`) VALUES
(1, 0, 20, 0, 0, 0, 26, 0, '2017-07-16', '2074-04-01', 0, 1900.78, 0),
(2, 0, 19, 0, 0, 0, 26, 0, '2017-07-16', '2074-04-01', 0, 299.349, 0),
(3, 0, 18, 0, 0, 0, 26, 0, '2017-07-16', '2074-04-01', 0, 5142.27, 0),
(4, 0, 32, 0, 0, 0, 26, 0, '2017-07-16', '2074-04-01', 0, 15, 0),
(5, 0, 27, 0, 0, 0, 26, 0, '2017-07-15', '2074-03-31', 0, 36850, 0),
(6, 0, 26, 0, 0, 0, 26, 0, '2017-07-15', '2074-03-31', 0, 78353, 0),
(7, 0, 28, 0, 0, 0, 26, 0, '2017-07-15', '2074-03-31', 0, 29697, 0),
(8, 0, 30, 0, 0, 0, 26, 0, '2017-07-15', '2074-03-31', 0, 11022, 0),
(9, 0, 29, 0, 0, 0, 26, 0, '2017-07-15', '2074-03-31', 0, 11040, 0),
(10, 0, 31, 0, 0, 0, 26, 0, '2017-07-15', '2074-03-31', 0, 30434, 0),
(11, 0, 33, 0, 0, 0, 26, 0, '2017-07-15', '2074-03-31', 0, 54641.16, 0),
(12, 0, 27, 0, 0, 0, 21, 0, '2017-07-18', '2074-04-03', 32850, 29000, 0),
(13, 0, 33, 0, 0, 0, 24, 0, '2017-07-18', '2074-04-03', 54641.16, 2730, 0),
(14, 0, 32, 0, 0, 0, 25, 0, '2017-07-18', '2074-04-03', 15, 1100, 0),
(15, 0, 20, 0, 0, 0, 5, 0, '2017-07-19', '2074-04-04', 1900.78, 254.99, 0),
(16, 0, 19, 0, 0, 0, 18, 0, '2017-07-19', '2074-04-04', 299.349, 16.43, 0),
(17, 0, 27, 0, 0, 0, 20, 0, '2017-07-19', '2074-04-04', 59850, 20000, 0),
(18, 0, 27, 0, 0, 0, 21, 0, '2017-07-19', '2074-04-04', 79850, 3000, 0),
(19, 0, 29, 0, 0, 0, 21, 0, '2017-07-19', '2074-04-04', 8040, 24000, 0),
(20, 0, 20, 0, 0, 0, 5, 0, '2017-07-20', '2074-04-05', 2155.77, 363.62, 0),
(21, 0, 33, 0, 0, 0, 24, 0, '2017-07-20', '2074-04-05', 57371.16, 15020, 0),
(22, 0, 27, 0, 0, 0, 21, 0, '2017-07-20', '2074-04-05', 82850, 3000, 0),
(23, 0, 30, 0, 0, 0, 21, 0, '2017-07-20', '2074-04-05', 8022, 24000, 0),
(24, 0, 27, 0, 0, 0, 21, 0, '2017-07-21', '2074-04-06', 82850, 14000, 0),
(25, 0, 27, 0, 0, 0, 20, 0, '2017-07-22', '2074-04-07', 96850, 16000, 0),
(26, 0, 26, 0, 0, 0, 20, 0, '2017-07-22', '2074-04-07', 63353, 24000, 0),
(27, 0, 33, 0, 0, 0, 24, 0, '2017-07-22', '2074-04-07', 72391.16, 3710, 0),
(28, 0, 20, 0, 0, 0, 5, 0, '2017-07-24', '2074-04-09', 2205.52, 130.19, 0),
(29, 0, 33, 0, 0, 0, 24, 0, '2017-07-24', '2074-04-09', 76101.16, 3620, 0),
(30, 0, 33, 0, 0, 0, 24, 0, '2017-07-25', '2074-04-10', 79721.16, 3850, 0),
(31, 0, 20, 0, 0, 0, 5, 0, '2017-07-25', '2074-04-10', 2335.71, 136.5, 0),
(32, 0, 32, 0, 0, 0, 25, 0, '2017-07-26', '2074-04-11', 110, 1100, 0),
(33, 0, 20, 0, 0, 0, 5, 0, '2017-07-26', '2074-04-11', 2472.21, 225.83, 0),
(34, 0, 20, 0, 0, 0, 5, 0, '2017-07-27', '2074-04-12', 2677.28, 70.55, 0),
(35, 0, 20, 0, 0, 0, 5, 0, '2017-07-28', '2074-04-13', 2595.92, 190.12, 0),
(36, 0, 20, 0, 0, 0, 13, 0, '2017-07-28', '2074-04-13', 2786.04, 3722.4, 0),
(37, 0, 18, 0, 0, 0, 16, 0, '2017-07-28', '2074-04-13', 5142.27, 1390.99, 0),
(38, 0, 20, 0, 0, 0, 5, 0, '2017-07-29', '2074-04-14', 6508.44, 147.04, 0),
(39, 0, 33, 0, 0, 0, 24, 0, '2017-07-29', '2074-04-14', 83571.16, 4350, 0),
(40, 0, 33, 0, 0, 0, 24, 0, '2017-07-30', '2074-04-15', 87921.16, 8130, 0),
(41, 0, 20, 0, 0, 0, 5, 0, '2017-07-30', '2074-04-15', 6655.48, 125.84, 0),
(42, 0, 33, 0, 0, 0, 24, 0, '2017-07-31', '2074-04-16', 96051.16, 4030, 0),
(43, 0, 20, 0, 0, 0, 5, 0, '2017-08-01', '2074-04-17', 6781.32, 247.63, 0),
(44, 0, 18, 0, 0, 0, 17, 0, '2017-08-01', '2074-04-17', 6229.96, 3482.02, 0),
(45, 0, 20, 0, 0, 0, 5, 0, '2017-08-02', '2074-04-18', 7028.95, 97.89, 0),
(46, 0, 20, 0, 0, 0, 5, 0, '2017-08-03', '2074-04-19', 7022.12, 114.01, 0),
(47, 0, 33, 0, 0, 0, 24, 0, '2017-08-03', '2074-04-19', 70686.16, 8350, 0),
(48, 0, 20, 0, 0, 0, 5, 0, '2017-08-04', '2074-04-20', 6974.21, 122.01, 0),
(49, 0, 33, 0, 0, 0, 24, 0, '2017-08-06', '2074-04-22', 70871.16, 4110, 0),
(50, 0, 33, 0, 0, 0, 24, 0, '2017-08-07', '2074-04-23', 73431.16, 4050, 0),
(51, 0, 33, 0, 0, 0, 24, 0, '2017-08-10', '2074-04-26', 70001.16, 4070, 0),
(52, 0, 26, 0, 0, 0, 20, 0, '2017-08-10', '2074-04-26', 47353, 43000, 0),
(53, 0, 32, 0, 0, 0, 25, 0, '2017-08-10', '2074-04-26', 25, 1100, 0),
(54, 0, 20, 0, 0, 0, 11, 0, '2017-08-10', '2074-04-26', 7076.05, 3733.5, 0),
(56, 0, 18, 0, 0, 0, 15, 0, '2017-08-10', '2074-04-26', 13194, 2896.8, 0),
(57, 0, 20, 0, 0, 0, 5, 0, '2017-08-10', '2074-04-26', 10809.55, 78.15, 0),
(58, 0, 20, 0, 0, 0, 5, 0, '2017-08-11', '2074-04-27', 10887.7, 112.38, 0),
(59, 0, 33, 0, 0, 0, 24, 0, '2017-08-14', '2074-04-30', 74071.16, 4460, 0),
(60, 0, 20, 0, 0, 0, 5, 0, '2017-08-15', '2074-04-31', 11000.08, 77.38, 0),
(61, 0, 20, 0, 0, 0, 5, 0, '2017-08-16', '2074-04-32', 11077.46, 98.18, 0),
(62, 0, 20, 0, 0, 0, 5, 0, '2017-08-17', '2074-05-01', 11046.28, 126.45, 0),
(63, 0, 20, 0, 0, 0, 12, 0, '2017-08-17', '2074-05-01', 11083.15, 1852.35, 0),
(64, 0, 20, 0, 0, 0, 26, 0, '2017-08-18', '2074-05-02', 12935.5, 105.28, 0),
(65, 0, 20, 0, 0, 0, 5, 0, '2017-08-20', '2074-05-04', 13040.78, 101.04, 0),
(66, 0, 33, 0, 0, 0, 24, 0, '2017-08-20', '2074-05-04', 8202.66, 6920, 0),
(67, 0, 20, 0, 0, 0, 5, 0, '2017-08-21', '2074-05-05', 13141.82, 98.25, 0),
(68, 0, 30, 0, 0, 0, 21, 0, '2017-08-21', '2074-05-05', 25022, 25000, 0),
(69, 0, 33, 0, 0, 0, 24, 0, '2017-08-22', '2074-05-06', 15122.66, 4190, 0),
(70, 0, 20, 0, 0, 0, 5, 0, '2017-08-22', '2074-05-06', 13240.07, 111.73, 0),
(71, 0, 20, 0, 0, 0, 5, 0, '2017-08-23', '2074-05-07', 13351.8, 85.7, 0),
(72, 0, 29, 0, 0, 0, 21, 0, '2017-08-23', '2074-05-07', 20040, 26000, 0),
(73, 0, 20, 0, 0, 0, 5, 0, '2017-08-24', '2074-05-08', 13437.5, 83.67, 0),
(74, 0, 26, 0, 0, 0, 20, 0, '2017-08-24', '2074-05-08', 72353, 42970, 0),
(75, 0, 20, 0, 0, 0, 5, 0, '2017-08-25', '2074-05-09', 13521.17, 40.64, 0),
(76, 0, 33, 0, 0, 0, 24, 0, '2017-08-25', '2074-05-09', 19312.66, 8510, 0),
(77, 0, 26, 0, 0, 0, 20, 0, '2017-08-26', '2074-05-10', 112323, 8000, 0),
(78, 0, 33, 0, 0, 0, 24, 0, '2017-08-27', '2074-05-11', 27822.66, 8040, 0),
(79, 0, 32, 0, 0, 0, 25, 0, '2017-08-29', '2074-05-13', 95, 1100, 0),
(80, 0, 20, 0, 0, 0, 5, 0, '2017-08-31', '2074-05-15', 13561.81, 85.38, 0),
(81, 0, 20, 0, 0, 0, 5, 0, '2017-09-01', '2074-05-16', 13647.19, 181, 0),
(82, 0, 26, 0, 0, 0, 20, 0, '2017-09-01', '2074-05-16', 107323, 8000, 0),
(83, 0, 27, 0, 0, 0, 21, 0, '2017-09-01', '2074-05-16', 68850, 4000, 0),
(84, 0, 29, 0, 0, 0, 21, 0, '2017-09-01', '2074-05-16', 43040, 4000, 0),
(85, 0, 27, 0, 0, 0, 21, 0, '2017-09-01', '2074-05-16', 72850, 27000, 0),
(86, 0, 27, 0, 0, 0, 21, 0, '2017-09-01', '2074-05-16', 99850, 27000, 0),
(87, 0, 20, 0, 0, 0, 5, 0, '2017-09-02', '2074-05-17', 13828.19, 90.76, 0),
(88, 0, 20, 0, 0, 0, 5, 0, '2017-09-05', '2074-05-20', 13918.95, 41.22, 0),
(89, 0, 20, 0, 0, 0, 5, 0, '2017-09-05', '2074-05-20', 13960.17, 19.55, 0),
(90, 0, 33, 0, 0, 0, 24, 0, '2017-09-05', '2074-05-20', 8721.16, 4060, 0),
(91, 0, 33, 0, 0, 0, 24, 0, '2017-09-06', '2074-05-21', 7123.16, 7340, 0),
(92, 0, 20, 0, 0, 0, 5, 0, '2017-09-09', '2074-05-24', 13979.72, 123.81, 0),
(93, 0, 20, 0, 0, 0, 5, 0, '2017-09-09', '2074-05-24', 14103.53, 80.33, 0),
(94, 0, 27, 0, 0, 0, 20, 0, '2017-09-11', '2074-05-26', 115850, 41000, 0),
(95, 0, 32, 0, 0, 0, 25, 0, '2017-09-11', '2074-05-26', 155, 1100, 0),
(96, 0, 27, 0, 0, 0, 21, 0, '2017-09-11', '2074-05-26', 156850, 27000, 0),
(97, 0, 20, 0, 0, 0, 5, 0, '2017-09-12', '2074-05-27', 14183.86, 160.05, 0),
(98, 0, 33, 0, 0, 0, 24, 0, '2017-09-12', '2074-05-27', 4583.16, 6330, 0),
(99, 0, 20, 0, 0, 0, 5, 0, '2017-09-13', '2074-05-28', 14343.91, 83.1, 0),
(100, 0, 33, 0, 0, 0, 24, 0, '2017-09-14', '2074-05-29', 10858.16, 3980, 0),
(101, 0, 20, 0, 0, 0, 5, 0, '2017-09-15', '2074-05-30', 14427.01, 85.28, 0),
(103, 0, 20, 0, 0, 0, 5, 0, '2017-09-15', '2074-05-30', 14512.29, 86.67, 0);

-- --------------------------------------------------------

--
-- Table structure for table `tbl_reports`
--

CREATE TABLE `tbl_reports` (
  `id` int(11) NOT NULL,
  `report` varchar(256) NOT NULL
) ENGINE=InnoDB DEFAULT CHARSET=latin1 COMMENT='table for office report';

--
-- Dumping data for table `tbl_reports`
--

INSERT INTO `tbl_reports` (`id`, `report`) VALUES
(1, 'Attendance'),
(2, 'Diesel Consumption');

-- --------------------------------------------------------

--
-- Table structure for table `tbl_report_material`
--

CREATE TABLE `tbl_report_material` (
  `rm_id` int(11) NOT NULL,
  `report_type_id` int(11) NOT NULL,
  `material_id` int(11) NOT NULL
) ENGINE=InnoDB DEFAULT CHARSET=latin1;

--
-- Dumping data for table `tbl_report_material`
--

INSERT INTO `tbl_report_material` (`rm_id`, `report_type_id`, `material_id`) VALUES
(1, 1, 32),
(2, 1, 33),
(3, 2, 20),
(4, 2, 34),
(5, 2, 19),
(6, 2, 18);

-- --------------------------------------------------------

--
-- Table structure for table `tbl_report_order`
--

CREATE TABLE `tbl_report_order` (
  `ro_id` int(11) NOT NULL,
  `report_id` int(11) NOT NULL,
  `category_id` int(11) NOT NULL,
  `report_order` int(11) NOT NULL
) ENGINE=InnoDB DEFAULT CHARSET=latin1;

--
-- Dumping data for table `tbl_report_order`
--

INSERT INTO `tbl_report_order` (`ro_id`, `report_id`, `category_id`, `report_order`) VALUES
(1, 1, 1, 1),
(2, 1, 4, 2),
(3, 2, 1, 1);

-- --------------------------------------------------------

--
-- Table structure for table `tbl_report_status`
--

CREATE TABLE `tbl_report_status` (
  `id` int(11) NOT NULL,
  `date_en` date NOT NULL,
  `date_np` varchar(256) NOT NULL,
  `department_id` int(11) NOT NULL,
  `status` tinyint(4) NOT NULL
) ENGINE=InnoDB DEFAULT CHARSET=latin1;

-- --------------------------------------------------------

--
-- Table structure for table `tbl_report_type`
--

CREATE TABLE `tbl_report_type` (
  `rt_id` int(11) NOT NULL,
  `type` varchar(256) NOT NULL
) ENGINE=InnoDB DEFAULT CHARSET=latin1;

--
-- Dumping data for table `tbl_report_type`
--

INSERT INTO `tbl_report_type` (`rt_id`, `type`) VALUES
(1, 'Fule Report'),
(2, 'Raw Material');

-- --------------------------------------------------------

--
-- Table structure for table `tbl_resource`
--

CREATE TABLE `tbl_resource` (
  `id` int(11) NOT NULL DEFAULT '0',
  `resource_name` varchar(256) DEFAULT NULL
) ENGINE=InnoDB DEFAULT CHARSET=latin1;

--
-- Dumping data for table `tbl_resource`
--

INSERT INTO `tbl_resource` (`id`, `resource_name`) VALUES
(0, 'Department Request');

-- --------------------------------------------------------

--
-- Table structure for table `tbl_sales_register`
--

CREATE TABLE `tbl_sales_register` (
  `id` int(11) NOT NULL,
  `date_en` date DEFAULT NULL,
  `date_np` varchar(256) DEFAULT NULL,
  `voucher_no` varchar(256) DEFAULT NULL,
  `party_id` int(11) DEFAULT NULL,
  `truck_no` varchar(256) DEFAULT NULL,
  `type` int(11) DEFAULT NULL,
  `quantity` int(11) DEFAULT NULL,
  `rate` float(11,2) DEFAULT NULL,
  `domestic_sales` float(11,2) DEFAULT NULL,
  `payment` float(11,2) DEFAULT NULL,
  `payment_left` float(11,2) DEFAULT NULL,
  `days_outstanding` int(11) DEFAULT NULL,
  `month_np` int(11) DEFAULT NULL,
  `year_np` int(11) DEFAULT NULL,
  `brand_id` int(11) DEFAULT NULL,
  `agent_id` int(11) NOT NULL
) ENGINE=InnoDB DEFAULT CHARSET=latin1;

-- --------------------------------------------------------

--
-- Table structure for table `tbl_scrap_department`
--

CREATE TABLE `tbl_scrap_department` (
  `sd_id` int(11) NOT NULL,
  `department_id` int(11) NOT NULL
) ENGINE=InnoDB DEFAULT CHARSET=latin1;

--
-- Dumping data for table `tbl_scrap_department`
--

INSERT INTO `tbl_scrap_department` (`sd_id`, `department_id`) VALUES
(1, 2),
(2, 3),
(3, 4);

-- --------------------------------------------------------

--
-- Table structure for table `tbl_scrap_record`
--

CREATE TABLE `tbl_scrap_record` (
  `sr_id` int(11) NOT NULL,
  `date_np` varchar(256) NOT NULL,
  `date_en` date NOT NULL,
  `type_id` float NOT NULL,
  `amount` int(11) NOT NULL,
  `department_id` int(11) NOT NULL
) ENGINE=InnoDB DEFAULT CHARSET=latin1;

--
-- Dumping data for table `tbl_scrap_record`
--

INSERT INTO `tbl_scrap_record` (`sr_id`, `date_np`, `date_en`, `type_id`, `amount`, `department_id`) VALUES
(2, '2073-04-02', '2016-07-17', 2, 3369, 4),
(3, '2073-04-02', '2016-07-17', 3, 2823, 4),
(4, '2073-04-03', '2016-07-18', 2, 4233, 4),
(5, '2073-04-03', '2016-07-18', 3, 2119, 4),
(6, '2073-04-04', '2016-07-19', 2, 8295, 4),
(7, '2073-04-04', '2016-07-19', 3, 3745, 4),
(8, '2073-04-04', '2016-07-19', 1, 61, 4),
(9, '2073-04-05', '2016-07-20', 2, 3021, 4),
(10, '2073-04-05', '2016-07-20', 3, 1460, 4),
(11, '2073-04-06', '2016-07-21', 2, 4534, 4),
(12, '2073-04-06', '2016-07-21', 3, 2540, 4),
(17, '2073-04-07', '2016-07-22', 5, 108, 3),
(18, '2073-04-02', '2016-07-17', 5, 126, 3),
(19, '2073-04-03', '2016-07-18', 5, 127, 3),
(20, '2073-04-04', '2016-07-19', 5, 141, 3),
(21, '2073-04-05', '2016-07-20', 5, 107, 3),
(22, '2073-04-05', '2016-07-20', 6, 260, 3),
(23, '2073-04-07', '2016-07-22', 7, 516, 2),
(24, '2073-04-07', '2016-07-22', 8, 67, 2),
(25, '2073-04-02', '2016-07-17', 7, 904, 2),
(26, '2073-04-02', '2016-07-17', 8, 127, 2),
(27, '2073-04-03', '2016-07-18', 7, 856, 2),
(28, '2073-04-03', '2016-07-18', 8, 91, 2),
(29, '2073-04-04', '2016-07-19', 7, 1353, 2),
(30, '2073-04-04', '2016-07-19', 8, 103, 2),
(31, '2073-04-05', '2016-07-20', 7, 1059, 2),
(32, '2073-04-05', '2016-07-20', 8, 83, 2),
(33, '2073-04-06', '2016-07-21', 7, 1319, 2),
(34, '2073-04-06', '2016-07-21', 8, 107, 2),
(35, '2073-04-09', '2016-07-24', 5, 284, 3),
(40, '2073-04-07', '2016-07-22', 2, 3530, 4),
(41, '2073-04-07', '2016-07-22', 3, 1680, 4),
(42, '2073-04-09', '2016-07-24', 2, 3940, 4),
(43, '2073-04-09', '2016-07-24', 3, 1810, 4),
(44, '2073-04-09', '2016-07-24', 1, 28, 4),
(45, '2073-04-09', '2016-07-24', 7, 843, 2),
(46, '2073-04-09', '2016-07-24', 8, 104, 2),
(47, '2073-04-11', '2016-07-26', 5, 242, 3),
(48, '2073-04-11', '2016-07-26', 6, 260, 3),
(49, '2073-04-11', '2016-07-26', 7, 735, 2),
(50, '2073-04-11', '2016-07-26', 8, 117, 2),
(51, '2073-04-12', '2016-07-27', 7, 473, 2),
(52, '2073-04-12', '2016-07-27', 8, 72, 2),
(53, '2073-04-12', '2016-07-27', 5, 293, 3),
(54, '2073-04-13', '2016-07-28', 5, 125, 3),
(55, '2073-04-13', '2016-07-28', 7, 1022, 2),
(56, '2073-04-13', '2016-07-28', 8, 107, 2),
(57, '2073-04-11', '2016-07-26', 2, 2825, 4),
(58, '2073-04-11', '2016-07-26', 3, 1871, 4),
(59, '2073-04-12', '2016-07-27', 2, 4630, 4),
(60, '2073-04-12', '2016-07-27', 3, 1581, 4),
(62, '2073-04-13', '2016-07-28', 2, 5209, 4),
(63, '2073-04-13', '2016-07-28', 3, 2030, 4),
(65, '', '0000-00-00', 0, 0, 3),
(66, '', '0000-00-00', 0, 0, 3),
(67, '2073-04-16', '2016-07-31', 5, 142, 3),
(70, '2073-04-17', '2016-08-01', 6, 322, 3),
(71, '2073-04-17', '2016-08-01', 5, 148, 3),
(72, '2073-04-14', '2016-07-29', 7, 979, 2),
(73, '2073-04-14', '2016-07-29', 8, 97, 2),
(74, '2073-04-16', '2016-07-31', 7, 1456, 2),
(75, '2073-04-16', '2016-07-31', 8, 105, 2),
(76, '2073-04-17', '2016-08-01', 7, 307, 2),
(77, '2073-04-17', '2016-08-01', 8, 89, 2),
(78, '2073-04-18', '2016-08-02', 6, 324, 3),
(79, '2073-04-18', '2016-08-02', 5, 137, 3),
(80, '2073-04-18', '2016-08-02', 7, 1324, 2),
(81, '2073-04-18', '2016-08-02', 8, 94, 2),
(82, '2073-04-14', '2016-07-29', 2, 4616, 4),
(83, '2073-04-14', '2016-07-29', 3, 1888, 4),
(84, '2073-04-16', '2016-07-31', 2, 6008, 4),
(85, '2073-04-16', '2016-07-31', 3, 1555, 4),
(86, '2073-04-17', '2016-08-01', 2, 4035, 4),
(87, '2073-04-17', '2016-08-01', 3, 1560, 4),
(88, '2073-04-18', '2016-08-02', 2, 5521, 4),
(89, '2073-04-18', '2016-08-02', 3, 2440, 4),
(90, '2073-04-18', '2016-08-02', 1, 15, 4),
(91, '2073-04-19', '2016-08-03', 7, 638, 2),
(92, '2073-04-19', '2016-08-03', 8, 79, 2),
(93, '2073-04-19', '2016-08-03', 5, 148, 3),
(94, '2073-04-20', '2016-08-04', 5, 267, 3),
(95, '2073-04-20', '2016-08-04', 7, 1091, 2),
(96, '2073-04-20', '2016-08-04', 8, 107, 2),
(97, '2073-04-21', '2016-08-05', 5, 95, 3),
(98, '2073-04-21', '2016-08-05', 6, 260, 3),
(99, '2073-04-21', '2016-08-05', 7, 983, 2),
(100, '2073-04-21', '2016-08-05', 8, 109, 2),
(101, '2073-04-19', '2016-08-03', 2, 3935, 4),
(102, '2073-04-19', '2016-08-03', 3, 1873, 4),
(104, '2073-04-20', '2016-08-04', 2, 2976, 4),
(105, '2073-04-20', '2016-08-04', 3, 1700, 4),
(106, '2073-04-21', '2016-08-05', 2, 4956, 4),
(107, '2073-04-21', '2016-08-05', 3, 1892, 4),
(108, '2073-04-21', '2016-08-05', 1, 45, 4),
(109, '2073-04-23', '2016-08-07', 5, 252, 3),
(110, '2073-04-23', '2016-08-07', 7, 1276, 2),
(111, '2073-04-23', '2016-08-07', 8, 123, 2),
(112, '2073-04-24', '2016-08-08', 5, 217, 3),
(113, '2073-04-23', '2016-08-07', 2, 5657, 4),
(114, '2073-04-23', '2016-08-07', 3, 1715, 4),
(115, '2073-04-24', '2016-08-08', 2, 3322, 4),
(116, '2073-04-24', '2016-08-08', 3, 2094, 4),
(117, '2073-04-24', '2016-08-08', 1, 73, 4),
(118, '2073-04-24', '2016-08-08', 7, 328, 2),
(119, '2073-04-24', '2016-08-08', 8, 63, 2),
(120, '2073-04-25', '2016-08-09', 7, 648, 2),
(121, '2073-04-25', '2016-08-09', 8, 61, 2),
(122, '2073-04-25', '2016-08-09', 5, 165, 3),
(123, '2073-04-26', '2016-08-10', 5, 120, 3),
(124, '2073-04-26', '2016-08-10', 7, 2446, 2),
(125, '2073-04-26', '2016-08-10', 8, 127, 2),
(126, '2073-04-27', '2016-08-11', 5, 142, 3),
(127, '2073-04-27', '2016-08-11', 7, 1234, 2),
(129, '2073-04-27', '2016-08-11', 8, 97, 2),
(130, '2073-04-28', '2016-08-12', 5, 112, 3),
(131, '2073-04-28', '2016-08-12', 7, 619, 2),
(132, '2073-04-28', '2016-08-12', 8, 89, 2),
(133, '2073-04-30', '2016-08-14', 5, 147, 3),
(134, '2073-04-30', '2016-08-14', 7, 605, 2),
(135, '2073-04-30', '2016-08-14', 8, 93, 2),
(136, '2073-04-25', '2016-08-09', 2, 3333, 4),
(137, '2073-04-25', '2016-08-09', 3, 1400, 4),
(138, '2073-04-26', '2016-08-10', 2, 4911, 4),
(139, '2073-04-26', '2016-08-10', 3, 1810, 4),
(140, '2073-04-27', '2016-08-11', 2, 3089, 4),
(141, '2073-04-27', '2016-08-11', 3, 1391, 4),
(142, '2073-04-28', '2016-08-12', 2, 4429, 4),
(143, '2073-04-28', '2016-08-12', 3, 1750, 4),
(144, '2073-04-30', '2016-08-14', 2, 3820, 4),
(145, '2073-04-30', '2016-08-14', 3, 1620, 4),
(147, '2073-04-31', '2016-08-15', 5, 174, 3),
(148, '2073-04-31', '2016-08-15', 6, 520, 3),
(149, '2073-04-31', '2016-08-15', 7, 805, 2),
(150, '2073-04-31', '2016-08-15', 8, 89, 2),
(151, '2073-04-32', '2016-08-16', 5, 198, 3),
(152, '2073-04-06', '2016-07-21', 5, 103, 3),
(153, '2073-04-31', '2016-08-15', 2, 5072, 4),
(154, '2073-04-31', '2016-08-15', 3, 2502, 4),
(155, '2073-04-32', '2016-08-16', 2, 6499, 4),
(156, '2073-04-32', '2016-08-16', 3, 3135, 4),
(157, '2073-05-01', '2016-08-17', 5, 105, 3),
(158, '2073-04-32', '2016-08-16', 7, 411, 2),
(159, '2073-04-32', '2016-08-16', 8, 77, 2),
(160, '2073-05-01', '2016-08-17', 7, 408, 2),
(161, '2073-05-01', '2016-08-17', 8, 73, 2),
(162, '2073-05-03', '2016-08-19', 5, 205, 3),
(163, '2073-05-03', '2016-08-19', 7, 656, 2),
(164, '2073-05-03', '2016-08-19', 8, 75, 2),
(165, '2073-05-05', '2016-08-21', 5, 151, 3),
(166, '2073-05-05', '2016-08-21', 7, 382, 2),
(167, '2073-05-05', '2016-08-21', 8, 63, 2),
(168, '2073-05-06', '2016-08-22', 6, 250, 3),
(169, '2073-05-06', '2016-08-22', 5, 294, 3),
(170, '2073-05-06', '2016-08-22', 7, 1039, 2),
(171, '2073-05-06', '2016-08-22', 8, 89, 2),
(172, '2073-05-07', '2016-08-23', 5, 307, 3),
(173, '2073-05-07', '2016-08-23', 7, 2091, 2),
(174, '2073-05-07', '2016-08-23', 8, 105, 2),
(175, '2073-05-08', '2016-08-24', 6, 236, 3),
(176, '2073-05-08', '2016-08-24', 5, 227, 3),
(177, '2073-05-08', '2016-08-24', 7, 533, 2),
(178, '2073-05-08', '2016-08-24', 8, 83, 2),
(179, '2073-05-09', '2016-08-25', 5, 154, 3),
(180, '2073-05-09', '2016-08-25', 6, 516, 3),
(181, '2073-05-09', '2016-08-25', 7, 1245, 2),
(182, '2073-05-09', '2016-08-25', 8, 72, 2),
(183, '2073-05-01', '2016-08-17', 2, 3402, 4),
(184, '2073-05-01', '2016-08-17', 3, 1157, 4),
(185, '2073-05-03', '2016-08-19', 2, 4185, 4),
(186, '2073-05-03', '2016-08-19', 3, 1533, 4),
(187, '2073-05-05', '2016-08-21', 2, 4377, 4),
(188, '2073-05-05', '2016-08-21', 3, 1300, 4),
(189, '2073-05-06', '2016-08-22', 2, 3427, 4),
(190, '2073-05-06', '2016-08-22', 3, 1531, 4),
(191, '2073-05-07', '2016-08-23', 2, 4629, 4),
(192, '2073-05-07', '2016-08-23', 3, 1460, 4),
(193, '2073-05-08', '2016-08-24', 2, 3975, 4),
(194, '2073-05-08', '2016-08-24', 3, 2050, 4),
(195, '2073-05-09', '2016-08-25', 2, 4733, 4),
(196, '2073-05-09', '2016-08-25', 3, 1715, 4),
(197, '2073-05-10', '2016-08-26', 5, 55, 3),
(198, '2073-05-10', '2016-08-26', 6, 120, 3),
(199, '2073-05-10', '2016-08-26', 7, 1229, 2),
(200, '2073-05-10', '2016-08-26', 8, 102, 2),
(201, '', '0000-00-00', 0, 0, 3),
(202, '2073-05-12', '2016-08-28', 5, 98, 3),
(203, '2073-05-12', '2016-08-28', 7, 1424, 2),
(205, '2073-05-12', '2016-08-28', 8, 97, 2),
(206, '2073-05-13', '2016-08-29', 6, 225, 3),
(207, '2073-05-13', '2016-08-29', 5, 81, 3),
(208, '2073-05-13', '2016-08-29', 7, 352, 2),
(209, '2073-05-13', '2016-08-29', 8, 67, 2),
(210, '2073-05-14', '2016-08-30', 5, 240, 3),
(211, '2073-05-14', '2016-08-30', 7, 857, 2),
(212, '2073-05-14', '2016-08-30', 8, 91, 2),
(213, '2073-05-15', '2016-08-31', 5, 178, 3),
(214, '2073-05-15', '2016-08-31', 7, 638, 2),
(215, '2073-05-15', '2016-08-31', 8, 69, 2),
(216, '2073-05-16', '2016-09-01', 5, 84, 3),
(217, '2073-05-16', '2016-09-01', 7, 1054, 2),
(218, '2073-05-16', '2016-09-01', 8, 89, 2),
(219, '2073-05-17', '2016-09-02', 5, 72, 3),
(220, '2073-05-17', '2016-09-02', 7, 873, 2),
(221, '2073-05-17', '2016-09-02', 8, 61, 2),
(222, '2073-05-10', '2016-08-26', 2, 5550, 4),
(223, '2073-05-10', '2016-08-26', 3, 3312, 4),
(224, '2073-05-12', '2016-08-28', 2, 3917, 4),
(225, '2073-05-12', '2016-08-28', 3, 2235, 4),
(226, '2073-05-13', '2016-08-29', 2, 3956, 4),
(227, '2073-05-13', '2016-08-29', 3, 1671, 4),
(228, '2073-05-14', '2016-08-30', 2, 3050, 4),
(229, '2073-05-14', '2016-08-30', 3, 1760, 4),
(230, '2073-05-15', '2016-08-31', 2, 5100, 4),
(231, '2073-05-15', '2016-08-31', 3, 2430, 4),
(232, '2073-05-16', '2016-09-01', 2, 3221, 4),
(233, '2073-05-16', '2016-09-01', 3, 1530, 4),
(234, '2073-05-17', '2016-09-02', 2, 2965, 4),
(235, '2073-05-17', '2016-09-02', 3, 1503, 4),
(236, '2073-05-19', '2016-09-04', 5, 110, 3),
(237, '', '0000-00-00', 0, 0, 3),
(238, '2073-05-19', '2016-09-04', 7, 1514, 2),
(239, '2073-05-19', '2016-09-04', 8, 89, 2),
(240, '2073-05-20', '2016-09-05', 5, 128, 3),
(241, '2073-05-20', '2016-09-05', 7, 497, 2),
(242, '2073-05-20', '2016-09-05', 8, 51, 2),
(243, '2073-05-21', '2016-09-06', 5, 269, 3),
(244, '2073-05-21', '2016-09-06', 7, 893, 2),
(245, '2073-05-21', '2016-09-06', 8, 76, 2),
(246, '2073-05-19', '2016-09-04', 2, 5874, 4),
(247, '2073-05-19', '2016-09-04', 3, 1810, 4),
(248, '2073-05-20', '2016-09-05', 2, 5039, 4),
(249, '2073-05-20', '2016-09-05', 3, 2520, 4),
(250, '2073-05-21', '2016-09-06', 2, 4756, 4),
(251, '2073-05-21', '2016-09-06', 3, 1390, 4),
(252, '2073-05-22', '2016-09-07', 7, 1144, 2),
(253, '2073-05-22', '2016-09-07', 8, 114, 2),
(254, '2073-05-22', '2016-09-07', 5, 297, 3),
(255, '2073-05-22', '2016-09-07', 2, 5790, 4),
(256, '2073-05-22', '2016-09-07', 3, 2168, 4),
(257, '2073-05-23', '2016-09-08', 5, 456, 3),
(258, '2073-05-23', '2016-09-08', 6, 489, 3),
(259, '2073-05-23', '2016-09-08', 7, 1091, 2),
(260, '2073-05-23', '2016-09-08', 8, 88, 2),
(261, '2073-05-23', '2016-09-08', 2, 5655, 4),
(262, '2073-05-23', '2016-09-08', 3, 2529, 4),
(263, '2073-05-24', '2016-09-09', 2, 4626, 4),
(264, '2073-05-24', '2016-09-09', 3, 1915, 4),
(265, '2073-05-24', '2016-09-09', 5, 352, 3),
(266, '2073-05-26', '2016-09-11', 5, 92, 3),
(267, '2073-05-26', '2016-09-11', 6, 560, 3),
(268, '2073-05-24', '2016-09-09', 7, 345, 2),
(269, '2073-05-24', '2016-09-09', 8, 73, 2),
(270, '2073-05-26', '2016-09-11', 7, 302, 2),
(271, '2073-05-26', '2016-09-11', 8, 81, 2),
(272, '2073-05-27', '2016-09-12', 5, 304, 3),
(273, '2073-05-27', '2016-09-12', 7, 1185, 2),
(274, '2073-05-27', '2016-09-12', 8, 93, 2),
(275, '2073-05-28', '2016-09-13', 5, 126, 3),
(276, '2073-05-28', '2016-09-13', 7, 843, 2),
(277, '2073-05-28', '2016-09-13', 8, 87, 2),
(278, '2073-05-26', '2016-09-11', 2, 3405, 4),
(279, '2073-05-26', '2016-09-11', 3, 1455, 4),
(280, '2073-05-27', '2016-09-12', 2, 3099, 4),
(281, '2073-05-27', '2016-09-12', 3, 908, 4),
(282, '2073-05-28', '2016-09-13', 2, 6851, 4),
(283, '2073-05-28', '2016-09-13', 3, 3654, 4),
(284, '2073-05-29', '2016-09-14', 5, 351, 3),
(285, '2073-05-29', '2016-09-14', 7, 446, 2),
(286, '2073-05-29', '2016-09-14', 8, 83, 2),
(287, '2073-05-30', '2016-09-15', 5, 112, 3),
(288, '2073-05-30', '2016-09-15', 6, 595, 3),
(289, '2073-05-30', '2016-09-15', 7, 1647, 2),
(290, '2073-05-30', '2016-09-15', 8, 104, 2),
(292, '2073-05-31', '2016-09-16', 5, 266, 3),
(293, '2073-05-31', '2016-09-16', 7, 1042, 2),
(294, '2073-05-31', '2016-09-16', 8, 113, 2),
(295, '2073-06-02', '2016-09-18', 5, 145, 3),
(296, '2073-06-02', '2016-09-18', 7, 115, 2),
(297, '2073-06-02', '2016-09-18', 8, 49, 2),
(298, '2073-06-04', '2016-09-20', 7, 777, 2),
(299, '2073-06-04', '2016-09-20', 8, 88, 2),
(300, '2073-06-04', '2016-09-20', 5, 213, 3),
(301, '2073-05-29', '2016-09-14', 2, 3144, 4),
(302, '2073-05-29', '2016-09-14', 3, 2420, 4),
(303, '2073-05-30', '2016-09-15', 2, 6613, 4),
(304, '2073-05-30', '2016-09-15', 3, 2350, 4),
(305, '2073-05-31', '2016-09-16', 2, 6033, 4),
(306, '2073-05-31', '2016-09-16', 3, 1830, 4),
(307, '2073-06-02', '2016-09-18', 2, 2832, 4),
(308, '2073-06-02', '2016-09-18', 3, 1300, 4),
(309, '2073-06-04', '2016-09-20', 2, 3178, 4),
(310, '2073-06-04', '2016-09-20', 3, 1640, 4),
(311, '2073-06-05', '2016-09-21', 5, 78, 3),
(312, '2073-06-05', '2016-09-21', 7, 715, 2),
(313, '2073-06-05', '2016-09-21', 8, 82, 2),
(314, '2073-06-06', '2016-09-22', 5, 68, 3),
(315, '2073-06-06', '2016-09-22', 7, 697, 2),
(316, '2073-06-06', '2016-09-22', 8, 36, 2),
(317, '2073-06-07', '2016-09-23', 6, 380, 3),
(318, '2073-06-07', '2016-09-23', 7, 396, 2),
(319, '2073-06-07', '2016-09-23', 8, 87, 2),
(320, '2073-06-09', '2016-09-25', 5, 314, 3),
(321, '2073-06-09', '2016-09-25', 7, 673, 2),
(322, '2073-06-09', '2016-09-25', 8, 83, 2),
(323, '2073-06-10', '2016-09-26', 5, 309, 3),
(324, '2073-06-10', '2016-09-26', 7, 948, 2),
(325, '2073-06-10', '2016-09-26', 8, 91, 2),
(326, '2073-06-11', '2016-09-27', 5, 151, 3),
(327, '2073-06-11', '2016-09-27', 7, 955, 2),
(328, '2073-06-11', '2016-09-27', 8, 97, 2),
(329, '2073-06-12', '2016-09-28', 5, 152, 3),
(330, '2073-06-12', '2016-09-28', 0, 493, 0),
(331, '2073-06-12', '2016-09-28', 0, 73, 0),
(332, '2073-06-13', '2016-09-29', 5, 279, 3),
(333, '2073-06-12', '2016-09-28', 7, 493, 2),
(334, '2073-06-12', '2016-09-28', 8, 73, 2),
(335, '2073-06-13', '2016-09-29', 7, 1003, 2),
(336, '2073-06-13', '2016-09-29', 8, 99, 2),
(337, '2073-06-14', '2016-09-30', 5, 199, 3),
(338, '2073-06-14', '2016-09-30', 6, 350, 3),
(339, '2073-06-14', '2016-09-30', 7, 339, 2),
(340, '2073-06-14', '2016-09-30', 8, 71, 2),
(341, '2073-06-15', '2016-10-01', 5, 254, 3),
(344, '2073-06-16', '2016-10-02', 5, 175, 3),
(345, '2073-06-05', '2016-09-21', 2, 4247, 4),
(346, '2073-06-05', '2016-09-21', 3, 2120, 4),
(347, '2073-06-06', '2016-09-22', 2, 2590, 4),
(348, '2073-06-06', '2016-09-22', 3, 1100, 4),
(349, '2073-06-06', '2016-09-22', 1, 52, 4),
(350, '2073-06-07', '2016-09-23', 2, 2248, 4),
(351, '2073-06-07', '2016-09-23', 3, 977, 4),
(352, '2073-06-09', '2016-09-25', 2, 4913, 4),
(353, '2073-06-09', '2016-09-25', 3, 2216, 4),
(354, '2073-06-09', '2016-09-25', 1, 45, 4),
(355, '2073-06-10', '2016-09-26', 2, 3554, 4),
(356, '2073-06-10', '2016-09-26', 3, 1566, 4),
(357, '2073-06-10', '2016-09-26', 1, 196, 4),
(358, '2073-06-11', '2016-09-27', 2, 8009, 4),
(359, '2073-06-11', '2016-09-27', 3, 1451, 4),
(360, '2073-06-12', '2016-09-28', 2, 3187, 4),
(361, '2073-06-12', '2016-09-28', 3, 2781, 4),
(362, '2073-06-12', '2016-09-28', 1, 19, 4),
(363, '2073-06-13', '2016-09-29', 2, 4456, 4),
(364, '2073-06-13', '2016-09-29', 3, 1696, 4),
(365, '2073-06-14', '2016-09-30', 2, 2968, 4),
(366, '2073-06-14', '2016-09-30', 3, 1260, 4),
(367, '2073-06-15', '2016-10-01', 2, 3134, 4),
(368, '2073-06-15', '2016-10-01', 3, 1650, 4),
(369, '2073-06-15', '2016-10-01', 1, 60, 4),
(370, '2073-06-16', '2016-10-02', 2, 3931, 4),
(371, '2073-06-16', '2016-10-02', 3, 1850, 4),
(372, '2073-06-16', '2016-10-02', 7, 286, 2),
(373, '2073-06-16', '2016-10-02', 8, 77, 2),
(374, '2073-06-15', '2016-10-01', 7, 389, 2),
(375, '2073-06-15', '2016-10-01', 8, 81, 2),
(376, '2073-06-17', '2016-10-03', 5, 286, 3),
(377, '2073-06-17', '2016-10-03', 7, 957, 2),
(378, '2073-06-17', '2016-10-03', 8, 93, 2),
(379, '2073-06-18', '2016-10-04', 5, 165, 3),
(380, '2073-06-18', '2016-10-04', 5, 165, 3),
(382, '2073-06-18', '2016-10-04', 8, 91, 2),
(383, '2073-06-18', '2016-10-04', 7, 357, 2),
(384, '2073-06-19', '2016-10-05', 5, 273, 3),
(385, '2073-06-19', '2016-10-05', 5, 273, 3),
(386, '2073-06-19', '2016-10-05', 7, 1643, 2),
(387, '2073-06-19', '2016-10-05', 8, 119, 2),
(388, '2073-06-20', '2016-10-06', 5, 350, 3),
(389, '', '0000-00-00', 0, 0, 3),
(390, '2073-06-20', '2016-10-06', 7, 975, 2),
(391, '2073-06-20', '2016-10-06', 8, 97, 2),
(392, '2073-06-21', '2016-10-07', 6, 630, 3),
(393, '2073-06-21', '2016-10-07', 5, 105, 3),
(396, '2073-06-26', '2016-10-12', 5, 191, 3),
(397, '2073-06-26', '2016-10-12', 7, 359, 2),
(398, '2073-06-26', '2016-10-12', 8, 81, 2),
(399, '2073-06-21', '2016-10-07', 7, 176, 2),
(400, '2073-06-21', '2016-10-07', 8, 67, 2),
(401, '2073-06-27', '2016-10-13', 5, 157, 3),
(403, '2073-06-17', '2016-10-03', 2, 3663, 4),
(404, '2073-06-17', '2016-10-03', 3, 1547, 4),
(405, '2073-06-18', '2016-10-04', 2, 5021, 4),
(406, '2073-06-18', '2016-10-04', 3, 2264, 4),
(407, '2073-06-19', '2016-10-05', 2, 6200, 4),
(408, '2073-06-19', '2016-10-05', 3, 1950, 4),
(409, '2073-06-19', '2016-10-05', 1, 23, 4),
(410, '2073-06-20', '2016-10-06', 2, 2880, 4),
(411, '2073-06-20', '2016-10-06', 3, 1662, 4),
(412, '2073-06-21', '2016-10-07', 2, 2875, 4),
(413, '2073-06-21', '2016-10-07', 3, 1350, 4),
(414, '2073-06-26', '2016-10-12', 2, 2704, 4),
(415, '2073-06-26', '2016-10-12', 3, 1180, 4),
(416, '2073-06-27', '2016-10-13', 2, 4520, 4),
(417, '2073-06-27', '2016-10-13', 3, 2462, 4),
(418, '2073-06-27', '2016-10-13', 7, 1378, 2),
(419, '2073-06-27', '2016-10-13', 8, 94, 2),
(420, '2073-06-28', '2016-10-14', 6, 481, 3),
(421, '2073-06-28', '2016-10-14', 5, 312, 3),
(422, '2073-06-28', '2016-10-14', 7, 979, 2),
(423, '2073-06-28', '2016-10-14', 8, 89, 2),
(424, '2073-06-29', '2016-10-15', 5, 107, 3),
(425, '2073-06-29', '2016-10-15', 7, 2112, 2),
(426, '2073-06-29', '2016-10-15', 8, 103, 2),
(427, '2073-06-28', '2016-10-14', 2, 5303, 4),
(428, '2073-06-28', '2016-10-14', 3, 1920, 4),
(429, '2073-06-28', '2016-10-14', 1, 21, 4),
(430, '2073-06-29', '2016-10-15', 2, 4910, 4),
(431, '2073-06-29', '2016-10-15', 3, 1845, 4),
(432, '2073-06-30', '2016-10-16', 5, 287, 3),
(433, '2073-06-30', '2016-10-16', 2, 3940, 4),
(434, '2073-06-30', '2016-10-16', 3, 1832, 4),
(435, '2073-06-30', '2016-10-16', 1, 45, 4),
(436, '2073-06-30', '2016-10-16', 7, 592, 2),
(437, '2073-06-30', '2016-10-16', 8, 79, 2),
(438, '2073-07-01', '2016-10-17', 5, 120, 3),
(439, '2073-07-01', '2016-10-17', 6, 180, 3),
(440, '2073-07-02', '2016-10-18', 5, 175, 3),
(441, '2073-07-02', '2016-10-18', 7, 1009, 2),
(442, '2073-07-02', '2016-10-18', 8, 91, 2),
(443, '2073-07-01', '2016-10-17', 7, 709, 2),
(444, '2073-07-01', '2016-10-17', 8, 87, 2),
(445, '2073-07-03', '2016-10-19', 5, 145, 3),
(446, '2073-07-03', '2016-10-19', 6, 370, 3),
(447, '2073-07-03', '2016-10-19', 7, 857, 2),
(448, '2073-07-03', '2016-10-19', 8, 87, 2),
(449, '2073-07-04', '2016-10-20', 5, 85, 3),
(450, '2073-07-04', '2016-10-20', 6, 205, 3),
(452, '2073-07-04', '2016-10-20', 7, 636, 2),
(453, '2073-07-04', '2016-10-20', 8, 77, 2),
(454, '2073-07-05', '2016-10-21', 5, 155, 3),
(455, '2073-07-05', '2016-10-21', 7, 1427, 2),
(456, '2073-07-05', '2016-10-21', 8, 76, 2),
(457, '2073-07-07', '2016-10-23', 5, 96, 3),
(458, '2073-07-07', '2016-10-23', 6, 114, 3),
(464, '2073-07-07', '2016-10-23', 7, 938, 2),
(465, '2073-07-07', '2016-10-23', 8, 59, 2),
(466, '2073-07-01', '2016-10-17', 2, 3191, 4),
(467, '2073-07-01', '2016-10-17', 3, 1647, 4),
(468, '2073-07-02', '2016-10-18', 2, 3087, 4),
(469, '2073-07-02', '2016-10-18', 3, 1615, 4),
(470, '2073-07-03', '2016-10-19', 2, 5700, 4),
(471, '2073-07-03', '2016-10-19', 3, 2400, 4),
(472, '2073-07-04', '2016-10-20', 2, 3320, 4),
(473, '2073-07-04', '2016-10-20', 3, 1440, 4),
(474, '2073-07-05', '2016-10-21', 2, 6133, 4),
(475, '2073-07-05', '2016-10-21', 3, 2080, 4),
(476, '2073-07-07', '2016-10-23', 2, 4159, 4),
(477, '2073-07-07', '2016-10-23', 3, 1690, 4),
(478, '2073-07-08', '2016-10-24', 5, 98, 3),
(479, '2073-07-08', '2016-10-24', 7, 783, 2),
(480, '2073-07-08', '2016-10-24', 8, 106, 2),
(481, '2073-07-09', '2016-10-25', 5, 213, 3),
(482, '2073-07-09', '2016-10-25', 7, 727, 2),
(483, '2073-07-09', '2016-10-25', 8, 89, 2),
(484, '2073-07-10', '2016-10-26', 5, 295, 3),
(485, '2073-07-10', '2016-10-26', 7, 1191, 2),
(486, '2073-07-10', '2016-10-26', 8, 114, 2),
(487, '2073-07-11', '2016-10-27', 5, 242, 3),
(488, '2073-07-11', '2016-10-27', 7, 727, 2),
(489, '2073-07-11', '2016-10-27', 8, 86, 2),
(490, '2073-07-12', '2016-10-28', 7, 925, 2),
(491, '2073-07-12', '2016-10-28', 8, 96, 2),
(492, '2073-07-23', '2016-11-08', 5, 196, 3),
(493, '2073-07-23', '2016-11-08', 7, 791, 2),
(494, '2073-07-23', '2016-11-08', 8, 59, 2);

-- --------------------------------------------------------

--
-- Table structure for table `tbl_scrap_report`
--

CREATE TABLE `tbl_scrap_report` (
  `id` int(11) NOT NULL,
  `date_np` varchar(256) NOT NULL,
  `date_en` date NOT NULL,
  `scrap` float NOT NULL,
  `segregation_waste` float NOT NULL,
  `burnt_scrap` float NOT NULL,
  `sieved_dust` float NOT NULL,
  `final_chipps` float NOT NULL,
  `foaming_scrap` float NOT NULL
) ENGINE=InnoDB DEFAULT CHARSET=latin1;

--
-- Dumping data for table `tbl_scrap_report`
--

INSERT INTO `tbl_scrap_report` (`id`, `date_np`, `date_en`, `scrap`, `segregation_waste`, `burnt_scrap`, `sieved_dust`, `final_chipps`, `foaming_scrap`) VALUES
(1, '2073-05-06', '0000-00-00', 7950, 597, 92, 89, 6430, 742),
(3, '2073-06-07', '0000-00-00', 15750, 987, 295, 203, 12150, 2115);

-- --------------------------------------------------------

--
-- Table structure for table `tbl_scrap_segregation`
--

CREATE TABLE `tbl_scrap_segregation` (
  `id` int(11) NOT NULL,
  `segregation_min` int(11) NOT NULL,
  `date_np` varchar(256) NOT NULL,
  `date_en` date NOT NULL,
  `shift` varchar(256) NOT NULL,
  `production` float NOT NULL,
  `hour` int(11) NOT NULL,
  `min` int(11) NOT NULL,
  `segregation_hr` int(11) NOT NULL
) ENGINE=InnoDB DEFAULT CHARSET=latin1;

--
-- Dumping data for table `tbl_scrap_segregation`
--

INSERT INTO `tbl_scrap_segregation` (`id`, `segregation_min`, `date_np`, `date_en`, `shift`, `production`, `hour`, `min`, `segregation_hr`) VALUES
(2, 0, '2073-04-03', '0000-00-00', 'A', 900, 10, 0, 2),
(3, 0, '2073-04-04', '0000-00-00', 'A', 920, 10, 0, 2),
(4, 0, '2073-04-05', '0000-00-00', 'A', 900, 10, 0, 2),
(5, 0, '2073-04-06', '0000-00-00', 'A', 880, 9, 0, 3),
(6, 0, '2073-04-07', '0000-00-00', 'A', 840, 9, 0, 3),
(11, 0, '2073-04-16', '0000-00-00', 'A', 600, 7, 0, 5),
(12, 0, '2073-04-17', '0000-00-00', 'A', 630, 6, 0, 6),
(13, 0, '2073-04-18', '0000-00-00', 'A', 860, 10, 0, 2),
(14, 0, '2073-04-19', '0000-00-00', 'A', 810, 9, 0, 1),
(15, 0, '2073-04-02', '0000-00-00', 'A', 0, 0, 0, 12),
(16, 0, '2073-04-09', '0000-00-00', 'A', 0, 0, 0, 12),
(17, 0, '2073-04-11', '0000-00-00', 'A', 0, 0, 0, 12),
(18, 0, '2073-04-12', '0000-00-00', 'A', 0, 0, 0, 12),
(19, 0, '2073-04-13', '0000-00-00', 'A', 0, 0, 0, 12),
(20, 0, '2073-04-14', '0000-00-00', 'A', 0, 0, 0, 0),
(21, 0, '2073-04-20', '0000-00-00', 'A', 740, 10, 0, 2),
(22, 0, '2073-04-21', '0000-00-00', 'A', 860, 10, 0, 2),
(23, 0, '2073-04-23', '0000-00-00', 'A', 760, 10, 0, 2),
(24, 0, '2073-04-24', '0000-00-00', 'A', 780, 10, 0, 2),
(25, 0, '2073-04-25', '0000-00-00', 'A', 0, 0, 0, 12),
(26, 0, '2073-04-26', '0000-00-00', 'A', 640, 8, 0, 4),
(27, 0, '2073-04-27', '0000-00-00', 'A', 0, 0, 0, 12),
(28, 0, '2073-04-28', '0000-00-00', 'A', 0, 0, 0, 12),
(29, 0, '2073-04-30', '0000-00-00', 'A', 660, 8, 0, 4),
(30, 0, '2073-04-31', '0000-00-00', 'A', 1200, 12, 0, 0),
(31, 0, '2073-04-32', '0000-00-00', 'A', 760, 10, 0, 2),
(32, 0, '2073-05-01', '0000-00-00', 'A', 1190, 12, 0, 0),
(33, 0, '2073-05-03', '0000-00-00', 'A', 880, 10, 0, 2),
(34, 0, '2073-05-05', '0000-00-00', 'A', 760, 9, 0, 3),
(35, 0, '2073-05-06', '0000-00-00', 'A', 660, 7, 0, 5),
(36, 0, '2073-05-07', '0000-00-00', 'A', 0, 0, 0, 12),
(37, 0, '2073-05-08', '0000-00-00', 'A', 620, 7, 0, 5),
(38, 0, '2073-05-09', '0000-00-00', 'A', 0, 0, 0, 12),
(39, 0, '2073-04-10', '0000-00-00', 'A', 1800, 10, 0, 2),
(40, 0, '2073-05-12', '0000-00-00', 'A', 1100, 6, 0, 6),
(41, 0, '2073-05-13', '0000-00-00', 'A', 0, 0, 0, 12),
(42, 0, '2073-04-14', '0000-00-00', 'A', 800, 10, 0, 2),
(43, 0, '2073-05-15', '0000-00-00', 'A', 700, 9, 0, 3),
(44, 0, '2073-05-16', '0000-00-00', 'A', 1000, 12, 0, 0),
(45, 0, '2073-05-17', '0000-00-00', 'A', 860, 10, 0, 2),
(46, 0, '2073-05-18', '0000-00-00', 'A', 820, 10, 0, 2),
(47, 0, '2073-05-20', '0000-00-00', 'A', 820, 10, 0, 2),
(48, 0, '2073-05-21', '0000-00-00', 'A', 860, 10, 0, 20),
(49, 0, '2073-05-22', '0000-00-00', 'A', 480, 6, 0, 6),
(50, 0, '2073-04-23', '0000-00-00', 'A', 1000, 12, 0, 0),
(51, 0, '2073-05-24', '0000-00-00', 'A', 0, 0, 0, 12),
(52, 0, '2073-04-26', '0000-00-00', 'A', 840, 10, 0, 2),
(53, 0, '2073-05-27', '0000-00-00', 'A', 0, 0, 0, 12),
(54, 0, '2073-04-28', '0000-00-00', 'A', 0, 0, 0, 12),
(55, 0, '2073-05-29', '0000-00-00', 'A', 0, 0, 0, 12),
(56, 0, '2073-05-30', '0000-00-00', 'A', 600, 8, 0, 4),
(57, 0, '2073-05-31', '0000-00-00', 'A', 650, 8, 0, 4),
(58, 0, '2073-06-02', '0000-00-00', 'A', 610, 8, 0, 4),
(59, 0, '2073-06-04', '0000-00-00', 'A', 0, 0, 0, 12),
(60, 0, '2073-04-05', '0000-00-00', 'A', 310, 5, 0, 7),
(61, 0, '2073-06-06', '0000-00-00', 'A', 810, 6, 0, 6),
(62, 0, '2073-06-07', '0000-00-00', 'A', 820, 0, 0, 12),
(63, 0, '2073-06-09', '0000-00-00', 'A', 0, 0, 0, 12),
(64, 0, '2073-06-10', '0000-00-00', 'A', 700, 9, 0, 3),
(65, 0, '2073-06-12', '0000-00-00', 'A', 1000, 12, 0, 0),
(66, 0, '2073-06-13', '0000-00-00', 'A', 400, 6, 0, 6),
(67, 0, '2073-06-14', '0000-00-00', 'A', 0, 0, 0, 12),
(68, 0, '2073-06-15', '0000-00-00', 'A', 0, 0, 0, 12),
(69, 0, '2073-06-16', '0000-00-00', 'A', 0, 0, 0, 12),
(70, 0, '2073-06-17', '0000-00-00', 'A', 800, 10, 0, 2),
(71, 0, '2073-06-18', '0000-00-00', 'A', 0, 0, 0, 12),
(72, 0, '2073-04-19', '0000-00-00', 'A', 460, 6, 0, 6),
(73, 0, '2073-06-20', '0000-00-00', 'A', 1000, 12, 0, 0),
(74, 0, '2073-06-21', '0000-00-00', 'A', 0, 12, 0, 0),
(75, 0, '2073-04-26', '0000-00-00', 'A', 0, 0, 0, 12),
(76, 0, '2073-06-27', '0000-00-00', 'A', 0, 0, 0, 12),
(77, 0, '2073-06-28', '0000-00-00', 'A', 920, 11, 0, 1),
(78, 0, '2073-06-28', '0000-00-00', 'A', 1000, 12, 0, 0),
(79, 0, '2073-06-30', '0000-00-00', 'A', 980, 12, 0, 0),
(80, 0, '2073-07-01', '0000-00-00', 'A', 0, 0, 0, 12),
(81, 0, '2073-07-02', '0000-00-00', 'A', 820, 10, 0, 2),
(82, 0, '2073-07-03', '0000-00-00', 'A', 1040, 12, 0, 0),
(83, 0, '2073-07-04', '0000-00-00', 'A', 1080, 12, 0, 0),
(84, 0, '2073-07-05', '0000-00-00', 'A', 1000, 12, 0, 0),
(85, 0, '2073-07-07', '0000-00-00', 'A', 710, 7, 0, 5),
(86, 0, '2073-07-08', '0000-00-00', 'A', 810, 7, 0, 5),
(87, 0, '2073-07-09', '0000-00-00', 'A', 800, 11, 0, 1),
(88, 0, '2073-07-10', '0000-00-00', 'A', 0, 0, 0, 12),
(89, 0, '2073-07-11', '0000-00-00', 'A', 0, 0, 0, 12),
(90, 0, '2073-07-12', '0000-00-00', 'A', 920, 10, 0, 2),
(91, 0, '2073-07-23', '0000-00-00', 'A', 0, 0, 0, 0);

-- --------------------------------------------------------

--
-- Table structure for table `tbl_scrap_type`
--

CREATE TABLE `tbl_scrap_type` (
  `type_id` int(11) NOT NULL,
  `type_name` varchar(256) NOT NULL,
  `department_id` int(11) NOT NULL
) ENGINE=InnoDB DEFAULT CHARSET=latin1;

--
-- Dumping data for table `tbl_scrap_type`
--

INSERT INTO `tbl_scrap_type` (`type_id`, `type_name`, `department_id`) VALUES
(1, 'Scrap CT', 4),
(2, 'Scrap Laminated', 4),
(3, 'Scrap Plain', 4),
(4, 'Scrap Printed', 4),
(5, 'Scrap Printed', 3),
(6, 'Scrap Unprinted', 3),
(7, 'Resuable', 2),
(8, 'Lamps  and Plate', 2);

-- --------------------------------------------------------

--
-- Table structure for table `tbl_silo_report`
--

CREATE TABLE `tbl_silo_report` (
  `id` int(11) NOT NULL,
  `date_np` varchar(255) DEFAULT NULL,
  `date_en` date DEFAULT NULL,
  `material_id` int(11) DEFAULT NULL,
  `type_id` int(11) DEFAULT NULL,
  `amount` float DEFAULT NULL
) ENGINE=InnoDB DEFAULT CHARSET=latin1;

--
-- Dumping data for table `tbl_silo_report`
--

INSERT INTO `tbl_silo_report` (`id`, `date_np`, `date_en`, `material_id`, `type_id`, `amount`) VALUES
(1, '2074-04-01', '2017-07-16', 20, 1, 0),
(2, '2074-04-01', '2017-07-16', 20, 2, 88.08),
(3, '2074-04-01', '2017-07-16', 19, 1, 0),
(4, '2074-04-01', '2017-07-16', 19, 2, 1.3),
(5, '2074-04-01', '2017-07-16', 18, 1, 0),
(6, '2074-04-01', '2017-07-16', 18, 2, 68.56),
(7, '2074-04-02', '2017-07-17', 20, 1, 0),
(8, '2074-04-02', '2017-07-17', 20, 2, 148.12),
(9, '2074-04-02', '2017-07-17', 19, 1, 0),
(10, '2074-04-02', '2017-07-17', 19, 2, 2.93),
(11, '2074-04-02', '2017-07-17', 18, 1, 0),
(12, '2074-04-02', '2017-07-17', 18, 2, 118.51),
(13, '2074-04-03', '2017-07-18', 20, 1, 229.01),
(14, '2074-04-03', '2017-07-18', 20, 2, 48.51),
(15, '2074-04-03', '2017-07-18', 19, 1, 4.88),
(16, '2074-04-03', '2017-07-18', 19, 2, 0.96),
(17, '2074-04-03', '2017-07-18', 18, 1, 0),
(18, '2074-04-03', '2017-07-18', 18, 2, 38.44),
(19, '2074-04-04', '2017-07-19', 20, 1, 0),
(20, '2074-04-04', '2017-07-19', 20, 2, 211.55),
(21, '2074-04-04', '2017-07-19', 19, 1, 0),
(22, '2074-04-04', '2017-07-19', 19, 2, 4.21),
(23, '2074-04-04', '2017-07-19', 18, 1, 0),
(24, '2074-04-04', '2017-07-19', 18, 2, 170),
(25, '2074-04-05', '2017-07-20', 20, 1, 0),
(26, '2074-04-05', '2017-07-20', 20, 2, 97.59),
(27, '2074-04-05', '2017-07-20', 19, 1, 0),
(28, '2074-04-05', '2017-07-20', 19, 2, 1.92),
(29, '2074-04-05', '2017-07-20', 18, 1, 0),
(30, '2074-04-05', '2017-07-20', 18, 2, 82.33),
(31, '2074-04-06', '2017-07-21', 20, 1, 499.08),
(32, '2074-04-06', '2017-07-21', 20, 2, 0),
(33, '2074-04-06', '2017-07-21', 19, 1, 11.39),
(34, '2074-04-06', '2017-07-21', 19, 2, 0),
(35, '2074-04-06', '2017-07-21', 18, 1, 0),
(36, '2074-04-06', '2017-07-21', 18, 2, 0),
(37, '2074-04-07', '2017-07-22', 20, 1, 0),
(38, '2074-04-07', '2017-07-22', 20, 2, 219.16),
(39, '2074-04-07', '2017-07-22', 19, 1, 0),
(40, '2074-04-07', '2017-07-22', 19, 2, 3.49),
(41, '2074-04-07', '2017-07-22', 18, 1, 0),
(42, '2074-04-07', '2017-07-22', 18, 2, 183.23),
(43, '2074-04-08', '2017-07-23', 20, 1, 0),
(44, '2074-04-08', '2017-07-23', 20, 2, 184.19),
(45, '2074-04-08', '2017-07-23', 19, 1, 0),
(46, '2074-04-08', '2017-07-23', 19, 2, 2.64),
(47, '2074-04-08', '2017-07-23', 18, 1, 0),
(48, '2074-04-08', '2017-07-23', 18, 2, 148.65),
(49, '2074-04-11', '2017-07-26', 20, 1, 0),
(50, '2074-04-11', '2017-07-26', 20, 2, 181.45),
(51, '2074-04-11', '2017-07-26', 19, 1, 0),
(52, '2074-04-11', '2017-07-26', 19, 2, 2.98),
(53, '2074-04-11', '2017-07-26', 18, 1, 0),
(54, '2074-04-11', '2017-07-26', 18, 2, 152.71),
(55, '2074-04-12', '2017-07-27', 20, 1, 0),
(56, '2074-04-12', '2017-07-27', 20, 2, 195.75),
(57, '2074-04-12', '2017-07-27', 19, 1, 0),
(58, '2074-04-12', '2017-07-27', 19, 2, 1.51),
(59, '2074-04-12', '2017-07-27', 18, 1, 0),
(60, '2074-04-12', '2017-07-27', 18, 2, 158.94),
(61, '2074-04-13', '2017-07-28', 20, 1, 384.86),
(62, '2074-04-13', '2017-07-28', 20, 2, 0),
(63, '2074-04-13', '2017-07-28', 19, 1, 8.13),
(64, '2074-04-13', '2017-07-28', 19, 2, 0),
(65, '2074-04-13', '2017-07-28', 18, 1, 0),
(66, '2074-04-13', '2017-07-28', 18, 2, 0),
(67, '2074-04-14', '2017-07-29', 20, 1, 247.55),
(68, '2074-04-14', '2017-07-29', 20, 2, 43.42),
(69, '2074-04-14', '2017-07-29', 19, 1, 5.16),
(70, '2074-04-14', '2017-07-29', 19, 2, 0.45),
(71, '2074-04-14', '2017-07-29', 18, 1, 0),
(72, '2074-04-14', '2017-07-29', 18, 2, 36.2),
(73, '2074-04-15', '2017-07-30', 20, 1, 0),
(74, '2074-04-15', '2017-07-30', 20, 2, 0),
(75, '2074-04-15', '2017-07-30', 19, 1, 0),
(76, '2074-04-15', '2017-07-30', 19, 2, 0),
(77, '2074-04-15', '2017-07-30', 18, 1, 0),
(78, '2074-04-15', '2017-07-30', 18, 2, 0),
(79, '2074-04-16', '2017-07-31', 20, 1, 0),
(80, '2074-04-16', '2017-07-31', 20, 2, 0),
(81, '2074-04-16', '2017-07-31', 19, 1, 0),
(82, '2074-04-16', '2017-07-31', 19, 2, 0),
(83, '2074-04-16', '2017-07-31', 18, 1, 0),
(84, '2074-04-16', '2017-07-31', 18, 2, 0),
(85, '2074-04-17', '2017-08-01', 20, 1, 0),
(86, '2074-04-17', '2017-08-01', 20, 2, 192.13),
(87, '2074-04-17', '2017-08-01', 19, 1, 0),
(88, '2074-04-17', '2017-08-01', 19, 2, 2.27),
(89, '2074-04-17', '2017-08-01', 18, 1, 0),
(90, '2074-04-17', '2017-08-01', 18, 2, 159.65),
(91, '2074-04-18', '2017-08-02', 20, 1, 0),
(92, '2074-04-18', '2017-08-02', 20, 2, 220.06),
(93, '2074-04-18', '2017-08-02', 19, 1, 0),
(94, '2074-04-18', '2017-08-02', 19, 2, 3.09),
(95, '2074-04-18', '2017-08-02', 18, 1, 0),
(96, '2074-04-18', '2017-08-02', 18, 2, 181.7),
(97, '2074-04-19', '2017-08-03', 20, 1, 175.92),
(98, '2074-04-19', '2017-08-03', 20, 2, 0),
(99, '2074-04-19', '2017-08-03', 19, 1, 3.73),
(100, '2074-04-19', '2017-08-03', 19, 2, 0),
(101, '2074-04-19', '2017-08-03', 18, 1, 0),
(102, '2074-04-19', '2017-08-03', 18, 2, 0),
(103, '2074-04-20', '2017-08-04', 20, 1, 372.01),
(104, '2074-04-20', '2017-08-04', 20, 2, 0),
(105, '2074-04-20', '2017-08-04', 19, 1, 7.77),
(106, '2074-04-20', '2017-08-04', 19, 2, 0),
(107, '2074-04-20', '2017-08-04', 18, 1, 0),
(108, '2074-04-20', '2017-08-04', 18, 2, 0),
(109, '2074-04-21', '2017-08-05', 20, 1, 266.23),
(110, '2074-04-21', '2017-08-05', 20, 2, 52.9),
(111, '2074-04-21', '2017-08-05', 19, 1, 6.24),
(112, '2074-04-21', '2017-08-05', 19, 2, 0.74),
(113, '2074-04-21', '2017-08-05', 18, 1, 0),
(114, '2074-04-21', '2017-08-05', 18, 2, 44.32),
(115, '2074-04-22', '2017-08-06', 20, 1, 0),
(116, '2074-04-22', '2017-08-06', 20, 2, 92.5),
(117, '2074-04-22', '2017-08-06', 19, 1, 0),
(118, '2074-04-22', '2017-08-06', 19, 2, 1.28),
(119, '2074-04-22', '2017-08-06', 18, 1, 0),
(120, '2074-04-22', '2017-08-06', 18, 2, 76.19),
(121, '2074-04-23', '2017-08-07', 20, 1, 0),
(122, '2074-04-23', '2017-08-07', 20, 2, 145.69),
(123, '2074-04-23', '2017-08-07', 19, 1, 0),
(124, '2074-04-23', '2017-08-07', 19, 2, 2.03),
(125, '2074-04-23', '2017-08-07', 18, 1, 0),
(126, '2074-04-23', '2017-08-07', 18, 2, 119.43),
(127, '2074-04-24', '2017-08-08', 20, 1, 0),
(128, '2074-04-24', '2017-08-08', 20, 2, 201.31),
(129, '2074-04-24', '2017-08-08', 19, 1, 0),
(130, '2074-04-24', '2017-08-08', 19, 2, 2.41),
(131, '2074-04-24', '2017-08-08', 18, 1, 0),
(132, '2074-04-24', '2017-08-08', 18, 2, 167.81),
(133, '2074-04-25', '2017-08-09', 20, 1, 194.094),
(134, '2074-04-25', '2017-08-09', 20, 2, 97.95),
(135, '2074-04-25', '2017-08-09', 19, 1, 4.11),
(136, '2074-04-25', '2017-08-09', 19, 2, 1.38),
(137, '2074-04-25', '2017-08-09', 18, 1, 0),
(138, '2074-04-25', '2017-08-09', 18, 2, 81.3),
(139, '2074-05-01', '2017-08-17', 20, 1, 0),
(140, '2074-05-01', '2017-08-17', 20, 2, 178.81),
(141, '2074-05-01', '2017-08-17', 19, 1, 0),
(142, '2074-05-01', '2017-08-17', 19, 2, 1.86),
(143, '2074-05-01', '2017-08-17', 18, 1, 0),
(144, '2074-05-01', '2017-08-17', 18, 2, 144.47),
(145, '2074-05-02', '2017-08-18', 20, 1, 0),
(146, '2074-05-02', '2017-08-18', 20, 2, 208.15),
(147, '2074-05-02', '2017-08-18', 19, 1, 0),
(148, '2074-05-02', '2017-08-18', 19, 2, 2.1),
(149, '2074-05-02', '2017-08-18', 18, 1, 0),
(150, '2074-05-02', '2017-08-18', 18, 2, 153.83),
(151, '2074-05-03', '2017-08-19', 20, 1, 78.81),
(152, '2074-05-03', '2017-08-19', 20, 2, 197.98),
(153, '2074-05-03', '2017-08-19', 19, 1, 1.67),
(154, '2074-05-03', '2017-08-19', 19, 2, 1.84),
(155, '2074-05-03', '2017-08-19', 18, 1, 0),
(156, '2074-05-03', '2017-08-19', 18, 2, 144.73),
(157, '2074-05-04', '2017-08-20', 20, 1, 421.87),
(158, '2074-05-04', '2017-08-20', 20, 2, 0),
(159, '2074-05-04', '2017-08-20', 19, 1, 8.91),
(160, '2074-05-04', '2017-08-20', 19, 2, 0),
(161, '2074-05-04', '2017-08-20', 18, 1, 0),
(162, '2074-05-04', '2017-08-20', 18, 2, 0),
(163, '2074-05-07', '2017-08-23', 20, 1, 0),
(164, '2074-05-07', '2017-08-23', 20, 2, 44.57),
(165, '2074-05-07', '2017-08-23', 19, 1, 0),
(166, '2074-05-07', '2017-08-23', 19, 2, 0.45),
(167, '2074-05-07', '2017-08-23', 18, 1, 0),
(168, '2074-05-07', '2017-08-23', 18, 2, 35.49),
(169, '2074-05-08', '2017-08-24', 20, 1, 0),
(170, '2074-05-08', '2017-08-24', 20, 2, 198.64),
(171, '2074-05-08', '2017-08-24', 19, 1, 0),
(172, '2074-05-08', '2017-08-24', 19, 2, 2.02),
(173, '2074-05-08', '2017-08-24', 18, 1, 0),
(174, '2074-05-08', '2017-08-24', 18, 2, 160.97),
(175, '2074-05-12', '2017-08-28', 20, 1, 0),
(176, '2074-05-12', '2017-08-28', 20, 2, 162.98),
(177, '2074-05-12', '2017-08-28', 19, 1, 0),
(178, '2074-05-12', '2017-08-28', 19, 2, 1.78),
(179, '2074-05-12', '2017-08-28', 18, 1, 0),
(180, '2074-05-12', '2017-08-28', 18, 2, 143.59),
(181, '2074-05-13', '2017-08-29', 20, 1, 180.33),
(182, '2074-05-13', '2017-08-29', 20, 2, 109.55),
(183, '2074-05-13', '2017-08-29', 19, 1, 3.72),
(184, '2074-05-13', '2017-08-29', 19, 2, 1.21),
(185, '2074-05-13', '2017-08-29', 18, 1, 0),
(186, '2074-05-13', '2017-08-29', 18, 2, 103.83),
(187, '2074-05-14', '2017-08-30', 20, 1, 338.1),
(188, '2074-05-14', '2017-08-30', 20, 2, 42.2),
(189, '2074-05-14', '2017-08-30', 19, 1, 7.38),
(190, '2074-05-14', '2017-08-30', 19, 2, 0.46),
(191, '2074-05-14', '2017-08-30', 18, 1, 0),
(192, '2074-05-14', '2017-08-30', 18, 2, 37.88),
(193, '2074-05-17', '2017-09-02', 20, 1, 0),
(194, '2074-05-17', '2017-09-02', 20, 2, 153.98),
(195, '2074-05-17', '2017-09-02', 19, 1, 0),
(196, '2074-05-17', '2017-09-02', 19, 2, 1.63),
(197, '2074-05-17', '2017-09-02', 18, 1, 0),
(198, '2074-05-17', '2017-09-02', 18, 2, 156.83),
(199, '2074-05-18', '2017-09-03', 20, 1, 0),
(200, '2074-05-18', '2017-09-03', 20, 2, 79.88),
(201, '2074-05-18', '2017-09-03', 19, 1, 0),
(202, '2074-05-18', '2017-09-03', 19, 2, 0.74),
(203, '2074-05-18', '2017-09-03', 18, 1, 0),
(204, '2074-05-18', '2017-09-03', 18, 2, 81.48),
(205, '2074-05-19', '2017-09-04', 20, 1, 0),
(206, '2074-05-19', '2017-09-04', 20, 2, 190.29),
(207, '2074-05-19', '2017-09-04', 19, 1, 0),
(208, '2074-05-19', '2017-09-04', 19, 2, 1.76),
(209, '2074-05-19', '2017-09-04', 18, 1, 0),
(210, '2074-05-19', '2017-09-04', 18, 2, 192.59),
(211, '2074-05-20', '2017-09-05', 20, 1, 252.4),
(212, '2074-05-20', '2017-09-05', 20, 2, 91.18),
(213, '2074-05-20', '2017-09-05', 19, 1, 4.36),
(214, '2074-05-20', '2017-09-05', 19, 2, 0.87),
(215, '2074-05-20', '2017-09-05', 18, 1, 0),
(216, '2074-05-20', '2017-09-05', 18, 2, 92.88),
(217, '2074-05-25', '2017-09-10', 20, 1, 0),
(218, '2074-05-25', '2017-09-10', 20, 2, 173.2),
(219, '2074-05-25', '2017-09-10', 19, 1, 0),
(220, '2074-05-25', '2017-09-10', 19, 2, 1.61),
(221, '2074-05-25', '2017-09-10', 18, 1, 0),
(222, '2074-05-25', '2017-09-10', 18, 2, 175.02),
(223, '2074-05-26', '2017-09-11', 20, 1, 0),
(224, '2074-05-26', '2017-09-11', 20, 2, 170.32),
(225, '2074-05-26', '2017-09-11', 19, 1, 0),
(226, '2074-05-26', '2017-09-11', 19, 2, 1.56),
(227, '2074-05-26', '2017-09-11', 18, 1, 0),
(228, '2074-05-26', '2017-09-11', 18, 2, 168.61),
(229, '2074-05-27', '2017-09-12', 20, 1, 505.24),
(230, '2074-05-27', '2017-09-12', 20, 2, 0),
(231, '2074-05-27', '2017-09-12', 19, 1, 8.01),
(232, '2074-05-27', '2017-09-12', 19, 2, 0),
(233, '2074-05-27', '2017-09-12', 18, 1, 0),
(234, '2074-05-27', '2017-09-12', 18, 2, 0),
(235, '2074-05-28', '2017-09-13', 20, 1, 0),
(236, '2074-05-28', '2017-09-13', 20, 2, 171.36),
(237, '2074-05-28', '2017-09-13', 19, 1, 0),
(238, '2074-05-28', '2017-09-13', 19, 2, 1.57),
(239, '2074-05-28', '2017-09-13', 18, 1, 0),
(240, '2074-05-28', '2017-09-13', 18, 2, 171.27),
(241, '2074-05-29', '2017-09-14', 20, 1, 0),
(242, '2074-05-29', '2017-09-14', 20, 2, 114.35),
(243, '2074-05-29', '2017-09-14', 19, 1, 0),
(244, '2074-05-29', '2017-09-14', 19, 2, 1.05),
(245, '2074-05-29', '2017-09-14', 18, 1, 0),
(246, '2074-05-29', '2017-09-14', 18, 2, 116.27);

-- --------------------------------------------------------

--
-- Table structure for table `tbl_stocks`
--

CREATE TABLE `tbl_stocks` (
  `stock_id` int(11) NOT NULL,
  `material_id` varchar(256) NOT NULL,
  `amount` float NOT NULL,
  `department_id` int(11) NOT NULL
) ENGINE=InnoDB DEFAULT CHARSET=latin1;

--
-- Dumping data for table `tbl_stocks`
--

INSERT INTO `tbl_stocks` (`stock_id`, `material_id`, `amount`, `department_id`) VALUES
(1, '39', 14, 1),
(2, '38', 19.753, 1),
(3, '37', 24.43, 1),
(4, '35', 1184.54, 1),
(5, '36', 53.718, 1),
(6, '33', 107.713, 1),
(7, '31', 22.423, 1),
(8, '26', 22.92, 1),
(9, '28', 27.409, 1),
(10, '24', 22.749, 1),
(11, '22', 22.356, 1),
(12, '21', 149.803, 1),
(13, '12', 44, 1),
(14, '19', 85.2, 1),
(15, '18', 174.8, 1),
(16, '17', 181.3, 1),
(17, '64', 187.5, 1),
(18, '62', 210.5, 1),
(19, '11', 10283, 1),
(20, '10', 1499, 1),
(21, '49', 256.5, 1),
(22, '48', 300, 1),
(23, '47', 1999, 1),
(24, '54', 2080, 1),
(25, '55', 8820, 1),
(26, '48', 15, 3),
(27, '38', 40, 3),
(28, '36', 0, 3),
(29, '34', 50, 3),
(30, '31', 40, 3),
(31, '26', 100, 3),
(32, '24', 80, 3),
(33, '44', 25, 3),
(34, '22', 0, 3),
(35, '13', 98, 3),
(36, '55', 85, 3),
(37, '62', 156, 3),
(38, '60', 228, 3),
(39, '59', 101, 3),
(40, '27', 4.558, 5),
(41, '48', 3334.36, 5),
(42, '44', 1.293, 5),
(43, '29', 16.3, 5),
(44, '34', 16.19, 5),
(45, '11', 3013.85, 5),
(46, '10', 838.8, 5),
(47, '62', 0.384, 5),
(48, '49', 168.36, 5),
(49, '58', 128, 3),
(50, '47', 589.56, 5),
(51, '14', 76.6, 1),
(52, '52', 0, 3),
(53, '130', 4, 3),
(54, '56', 3001.4, 5),
(55, '41', 0.055, 5),
(56, '66', 2950.56, 5),
(57, '51', 111.331, 5),
(58, '50', 34.267, 5),
(59, '15', 165.664, 5),
(60, '16', 0.0000000000000568434, 5),
(61, '61', 123.858, 5),
(62, '57', 0, 3),
(63, '57', 1537.14, 5),
(64, '28', 204.738, 5),
(65, '25', 128.444, 5),
(66, '26', 48.446, 5),
(67, '24', 58.5, 5),
(68, '22', 78.458, 5),
(69, '21', 66.963, 5),
(70, '33', 188.226, 5),
(71, '32', 54.606, 5),
(72, '30', 61.709, 5),
(73, '31', 84.934, 5),
(74, '35', 308.017, 5),
(75, '1', 114.846, 5),
(76, '40', 85.607, 5),
(77, '37', 18, 5),
(78, '2', 3640, 1),
(79, '46', 17.084, 5),
(80, '35', 50, 3),
(81, '21', 50, 3);

-- --------------------------------------------------------

--
-- Table structure for table `tbl_time_losses`
--

CREATE TABLE `tbl_time_losses` (
  `tl_id` int(11) NOT NULL,
  `full_reason_id` int(11) NOT NULL,
  `date_np` varchar(256) NOT NULL,
  `date_en` date NOT NULL,
  `start_hr` varchar(256) NOT NULL,
  `start_min` int(11) NOT NULL,
  `end_hr` varchar(256) NOT NULL,
  `end_min` int(11) NOT NULL,
  `duration` int(11) NOT NULL,
  `shift` varchar(256) NOT NULL
) ENGINE=InnoDB DEFAULT CHARSET=latin1;

--
-- Dumping data for table `tbl_time_losses`
--

INSERT INTO `tbl_time_losses` (`tl_id`, `full_reason_id`, `date_np`, `date_en`, `start_hr`, `start_min`, `end_hr`, `end_min`, `duration`, `shift`) VALUES
(1, 59, '2073-04-02', '2016-07-17', '6', 0, '6', 40, 40, 'A'),
(3, 24, '2073-04-03', '2016-07-18', '9', 45, '10', 0, 15, 'A'),
(4, 58, '2073-04-03', '2016-07-18', '10', 0, '10', 15, 15, 'A'),
(5, 11, '2073-04-03', '2016-07-18', '12', 20, '12', 35, 15, 'A'),
(6, 38, '2073-04-03', '2016-07-18', '12', 35, '13', 35, 60, 'A'),
(7, 7, '2073-04-03', '2016-07-18', '18', 0, '18', 5, 5, 'B'),
(8, 45, '2073-04-03', '2016-07-18', '18', 20, '18', 35, 15, 'B'),
(9, 45, '2073-04-03', '2016-07-18', '23', 40, '0', 0, 20, 'B'),
(10, 6, '2073-04-03', '2016-07-18', '0', 3, '0', 8, 5, 'B'),
(11, 11, '2073-04-03', '2016-07-18', '3', 30, '3', 43, 13, 'B'),
(12, 11, '2073-04-03', '2016-07-18', '12', 20, '12', 35, 15, 'A'),
(13, 38, '2073-04-03', '2016-07-18', '12', 35, '13', 35, 60, 'A'),
(14, 45, '2073-04-03', '2016-07-18', '13', 35, '13', 55, 20, 'A'),
(15, 24, '2073-04-03', '2016-07-18', '21', 0, '21', 25, 25, 'B'),
(16, 58, '2073-04-03', '2016-07-18', '21', 25, '21', 45, 20, 'B'),
(17, 24, '2073-04-03', '2016-07-18', '5', 30, '5', 45, 15, 'B'),
(18, 58, '2073-04-03', '2016-07-18', '5', 45, '6', 0, 15, 'B'),
(19, 11, '2073-04-04', '2016-07-19', '7', 43, '7', 55, 12, 'A'),
(20, 5, '2073-04-04', '2016-07-19', '12', 35, '15', 0, 145, 'A'),
(21, 45, '2073-04-04', '2016-07-19', '15', 0, '15', 15, 15, 'A'),
(22, 11, '2073-04-04', '2016-07-19', '18', 0, '18', 15, 15, 'B'),
(23, 6, '2073-04-04', '2016-07-19', '0', 25, '0', 30, 5, 'B'),
(24, 45, '2073-04-04', '2016-07-19', '0', 30, '0', 50, 20, 'B'),
(28, 24, '2073-04-04', '2016-07-19', '17', 40, '17', 55, 15, 'A'),
(29, 58, '2073-04-04', '2016-07-19', '17', 55, '18', 0, 5, 'A'),
(30, 24, '2073-04-04', '2016-07-19', '5', 40, '5', 55, 15, 'B'),
(31, 58, '2073-04-04', '2016-07-19', '5', 55, '6', 0, 5, 'B'),
(32, 11, '2073-04-05', '2016-07-20', '9', 23, '9', 38, 15, 'A'),
(33, 38, '2073-04-05', '2016-07-20', '9', 38, '10', 38, 60, 'A'),
(34, 45, '2073-04-05', '2016-07-20', '10', 38, '10', 58, 20, 'A'),
(35, 7, '2073-04-05', '2016-07-20', '18', 25, '18', 30, 5, 'B'),
(36, 11, '2073-04-05', '2016-07-20', '22', 37, '22', 50, 13, 'B'),
(37, 45, '2073-04-05', '2016-07-20', '22', 50, '23', 10, 20, 'B'),
(38, 6, '2073-04-05', '2016-07-20', '23', 55, '0', 0, 5, 'B'),
(39, 11, '2073-04-05', '2016-07-20', '4', 55, '5', 8, 13, 'B'),
(40, 62, '2073-04-02', '2016-07-17', '6', 0, '7', 0, 60, 'A'),
(41, 63, '2073-04-02', '2016-07-17', '7', 0, '7', 30, 30, 'A'),
(42, 65, '2073-04-02', '2016-07-17', '10', 30, '15', 15, 285, 'A'),
(43, 36, '2073-04-02', '2016-07-17', '11', 15, '0', 40, 805, 'A'),
(44, 63, '2073-04-02', '2016-07-17', '11', 40, '0', 0, 740, 'A'),
(45, 63, '2073-04-02', '2016-07-17', '13', 30, '0', 0, 630, 'A'),
(46, 62, '2073-04-03', '2016-07-18', '6', 0, '6', 45, 45, 'A'),
(47, 63, '2073-04-03', '2016-07-18', '6', 45, '7', 15, 30, 'A'),
(48, 65, '2073-04-03', '2016-07-18', '9', 30, '10', 0, 30, 'A'),
(49, 63, '2073-04-03', '2016-07-18', '15', 0, '15', 30, 30, 'A'),
(52, 36, '2073-04-03', '2016-07-18', '15', 30, '15', 50, 20, 'A'),
(53, 62, '2073-04-04', '2016-07-19', '6', 0, '7', 0, 60, 'A'),
(54, 36, '2073-04-04', '2016-07-19', '7', 20, '7', 40, 20, 'A'),
(55, 63, '2073-04-04', '2016-07-19', '7', 40, '8', 30, 50, 'A'),
(56, 65, '2073-04-04', '2016-07-19', '9', 30, '10', 30, 60, 'A'),
(57, 65, '2073-04-04', '2016-07-19', '10', 40, '11', 10, 30, 'A'),
(58, 65, '2073-04-04', '2016-07-19', '13', 0, '14', 0, 60, 'A'),
(59, 36, '2073-04-04', '2016-07-19', '14', 0, '14', 30, 30, 'A'),
(60, 63, '2073-04-04', '2016-07-19', '14', 30, '15', 0, 30, 'A'),
(61, 65, '2073-04-04', '2016-07-19', '17', 0, '18', 0, 60, 'A'),
(62, 69, '2073-04-02', '2016-07-17', '18', 0, '6', 0, 720, 'B'),
(63, 69, '2073-04-03', '2016-07-18', '18', 0, '6', 0, 720, 'B'),
(64, 69, '2073-04-04', '2016-07-19', '18', 0, '6', 0, 720, 'B'),
(65, 62, '2073-04-05', '2016-07-20', '6', 0, '6', 45, 45, 'A'),
(66, 36, '2073-04-05', '2016-07-20', '6', 45, '7', 0, 15, 'A'),
(67, 63, '2073-04-05', '2016-07-20', '7', 0, '7', 30, 30, 'A'),
(68, 65, '2073-04-05', '2016-07-20', '10', 0, '11', 0, 60, 'A'),
(69, 36, '2073-04-05', '2016-07-20', '13', 15, '13', 40, 25, 'A'),
(70, 63, '2073-04-05', '2016-07-20', '13', 40, '14', 0, 20, 'A'),
(71, 63, '2073-04-05', '2016-07-20', '16', 0, '16', 20, 20, 'A'),
(72, 69, '2073-04-05', '2016-07-20', '18', 0, '6', 0, 720, 'B'),
(73, 24, '2073-04-06', '2016-07-21', '6', 0, '6', 15, 15, 'A'),
(74, 58, '2073-04-06', '2016-07-21', '6', 15, '6', 35, 20, 'A'),
(75, 62, '2073-04-06', '2016-07-21', '6', 0, '6', 30, 30, 'A'),
(76, 63, '2073-04-06', '2016-07-21', '6', 30, '6', 50, 20, 'A'),
(77, 63, '2073-04-06', '2016-07-21', '9', 30, '10', 0, 30, 'A'),
(78, 63, '2073-04-06', '2016-07-21', '12', 0, '12', 30, 30, 'A'),
(79, 65, '2073-04-06', '2016-07-21', '14', 30, '15', 15, 45, 'A'),
(80, 63, '2073-04-06', '2016-07-21', '15', 15, '15', 30, 15, 'A'),
(81, 63, '2073-04-06', '2016-07-21', '15', 15, '15', 30, 15, 'A'),
(82, 58, '2073-04-06', '2016-07-21', '20', 0, '20', 20, 20, 'B'),
(83, 24, '2073-04-07', '2016-07-22', '9', 0, '9', 15, 15, 'A'),
(84, 58, '2073-04-07', '2016-07-22', '9', 15, '9', 25, 10, 'A'),
(85, 48, '2073-04-06', '2016-07-21', '7', 0, '7', 30, 30, 'A'),
(89, 6, '2073-04-06', '2016-07-21', '0', 25, '0', 30, 5, 'B'),
(90, 11, '2073-04-06', '2016-07-21', '5', 33, '5', 45, 12, 'B'),
(92, 48, '2073-04-06', '2016-07-21', '6', 20, '6', 35, 15, 'A'),
(93, 7, '2073-04-06', '2016-07-21', '18', 0, '18', 5, 5, 'B'),
(94, 11, '2073-04-06', '2016-07-21', '19', 0, '19', 14, 14, 'B'),
(95, 11, '2073-04-06', '2016-07-21', '23', 50, '0', 5, 15, 'B'),
(96, 38, '2073-04-07', '2016-07-22', '6', 0, '6', 40, 40, 'A'),
(97, 45, '2073-04-07', '2016-07-22', '6', 40, '7', 5, 25, 'A'),
(98, 15, '2073-04-07', '2016-07-22', '14', 30, '16', 0, 90, 'A'),
(99, 45, '2073-04-07', '2016-07-22', '16', 0, '16', 20, 20, 'A'),
(100, 5, '2073-04-07', '2016-07-22', '16', 25, '16', 45, 20, 'A'),
(101, 7, '2073-04-07', '2016-07-22', '18', 0, '18', 5, 5, 'B'),
(102, 45, '2073-04-07', '2016-07-22', '18', 5, '18', 25, 20, 'B'),
(103, 11, '2073-04-07', '2016-07-22', '22', 5, '22', 20, 15, 'B'),
(104, 6, '2073-04-07', '2016-07-22', '0', 30, '0', 35, 5, 'B'),
(106, 62, '2073-04-07', '2016-07-22', '6', 0, '7', 0, 60, 'A'),
(107, 64, '2073-04-07', '2016-07-22', '10', 0, '10', 15, 15, 'A'),
(108, 36, '2073-04-07', '2016-07-22', '10', 15, '10', 30, 15, 'A'),
(109, 63, '2073-04-07', '2016-07-22', '10', 30, '11', 10, 40, 'A'),
(110, 63, '2073-04-07', '2016-07-22', '14', 0, '14', 15, 15, 'A'),
(111, 65, '2073-04-07', '2016-07-22', '15', 40, '16', 20, 40, 'A'),
(112, 36, '2073-04-07', '2016-07-22', '16', 20, '16', 40, 20, 'A'),
(113, 63, '2073-04-07', '2016-07-22', '16', 40, '17', 0, 20, 'A'),
(114, 59, '2073-04-09', '2016-07-24', '6', 0, '6', 30, 30, 'A'),
(115, 24, '2073-04-09', '2016-07-24', '15', 15, '15', 30, 15, 'A'),
(116, 58, '2073-04-09', '2016-07-24', '15', 30, '15', 40, 10, 'A'),
(117, 14, '2073-04-09', '2016-07-24', '6', 0, '6', 45, 45, 'A'),
(118, 45, '2073-04-09', '2016-07-24', '6', 45, '7', 5, 20, 'A'),
(119, 11, '2073-04-09', '2016-07-24', '10', 17, '10', 30, 13, 'A'),
(120, 45, '2073-04-09', '2016-07-24', '10', 30, '10', 50, 20, 'A'),
(121, 7, '2073-04-09', '2016-07-24', '14', 40, '14', 45, 5, 'A'),
(122, 7, '2073-04-09', '2016-07-24', '18', 0, '18', 5, 5, 'B'),
(123, 11, '2073-04-09', '2016-07-24', '19', 13, '19', 30, 17, 'B'),
(124, 38, '2073-04-09', '2016-07-24', '19', 30, '20', 30, 60, 'B'),
(125, 45, '2073-04-09', '2016-07-24', '20', 30, '20', 50, 20, 'B'),
(126, 6, '2073-04-09', '2016-07-24', '0', 0, '0', 5, 5, 'B'),
(127, 47, '2073-04-09', '2016-07-24', '0', 5, '1', 0, 55, 'B'),
(128, 47, '2073-04-09', '2016-07-24', '2', 30, '3', 0, 30, 'B'),
(129, 50, '2073-04-09', '2016-07-24', '4', 30, '6', 0, 90, 'B'),
(130, 51, '2073-04-09', '2016-07-24', '4', 45, '6', 0, 75, 'B'),
(131, 62, '2073-04-09', '2016-07-24', '6', 0, '7', 30, 90, 'A'),
(132, 65, '2073-04-09', '2016-07-24', '12', 20, '13', 0, 40, 'A'),
(133, 36, '2073-04-09', '2016-07-24', '13', 0, '13', 30, 30, 'A'),
(134, 63, '2073-04-09', '2016-07-24', '13', 30, '14', 30, 60, 'A'),
(135, 63, '2073-04-09', '2016-07-24', '17', 40, '18', 0, 20, 'A'),
(136, 63, '2073-04-09', '2016-07-24', '18', 0, '18', 40, 40, 'B'),
(137, 63, '2073-04-09', '2016-07-24', '20', 0, '20', 30, 30, 'B'),
(138, 65, '2073-04-09', '2016-07-24', '23', 30, '1', 20, 110, 'B'),
(142, 63, '2073-04-09', '2016-07-24', '1', 40, '2', 0, 20, 'B'),
(143, 63, '2073-04-09', '2016-07-24', '3', 15, '3', 40, 25, 'B'),
(144, 64, '2073-04-09', '2016-07-24', '5', 30, '6', 0, 30, 'B'),
(145, 36, '2073-04-09', '2016-07-24', '1', 20, '1', 40, 20, 'B'),
(146, 59, '2073-04-11', '2016-07-26', '6', 0, '6', 30, 30, 'A'),
(147, 24, '2073-04-11', '2016-07-26', '9', 0, '9', 15, 15, 'A'),
(148, 58, '2073-04-11', '2016-07-26', '9', 15, '9', 25, 10, 'A'),
(149, 62, '2073-04-11', '2016-07-26', '6', 0, '7', 30, 90, 'A'),
(150, 14, '2073-04-11', '2016-07-26', '6', 0, '6', 45, 45, 'A'),
(151, 45, '2073-04-11', '2016-07-26', '6', 45, '7', 5, 20, 'A'),
(152, 7, '2073-04-11', '2016-07-26', '10', 50, '10', 55, 5, 'A'),
(153, 6, '2073-04-11', '2016-07-26', '11', 25, '11', 30, 5, 'A'),
(154, 11, '2073-04-11', '2016-07-26', '16', 5, '16', 21, 16, 'A'),
(155, 45, '2073-04-11', '2016-07-26', '16', 21, '16', 41, 20, 'A'),
(156, 7, '2073-04-11', '2016-07-26', '17', 18, '17', 23, 5, 'A'),
(157, 6, '2073-04-11', '2016-07-26', '0', 0, '0', 5, 5, 'B'),
(158, 24, '2073-04-12', '2016-07-27', '12', 0, '12', 15, 15, 'A'),
(159, 58, '2073-04-12', '2016-07-27', '12', 15, '12', 30, 15, 'A'),
(160, 11, '2073-04-12', '2016-07-27', '6', 7, '6', 20, 13, 'A'),
(161, 7, '2073-04-12', '2016-07-27', '6', 20, '6', 25, 5, 'A'),
(162, 6, '2073-04-12', '2016-07-27', '6', 28, '6', 33, 5, 'A'),
(163, 11, '2073-04-12', '2016-07-27', '10', 46, '11', 0, 14, 'A'),
(164, 7, '2073-04-12', '2016-07-27', '12', 50, '12', 55, 5, 'A'),
(165, 7, '2073-04-12', '2016-07-27', '13', 32, '13', 37, 5, 'A'),
(166, 7, '2073-04-12', '2016-07-27', '18', 0, '18', 5, 5, 'B'),
(167, 38, '2073-04-12', '2016-07-27', '18', 20, '19', 20, 60, 'B'),
(168, 45, '2073-04-12', '2016-07-27', '19', 20, '19', 45, 25, 'B'),
(169, 6, '2073-04-12', '2016-07-27', '23', 53, '23', 58, 5, 'B'),
(170, 24, '2073-04-12', '2016-07-27', '23', 15, '23', 30, 15, 'B'),
(171, 58, '2073-04-12', '2016-07-27', '23', 30, '23', 50, 20, 'B'),
(172, 62, '2073-04-11', '2016-07-26', '7', 30, '9', 30, 120, 'A'),
(173, 63, '2073-04-11', '2016-07-26', '9', 30, '10', 15, 45, 'A'),
(174, 63, '2073-04-11', '2016-07-26', '13', 30, '14', 0, 30, 'A'),
(175, 64, '2073-04-11', '2016-07-26', '16', 40, '17', 30, 50, 'A'),
(176, 65, '2073-04-11', '2016-07-26', '17', 30, '18', 0, 30, 'A'),
(177, 62, '2073-04-11', '2016-07-26', '18', 0, '18', 40, 40, 'B'),
(178, 62, '2073-04-11', '2016-07-26', '18', 40, '19', 0, 20, 'B'),
(179, 63, '2073-04-11', '2016-07-26', '19', 0, '19', 30, 30, 'B'),
(180, 63, '2073-04-11', '2016-07-26', '21', 30, '22', 0, 30, 'B'),
(181, 63, '2073-04-11', '2016-07-26', '23', 45, '0', 15, 30, 'B'),
(182, 63, '2073-04-11', '2016-07-26', '2', 0, '2', 30, 30, 'B'),
(183, 64, '2073-04-11', '2016-07-26', '4', 20, '4', 40, 20, 'B'),
(184, 36, '2073-04-11', '2016-07-26', '4', 40, '5', 40, 60, 'B'),
(185, 62, '2073-04-12', '2016-07-27', '6', 0, '7', 0, 60, 'A'),
(186, 36, '2073-04-12', '2016-07-27', '7', 0, '7', 20, 20, 'A'),
(187, 62, '2073-04-12', '2016-07-27', '7', 20, '7', 40, 20, 'A'),
(188, 63, '2073-04-12', '2016-07-27', '7', 40, '8', 30, 50, 'A'),
(189, 36, '2073-04-12', '2016-07-27', '9', 20, '9', 40, 20, 'A'),
(190, 63, '2073-04-12', '2016-07-27', '11', 30, '12', 0, 30, 'A'),
(191, 63, '2073-04-12', '2016-07-27', '15', 0, '15', 30, 30, 'A'),
(192, 64, '2073-04-12', '2016-07-27', '17', 0, '17', 20, 20, 'A'),
(193, 65, '2073-04-12', '2016-07-27', '17', 20, '18', 0, 40, 'A'),
(194, 62, '2073-04-12', '2016-07-27', '18', 0, '18', 30, 30, 'B'),
(195, 36, '2073-04-12', '2016-07-27', '18', 30, '19', 0, 30, 'B'),
(196, 63, '2073-04-12', '2016-07-27', '19', 0, '19', 30, 30, 'B'),
(197, 64, '2073-04-12', '2016-07-27', '22', 0, '22', 30, 30, 'B'),
(198, 65, '2073-04-12', '2016-07-27', '22', 30, '23', 15, 45, 'B'),
(199, 63, '2073-04-12', '2016-07-27', '23', 15, '23', 45, 30, 'B'),
(200, 29, '2073-04-12', '2016-07-27', '0', 5, '0', 15, 10, 'B'),
(201, 63, '2073-04-12', '2016-07-27', '2', 30, '3', 0, 30, 'B'),
(202, 36, '2073-04-12', '2016-07-27', '3', 0, '3', 10, 10, 'B'),
(203, 45, '2073-04-13', '2016-07-28', '8', 0, '8', 20, 20, 'A'),
(204, 7, '2073-04-13', '2016-07-28', '14', 35, '14', 40, 5, 'A'),
(205, 45, '2073-04-13', '2016-07-28', '14', 40, '15', 0, 20, 'A'),
(206, 7, '2073-04-13', '2016-07-28', '15', 0, '15', 5, 5, 'A'),
(207, 6, '2073-04-13', '2016-07-28', '15', 31, '15', 36, 5, 'A'),
(208, 7, '2073-04-13', '2016-07-28', '15', 40, '15', 45, 5, 'A'),
(209, 11, '2073-04-13', '2016-07-28', '18', 0, '18', 14, 14, 'B'),
(210, 11, '2073-04-13', '2016-07-28', '0', 0, '0', 13, 13, 'B'),
(211, 24, '2073-04-13', '2016-07-28', '17', 45, '18', 0, 15, 'A'),
(212, 58, '2073-04-13', '2016-07-28', '18', 0, '18', 20, 20, 'B'),
(213, 64, '2073-04-13', '2016-07-28', '6', 0, '6', 30, 30, 'A'),
(214, 65, '2073-04-13', '2016-07-28', '6', 30, '7', 30, 60, 'A'),
(215, 36, '2073-04-13', '2016-07-28', '7', 30, '8', 0, 30, 'A'),
(216, 63, '2073-04-13', '2016-07-28', '8', 0, '8', 40, 40, 'A'),
(217, 68, '2073-04-13', '2016-07-28', '11', 20, '11', 40, 20, 'A'),
(218, 65, '2073-04-13', '2016-07-28', '11', 40, '12', 20, 40, 'A'),
(219, 36, '2073-04-13', '2016-07-28', '12', 20, '12', 35, 15, 'A'),
(220, 62, '2073-04-13', '2016-07-28', '12', 35, '13', 0, 25, 'A'),
(221, 63, '2073-04-13', '2016-07-28', '13', 0, '13', 20, 20, 'A'),
(222, 62, '2073-04-13', '2016-07-28', '13', 20, '14', 0, 40, 'A'),
(223, 65, '2073-04-13', '2016-07-28', '15', 0, '15', 30, 30, 'A'),
(224, 70, '2073-04-13', '2016-07-28', '15', 30, '15', 50, 20, 'A'),
(225, 36, '2073-04-13', '2016-07-28', '15', 50, '16', 0, 10, 'A'),
(226, 63, '2073-04-13', '2016-07-28', '16', 0, '16', 30, 30, 'A'),
(227, 63, '2073-04-13', '2016-07-28', '20', 0, '20', 20, 20, 'B'),
(228, 64, '2073-04-13', '2016-07-28', '22', 20, '22', 40, 20, 'B'),
(229, 36, '2073-04-13', '2016-07-28', '22', 40, '23', 15, 35, 'B'),
(230, 65, '2073-04-13', '2016-07-28', '23', 15, '0', 1, 46, 'B'),
(231, 63, '2073-04-13', '2016-07-28', '0', 0, '0', 15, 15, 'B'),
(232, 64, '2073-04-13', '2016-07-28', '2', 0, '2', 20, 20, 'B'),
(233, 65, '2073-04-13', '2016-07-28', '2', 20, '3', 0, 40, 'B'),
(234, 36, '2073-04-13', '2016-07-28', '3', 0, '3', 30, 30, 'B'),
(235, 63, '2073-04-13', '2016-07-28', '3', 30, '4', 0, 30, 'B'),
(236, 36, '2073-04-13', '2016-07-28', '4', 30, '4', 45, 15, 'B'),
(237, 24, '2073-04-14', '2016-07-29', '10', 0, '10', 15, 15, 'A'),
(238, 58, '2073-04-14', '2016-07-29', '10', 15, '10', 35, 20, 'A'),
(239, 24, '2073-04-14', '2016-07-29', '15', 30, '15', 45, 15, 'A'),
(240, 58, '2073-04-14', '2016-07-29', '15', 45, '15', 55, 10, 'A'),
(241, 11, '2073-04-14', '2016-07-29', '7', 5, '7', 18, 13, 'A'),
(242, 7, '2073-04-14', '2016-07-29', '7', 30, '7', 35, 5, 'A'),
(243, 6, '2073-04-14', '2016-07-29', '7', 54, '7', 59, 5, 'A'),
(244, 45, '2073-04-14', '2016-07-29', '9', 20, '9', 40, 20, 'A'),
(245, 7, '2073-04-14', '2016-07-29', '13', 10, '13', 15, 5, 'A'),
(246, 6, '2073-04-14', '2016-07-29', '13', 20, '13', 25, 5, 'A'),
(247, 11, '2073-04-14', '2016-07-29', '15', 0, '15', 17, 17, 'A'),
(248, 38, '2073-04-14', '2016-07-29', '15', 17, '16', 17, 60, 'A'),
(249, 45, '2073-04-14', '2016-07-29', '16', 17, '16', 43, 26, 'A'),
(250, 7, '2073-04-14', '2016-07-29', '18', 0, '18', 5, 5, 'B'),
(251, 6, '2073-04-14', '2016-07-29', '0', 3, '0', 8, 5, 'B'),
(252, 11, '2073-04-14', '2016-07-29', '1', 27, '1', 40, 13, 'B'),
(253, 45, '2073-04-14', '2016-07-29', '1', 40, '2', 0, 20, 'B'),
(254, 7, '2073-04-14', '2016-07-29', '3', 23, '3', 28, 5, 'B'),
(255, 6, '2073-04-14', '2016-07-29', '4', 15, '4', 20, 5, 'B'),
(256, 7, '2073-04-14', '2016-07-29', '4', 23, '4', 28, 5, 'B'),
(257, 6, '2073-04-14', '2016-07-29', '4', 30, '4', 35, 5, 'B'),
(258, 7, '2073-04-14', '2016-07-29', '4', 38, '4', 43, 5, 'B'),
(259, 43, '2073-04-14', '2016-07-29', '5', 30, '6', 0, 30, 'B'),
(260, 64, '2073-04-14', '2016-07-29', '6', 0, '6', 30, 30, 'A'),
(261, 65, '2073-04-14', '2016-07-29', '6', 30, '7', 30, 60, 'A'),
(262, 36, '2073-04-14', '2016-07-29', '7', 30, '8', 0, 30, 'A'),
(263, 63, '2073-04-14', '2016-07-29', '8', 0, '8', 45, 45, 'A'),
(264, 75, '2073-04-14', '2016-07-29', '8', 45, '13', 0, 255, 'A'),
(265, 64, '2073-04-14', '2016-07-29', '13', 0, '14', 0, 60, 'A'),
(266, 63, '2073-04-14', '2016-07-29', '14', 0, '14', 30, 30, 'A'),
(267, 64, '2073-04-14', '2016-07-29', '18', 0, '18', 30, 30, 'B'),
(268, 36, '2073-04-14', '2016-07-29', '18', 30, '18', 45, 15, 'B'),
(269, 65, '2073-04-14', '2016-07-29', '18', 45, '19', 30, 45, 'B'),
(271, 63, '2073-04-14', '2016-07-29', '19', 30, '20', 0, 30, 'B'),
(272, 64, '2073-04-14', '2016-07-29', '22', 30, '23', 0, 30, 'B'),
(273, 65, '2073-04-14', '2016-07-29', '23', 0, '23', 45, 45, 'B'),
(274, 63, '2073-04-14', '2016-07-29', '23', 45, '0', 15, 30, 'B'),
(275, 63, '2073-04-14', '2016-07-29', '2', 30, '3', 0, 30, 'B'),
(276, 63, '2073-04-14', '2016-07-29', '2', 30, '3', 0, 30, 'B'),
(277, 29, '2073-04-14', '2016-07-29', '3', 0, '5', 0, 120, 'B'),
(278, 14, '2073-04-16', '2016-07-31', '6', 0, '6', 20, 20, 'A'),
(279, 45, '2073-04-16', '2016-07-31', '6', 20, '6', 40, 20, 'A'),
(280, 7, '2073-04-16', '2016-07-31', '11', 1, '11', 6, 5, 'A'),
(281, 6, '2073-04-16', '2016-07-31', '11', 8, '11', 13, 5, 'A'),
(282, 7, '2073-04-16', '2016-07-31', '11', 44, '11', 49, 5, 'A'),
(283, 6, '2073-04-16', '2016-07-31', '12', 7, '12', 12, 5, 'A'),
(284, 7, '2073-04-16', '2016-07-31', '13', 13, '13', 18, 5, 'A'),
(285, 6, '2073-04-16', '2016-07-31', '13', 37, '13', 42, 5, 'A'),
(286, 7, '2073-04-16', '2016-07-31', '13', 50, '13', 55, 5, 'A'),
(287, 6, '2073-04-16', '2016-07-31', '14', 20, '14', 25, 5, 'A'),
(288, 11, '2073-04-16', '2016-07-31', '15', 0, '15', 15, 15, 'A'),
(289, 7, '2073-04-16', '2016-07-31', '15', 25, '15', 30, 5, 'A'),
(290, 6, '2073-04-16', '2016-07-31', '16', 20, '16', 25, 5, 'A'),
(291, 59, '2073-04-16', '2016-07-31', '6', 0, '6', 30, 30, 'A'),
(292, 24, '2073-04-16', '2016-07-31', '15', 0, '15', 15, 15, 'A'),
(293, 58, '2073-04-16', '2016-07-31', '15', 15, '15', 30, 15, 'A'),
(294, 7, '2073-04-16', '2016-07-31', '18', 0, '18', 5, 5, 'B'),
(295, 11, '2073-04-16', '2016-07-31', '21', 44, '21', 58, 14, 'B'),
(296, 6, '2073-04-16', '2016-07-31', '23', 55, '0', 0, 5, 'B'),
(297, 13, '2073-04-16', '2016-07-31', '4', 20, '5', 45, 85, 'B'),
(298, 42, '2073-04-16', '2016-07-31', '5', 45, '6', 0, 15, 'B'),
(299, 65, '2073-04-16', '2016-07-31', '6', 0, '7', 0, 60, 'A'),
(300, 36, '2073-04-16', '2016-07-31', '7', 0, '7', 30, 30, 'A'),
(301, 63, '2073-04-16', '2016-07-31', '7', 30, '8', 0, 30, 'A'),
(302, 63, '2073-04-16', '2016-07-31', '10', 0, '10', 30, 30, 'A'),
(303, 63, '2073-04-16', '2016-07-31', '12', 0, '12', 25, 25, 'A'),
(304, 64, '2073-04-16', '2016-07-31', '14', 30, '14', 50, 20, 'A'),
(305, 68, '2073-04-16', '2016-07-31', '15', 0, '17', 0, 120, 'A'),
(306, 65, '2073-04-16', '2016-07-31', '17', 0, '17', 30, 30, 'A'),
(307, 36, '2073-04-16', '2016-07-31', '17', 30, '18', 0, 30, 'A'),
(308, 69, '2073-04-16', '2016-07-31', '18', 0, '6', 0, 720, 'B'),
(309, 24, '2073-04-17', '2016-08-01', '7', 30, '7', 45, 15, 'A'),
(310, 58, '2073-04-17', '2016-08-01', '7', 45, '8', 0, 15, 'A'),
(311, 45, '2073-04-17', '2016-08-01', '6', 0, '6', 25, 25, 'A'),
(312, 47, '2073-04-17', '2016-08-01', '11', 0, '11', 15, 15, 'A'),
(313, 45, '2073-04-17', '2016-08-01', '11', 15, '11', 35, 20, 'A'),
(314, 39, '2073-04-17', '2016-08-01', '12', 30, '12', 40, 10, 'A'),
(315, 39, '2073-04-17', '2016-08-01', '13', 45, '13', 55, 10, 'A'),
(316, 39, '2073-04-17', '2016-08-01', '14', 30, '14', 40, 10, 'A'),
(317, 6, '2073-04-17', '2016-08-01', '15', 25, '15', 30, 5, 'A'),
(318, 39, '2073-04-17', '2016-08-01', '15', 40, '15', 50, 10, 'A'),
(319, 11, '2073-04-17', '2016-08-01', '17', 0, '17', 40, 40, 'A'),
(320, 45, '2073-04-17', '2016-08-01', '17', 40, '18', 0, 20, 'A'),
(322, 6, '2073-04-17', '2016-08-01', '0', 0, '0', 5, 5, 'B'),
(323, 7, '2073-04-17', '2016-08-01', '2', 45, '2', 50, 5, 'B'),
(324, 7, '2073-04-17', '2016-08-01', '18', 0, '18', 5, 5, 'B'),
(325, 24, '2073-04-17', '2016-08-01', '18', 25, '18', 40, 15, 'B'),
(326, 58, '2073-04-17', '2016-08-01', '18', 40, '19', 0, 20, 'B'),
(327, 26, '2073-04-17', '2016-08-01', '5', 40, '6', 0, 20, 'B'),
(328, 62, '2073-04-17', '2016-08-01', '6', 0, '6', 30, 30, 'A'),
(329, 63, '2073-04-17', '2016-08-01', '6', 30, '7', 0, 30, 'A'),
(330, 63, '2073-04-17', '2016-08-01', '10', 0, '10', 30, 30, 'A'),
(331, 62, '2073-04-17', '2016-08-01', '11', 0, '11', 30, 30, 'A'),
(332, 61, '2073-04-17', '2016-08-01', '11', 30, '12', 0, 30, 'A'),
(333, 64, '2073-04-17', '2016-08-01', '14', 0, '14', 30, 30, 'A'),
(334, 65, '2073-04-17', '2016-08-01', '14', 30, '15', 30, 60, 'A'),
(335, 36, '2073-04-17', '2016-08-01', '15', 30, '15', 50, 20, 'A'),
(336, 63, '2073-04-17', '2016-08-01', '15', 50, '16', 10, 20, 'A'),
(337, 29, '2073-04-17', '2016-08-01', '17', 50, '18', 0, 10, 'A'),
(338, 69, '2073-04-17', '2016-08-01', '18', 0, '6', 0, 720, 'B'),
(339, 58, '2073-04-18', '2016-08-02', '6', 0, '6', 20, 20, 'A'),
(340, 11, '2073-04-18', '2016-08-02', '8', 24, '8', 40, 16, 'A'),
(341, 38, '2073-04-18', '2016-08-02', '8', 40, '9', 40, 60, 'A'),
(342, 45, '2073-04-18', '2016-08-02', '9', 40, '10', 0, 20, 'A'),
(344, 7, '2073-04-18', '2016-08-02', '18', 4, '18', 9, 5, 'B'),
(345, 11, '2073-04-18', '2016-08-02', '18', 45, '19', 0, 15, 'B'),
(346, 11, '2073-04-18', '2016-08-02', '23', 36, '23', 50, 14, 'B'),
(347, 6, '2073-04-18', '2016-08-02', '0', 10, '0', 15, 5, 'B'),
(348, 7, '2073-04-18', '2016-08-02', '1', 14, '1', 19, 5, 'B'),
(349, 11, '2073-04-18', '2016-08-02', '3', 53, '4', 5, 12, 'B'),
(350, 62, '2073-04-18', '2016-08-02', '6', 0, '7', 0, 60, 'A'),
(351, 36, '2073-04-18', '2016-08-02', '7', 0, '7', 10, 10, 'A'),
(352, 63, '2073-04-18', '2016-08-02', '7', 10, '7', 30, 20, 'A'),
(353, 64, '2073-04-18', '2016-08-02', '9', 30, '10', 0, 30, 'A'),
(354, 65, '2073-04-18', '2016-08-02', '10', 0, '10', 30, 30, 'A'),
(355, 36, '2073-04-18', '2016-08-02', '10', 30, '11', 0, 30, 'A'),
(356, 63, '2073-04-18', '2016-08-02', '11', 0, '11', 30, 30, 'A'),
(357, 63, '2073-04-18', '2016-08-02', '14', 0, '14', 30, 30, 'A'),
(358, 64, '2073-04-18', '2016-08-02', '17', 30, '18', 0, 30, 'A'),
(359, 55, '2073-04-18', '2016-08-02', '18', 40, '20', 0, 80, 'B'),
(360, 24, '2073-04-19', '2016-08-03', '9', 0, '9', 15, 15, 'A'),
(361, 58, '2073-04-19', '2016-08-03', '9', 15, '9', 30, 15, 'A'),
(362, 11, '2073-04-19', '2016-08-03', '11', 13, '11', 30, 17, 'A'),
(363, 38, '2073-04-19', '2016-08-03', '11', 30, '12', 30, 60, 'A'),
(364, 45, '2073-04-19', '2016-08-03', '12', 30, '12', 55, 25, 'A'),
(365, 7, '2073-04-19', '2016-08-03', '18', 0, '18', 5, 5, 'B'),
(366, 6, '2073-04-19', '2016-08-03', '0', 0, '0', 5, 5, 'B'),
(368, 6, '2073-04-19', '2016-08-03', '0', 50, '0', 55, 5, 'B'),
(370, 7, '2073-04-19', '2016-08-03', '0', 34, '0', 39, 5, 'B'),
(371, 11, '2073-04-19', '2016-08-03', '5', 10, '5', 23, 13, 'B'),
(372, 24, '2073-04-20', '2016-08-04', '15', 15, '15', 30, 15, 'A'),
(373, 58, '2073-04-20', '2016-08-04', '15', 30, '15', 40, 10, 'A'),
(374, 11, '2073-04-20', '2016-08-04', '13', 5, '13', 19, 14, 'A'),
(375, 7, '2073-04-20', '2016-08-04', '16', 55, '17', 0, 5, 'A'),
(376, 6, '2073-04-20', '2016-08-04', '23', 38, '23', 43, 5, 'B'),
(377, 11, '2073-04-20', '2016-08-04', '1', 53, '2', 6, 13, 'B'),
(378, 62, '2073-04-19', '2016-08-03', '6', 0, '7', 0, 60, 'A'),
(379, 63, '2073-04-19', '2016-08-03', '7', 0, '7', 10, 10, 'A'),
(380, 64, '2073-04-19', '2016-08-03', '10', 0, '10', 30, 30, 'A'),
(381, 36, '2073-04-19', '2016-08-03', '10', 30, '10', 45, 15, 'A'),
(382, 63, '2073-04-19', '2016-08-03', '10', 45, '11', 0, 15, 'A'),
(383, 36, '2073-04-19', '2016-08-03', '13', 0, '13', 15, 15, 'A'),
(384, 63, '2073-04-19', '2016-08-03', '13', 15, '13', 30, 15, 'A'),
(385, 63, '2073-04-19', '2016-08-03', '15', 30, '15', 45, 15, 'A'),
(386, 64, '2073-04-19', '2016-08-03', '17', 45, '18', 0, 15, 'A'),
(387, 69, '2073-04-19', '2016-08-03', '18', 0, '6', 0, 720, 'B'),
(388, 62, '2073-04-20', '2016-08-04', '6', 0, '7', 0, 60, 'A'),
(389, 63, '2073-04-20', '2016-08-04', '7', 0, '7', 10, 10, 'A'),
(390, 36, '2073-04-20', '2016-08-04', '10', 0, '10', 20, 20, 'A'),
(391, 64, '2073-04-20', '2016-08-04', '9', 30, '10', 0, 30, 'A'),
(392, 65, '2073-04-20', '2016-08-04', '10', 20, '11', 0, 40, 'A'),
(393, 63, '2073-04-20', '2016-08-04', '11', 40, '12', 0, 20, 'A'),
(394, 63, '2073-04-20', '2016-08-04', '13', 0, '13', 20, 20, 'A'),
(395, 63, '2073-04-20', '2016-08-04', '14', 30, '14', 45, 15, 'A'),
(396, 64, '2073-04-20', '2016-08-04', '16', 30, '16', 50, 20, 'A'),
(397, 65, '2073-04-20', '2016-08-04', '16', 50, '17', 30, 40, 'A'),
(398, 36, '2073-04-20', '2016-08-04', '17', 30, '17', 45, 15, 'A'),
(399, 63, '2073-04-20', '2016-08-04', '17', 45, '18', 0, 15, 'A'),
(400, 63, '2073-04-20', '2016-08-04', '18', 0, '18', 40, 40, 'B'),
(401, 63, '2073-04-20', '2016-08-04', '20', 25, '20', 50, 25, 'B'),
(402, 64, '2073-04-20', '2016-08-04', '22', 0, '22', 30, 30, 'B'),
(403, 65, '2073-04-20', '2016-08-04', '22', 30, '23', 0, 30, 'B'),
(404, 36, '2073-04-20', '2016-08-04', '23', 0, '23', 25, 25, 'B'),
(405, 63, '2073-04-20', '2016-08-04', '23', 25, '23', 45, 20, 'B'),
(406, 63, '2073-04-20', '2016-08-04', '2', 0, '2', 20, 20, 'B'),
(407, 63, '2073-04-20', '2016-08-04', '4', 0, '4', 15, 15, 'B'),
(408, 58, '2073-04-21', '2016-08-05', '6', 0, '6', 20, 20, 'A'),
(409, 24, '2073-04-21', '2016-08-05', '16', 0, '16', 15, 15, 'A'),
(410, 58, '2073-04-21', '2016-08-05', '16', 15, '16', 25, 10, 'A'),
(411, 38, '2073-04-21', '2016-08-05', '7', 25, '8', 25, 60, 'A'),
(412, 45, '2073-04-21', '2016-08-05', '8', 25, '8', 50, 25, 'A'),
(413, 7, '2073-04-21', '2016-08-05', '13', 27, '13', 32, 5, 'A'),
(414, 7, '2073-04-21', '2016-08-05', '17', 0, '17', 5, 5, 'A'),
(415, 11, '2073-04-21', '2016-08-05', '22', 0, '22', 15, 15, 'B'),
(416, 7, '2073-04-21', '2016-08-05', '0', 35, '0', 40, 5, 'B'),
(417, 6, '2073-04-21', '2016-08-05', '23', 55, '0', 0, 5, 'B'),
(419, 6, '2073-04-21', '2016-08-05', '1', 58, '2', 3, 5, 'B'),
(420, 62, '2073-04-21', '2016-08-05', '6', 0, '7', 0, 60, 'A'),
(421, 63, '2073-04-21', '2016-08-05', '7', 0, '8', 0, 60, 'A'),
(422, 63, '2073-04-21', '2016-08-05', '10', 0, '10', 30, 30, 'A'),
(423, 63, '2073-04-21', '2016-08-05', '12', 0, '12', 30, 30, 'A'),
(424, 63, '2073-04-21', '2016-08-05', '14', 0, '14', 30, 30, 'A'),
(425, 64, '2073-04-21', '2016-08-05', '14', 45, '15', 0, 15, 'A'),
(426, 65, '2073-04-21', '2016-08-05', '15', 0, '15', 30, 30, 'A'),
(427, 62, '2073-04-21', '2016-08-05', '15', 30, '14', 45, 1395, 'A'),
(428, 64, '2073-04-21', '2016-08-05', '18', 0, '18', 30, 30, 'B'),
(429, 65, '2073-04-21', '2016-08-05', '18', 30, '19', 0, 30, 'B'),
(430, 63, '2073-04-21', '2016-08-05', '19', 0, '19', 20, 20, 'B'),
(431, 65, '2073-04-21', '2016-08-05', '22', 50, '23', 20, 30, 'B'),
(432, 63, '2073-04-21', '2016-08-05', '23', 20, '23', 45, 25, 'B'),
(433, 64, '2073-04-21', '2016-08-05', '1', 40, '2', 0, 20, 'B'),
(434, 65, '2073-04-21', '2016-08-05', '2', 0, '2', 40, 40, 'B'),
(435, 36, '2073-04-21', '2016-08-05', '2', 40, '3', 0, 20, 'B'),
(436, 63, '2073-04-21', '2016-08-05', '3', 0, '3', 35, 35, 'B'),
(437, 65, '2073-04-21', '2016-08-05', '5', 30, '6', 0, 30, 'B'),
(438, 14, '2073-04-23', '2016-08-07', '6', 0, '7', 0, 60, 'A'),
(439, 45, '2073-04-23', '2016-08-07', '7', 0, '7', 25, 25, 'A'),
(440, 7, '2073-04-23', '2016-08-07', '10', 21, '10', 26, 5, 'A'),
(441, 6, '2073-04-23', '2016-08-07', '10', 55, '11', 0, 5, 'A'),
(442, 11, '2073-04-23', '2016-08-07', '12', 20, '12', 35, 15, 'A'),
(443, 45, '2073-04-23', '2016-08-07', '12', 35, '13', 0, 25, 'A'),
(444, 59, '2073-04-23', '2016-08-07', '6', 0, '6', 30, 30, 'A'),
(445, 24, '2073-04-23', '2016-08-07', '13', 45, '14', 0, 15, 'A'),
(446, 58, '2073-04-23', '2016-08-07', '14', 0, '14', 15, 15, 'A'),
(447, 11, '2073-04-23', '2016-08-07', '17', 27, '17', 40, 13, 'A'),
(448, 7, '2073-04-23', '2016-08-07', '17', 55, '18', 0, 5, 'A'),
(450, 45, '2073-04-23', '2016-08-07', '21', 20, '21', 35, 15, 'B'),
(451, 6, '2073-04-23', '2016-08-07', '23', 53, '23', 58, 5, 'B'),
(452, 11, '2073-04-23', '2016-08-07', '3', 0, '3', 15, 15, 'B'),
(453, 38, '2073-04-23', '2016-08-07', '3', 15, '4', 15, 60, 'B'),
(454, 45, '2073-04-23', '2016-08-07', '4', 15, '4', 35, 20, 'B'),
(455, 24, '2073-04-23', '2016-08-07', '2', 40, '2', 55, 15, 'B'),
(456, 58, '2073-04-23', '2016-08-07', '2', 55, '3', 15, 20, 'B'),
(457, 62, '2073-04-23', '2016-08-07', '6', 0, '7', 0, 60, 'A'),
(458, 63, '2073-04-23', '2016-08-07', '8', 40, '9', 0, 20, 'A'),
(459, 64, '2073-04-23', '2016-08-07', '11', 40, '12', 0, 20, 'A'),
(460, 65, '2073-04-23', '2016-08-07', '12', 0, '13', 30, 90, 'A'),
(461, 29, '2073-04-23', '2016-08-07', '14', 0, '14', 15, 15, 'A'),
(462, 63, '2073-04-23', '2016-08-07', '13', 30, '14', 0, 30, 'A'),
(463, 64, '2073-04-23', '2016-08-07', '17', 30, '18', 0, 30, 'A'),
(464, 64, '2073-04-23', '2016-08-07', '18', 0, '18', 30, 30, 'B'),
(465, 65, '2073-04-23', '2016-08-07', '18', 30, '19', 15, 45, 'B'),
(466, 63, '2073-04-23', '2016-08-07', '19', 15, '19', 30, 15, 'B'),
(467, 63, '2073-04-23', '2016-08-07', '21', 0, '21', 20, 20, 'B'),
(468, 65, '2073-04-23', '2016-08-07', '23', 0, '23', 30, 30, 'B'),
(469, 63, '2073-04-23', '2016-08-07', '23', 30, '0', 0, 30, 'B'),
(470, 64, '2073-04-23', '2016-08-07', '2', 30, '3', 0, 30, 'B'),
(471, 65, '2073-04-23', '2016-08-07', '3', 0, '3', 45, 45, 'B'),
(472, 73, '2073-04-23', '2016-08-07', '3', 45, '5', 0, 75, 'B'),
(473, 63, '2073-04-23', '2016-08-07', '5', 0, '5', 15, 15, 'B'),
(474, 7, '2073-04-24', '2016-08-08', '7', 51, '7', 56, 5, 'A'),
(475, 7, '2073-04-24', '2016-08-08', '8', 22, '8', 27, 5, 'A'),
(476, 6, '2073-04-24', '2016-08-08', '8', 58, '9', 3, 5, 'A'),
(477, 7, '2073-04-24', '2016-08-08', '9', 39, '9', 44, 5, 'A'),
(479, 6, '2073-04-24', '2016-08-08', '10', 50, '10', 55, 5, 'A'),
(480, 7, '2073-04-24', '2016-08-08', '13', 14, '13', 19, 5, 'A'),
(481, 6, '2073-04-24', '2016-08-08', '15', 30, '15', 35, 5, 'A'),
(482, 7, '2073-04-24', '2016-08-08', '15', 58, '16', 3, 5, 'A'),
(483, 6, '2073-04-24', '2016-08-08', '16', 22, '16', 27, 5, 'A'),
(484, 7, '2073-04-24', '2016-08-08', '16', 55, '17', 0, 5, 'A'),
(485, 11, '2073-04-24', '2016-08-08', '20', 10, '20', 24, 14, 'B'),
(486, 45, '2073-04-24', '2016-08-08', '20', 24, '20', 39, 15, 'B'),
(487, 6, '2073-04-24', '2016-08-08', '0', 7, '0', 12, 5, 'B'),
(488, 62, '2073-04-24', '2016-08-08', '7', 0, '7', 30, 30, 'A'),
(489, 63, '2073-04-24', '2016-08-08', '10', 0, '10', 20, 20, 'A'),
(490, 61, '2073-04-24', '2016-08-08', '11', 20, '11', 35, 15, 'A'),
(491, 65, '2073-04-24', '2016-08-08', '14', 0, '15', 0, 60, 'A'),
(492, 62, '2073-04-24', '2016-08-08', '15', 0, '15', 30, 30, 'A'),
(493, 29, '2073-04-24', '2016-08-08', '16', 30, '17', 0, 30, 'A'),
(494, 63, '2073-04-24', '2016-08-08', '18', 0, '18', 30, 30, 'B'),
(495, 72, '2073-04-24', '2016-08-08', '18', 30, '19', 0, 30, 'B'),
(496, 63, '2073-04-24', '2016-08-08', '22', 0, '0', 30, 150, 'B'),
(497, 64, '2073-04-24', '2016-08-08', '1', 0, '1', 30, 30, 'B'),
(498, 65, '2073-04-24', '2016-08-08', '1', 30, '2', 30, 60, 'B'),
(499, 36, '2073-04-24', '2016-08-08', '2', 45, '3', 0, 15, 'B'),
(500, 63, '2073-04-24', '2016-08-08', '3', 0, '3', 30, 30, 'B'),
(501, 7, '2073-04-25', '2016-08-09', '7', 34, '7', 39, 5, 'A'),
(502, 6, '2073-04-25', '2016-08-09', '11', 42, '11', 47, 5, 'A'),
(503, 11, '2073-04-25', '2016-08-09', '13', 0, '13', 15, 15, 'A'),
(504, 38, '2073-04-25', '2016-08-09', '13', 15, '14', 15, 60, 'A'),
(505, 45, '2073-04-25', '2016-08-09', '14', 15, '14', 40, 25, 'A'),
(506, 7, '2073-04-25', '2016-08-09', '15', 35, '15', 40, 5, 'A'),
(507, 7, '2073-04-25', '2016-08-09', '18', 0, '18', 5, 5, 'B'),
(508, 6, '2073-04-25', '2016-08-09', '0', 3, '0', 8, 5, 'B'),
(509, 7, '2073-04-25', '2016-08-09', '1', 17, '1', 22, 5, 'B'),
(510, 6, '2073-04-25', '2016-08-09', '1', 33, '1', 38, 5, 'B'),
(511, 11, '2073-04-25', '2016-08-09', '2', 50, '3', 5, 15, 'B'),
(512, 45, '2073-04-25', '2016-08-09', '3', 5, '3', 20, 15, 'B'),
(513, 24, '2073-04-25', '2016-08-09', '4', 50, '5', 5, 15, 'B'),
(514, 58, '2073-04-25', '2016-08-09', '5', 5, '5', 20, 15, 'B'),
(515, 64, '2073-04-25', '2016-08-09', '6', 0, '6', 30, 30, 'A'),
(516, 65, '2073-04-25', '2016-08-09', '6', 30, '8', 0, 90, 'A'),
(517, 61, '2073-04-25', '2016-08-09', '8', 0, '8', 20, 20, 'A'),
(518, 36, '2073-04-25', '2016-08-09', '8', 20, '8', 40, 20, 'A'),
(519, 63, '2073-04-25', '2016-08-09', '8', 40, '9', 20, 40, 'A'),
(520, 63, '2073-04-25', '2016-08-09', '15', 0, '15', 30, 30, 'A'),
(521, 29, '2073-04-25', '2016-08-09', '16', 0, '16', 15, 15, 'A'),
(522, 64, '2073-04-25', '2016-08-09', '18', 0, '0', 40, 400, 'B'),
(523, 65, '2073-04-25', '2016-08-09', '18', 40, '19', 20, 40, 'B'),
(524, 36, '2073-04-25', '2016-08-09', '19', 20, '19', 50, 30, 'B'),
(525, 63, '2073-04-25', '2016-08-09', '19', 50, '20', 10, 20, 'B'),
(526, 63, '2073-04-25', '2016-08-09', '22', 30, '22', 45, 15, 'B'),
(527, 63, '2073-04-25', '2016-08-09', '1', 0, '1', 20, 20, 'B'),
(528, 65, '2073-04-25', '2016-08-09', '3', 0, '3', 40, 40, 'B'),
(529, 63, '2073-04-25', '2016-08-09', '3', 40, '4', 0, 20, 'B'),
(530, 11, '2073-04-26', '2016-08-10', '7', 22, '7', 34, 12, 'A'),
(531, 7, '2073-04-26', '2016-08-10', '9', 28, '9', 33, 5, 'A'),
(532, 6, '2073-04-26', '2016-08-10', '13', 0, '13', 5, 5, 'A'),
(533, 11, '2073-04-26', '2016-08-10', '15', 13, '15', 26, 13, 'A'),
(534, 7, '2073-04-26', '2016-08-10', '15', 33, '15', 38, 5, 'A'),
(535, 45, '2073-04-26', '2016-08-10', '19', 0, '19', 15, 15, 'B'),
(536, 6, '2073-04-26', '2016-08-10', '23', 47, '23', 52, 5, 'B'),
(537, 11, '2073-04-26', '2016-08-10', '2', 0, '2', 15, 15, 'B'),
(538, 38, '2073-04-26', '2016-08-10', '2', 15, '3', 15, 60, 'B'),
(539, 45, '2073-04-26', '2016-08-10', '3', 15, '3', 35, 20, 'B'),
(540, 24, '2073-04-26', '2016-08-10', '23', 30, '23', 45, 15, 'B'),
(541, 58, '2073-04-26', '2016-08-10', '23', 45, '0', 5, 20, 'B'),
(542, 64, '2073-04-26', '2016-08-10', '6', 0, '6', 30, 30, 'A'),
(543, 65, '2073-04-26', '2016-08-10', '6', 30, '7', 30, 60, 'A'),
(544, 36, '2073-04-26', '2016-08-10', '7', 30, '8', 0, 30, 'A'),
(545, 63, '2073-04-26', '2016-08-10', '8', 0, '8', 40, 40, 'A'),
(546, 63, '2073-04-26', '2016-08-10', '12', 30, '13', 0, 30, 'A'),
(547, 65, '2073-04-26', '2016-08-10', '14', 30, '15', 30, 60, 'A'),
(548, 36, '2073-04-26', '2016-08-10', '15', 30, '15', 40, 10, 'A'),
(549, 63, '2073-04-26', '2016-08-10', '15', 40, '16', 0, 20, 'A'),
(550, 69, '2073-04-26', '2016-08-10', '18', 0, '6', 0, 720, 'B'),
(551, 7, '2073-04-27', '2016-08-11', '6', 50, '6', 55, 5, 'A'),
(552, 6, '2073-04-27', '2016-08-11', '8', 50, '8', 55, 5, 'A'),
(553, 7, '2073-04-27', '2016-08-11', '9', 39, '9', 44, 5, 'A'),
(554, 6, '2073-04-27', '2016-08-11', '10', 13, '10', 18, 5, 'A'),
(555, 7, '2073-04-27', '2016-08-11', '10', 25, '10', 30, 5, 'A'),
(556, 6, '2073-04-27', '2016-08-11', '11', 22, '11', 27, 5, 'A'),
(557, 7, '2073-04-27', '2016-08-11', '12', 25, '12', 30, 5, 'A'),
(558, 6, '2073-04-27', '2016-08-11', '13', 39, '13', 44, 5, 'A'),
(559, 7, '2073-04-27', '2016-08-11', '13', 56, '14', 1, 5, 'A'),
(560, 7, '2073-04-27', '2016-08-11', '14', 50, '14', 55, 5, 'A'),
(561, 24, '2073-04-27', '2016-08-11', '19', 10, '19', 25, 15, 'B'),
(562, 58, '2073-04-27', '2016-08-11', '19', 25, '19', 45, 20, 'B'),
(563, 7, '2073-04-27', '2016-08-11', '16', 54, '16', 59, 5, 'A'),
(564, 11, '2073-04-27', '2016-08-11', '17', 5, '17', 25, 20, 'A'),
(565, 45, '2073-04-27', '2016-08-11', '17', 25, '17', 40, 15, 'A'),
(566, 7, '2073-04-27', '2016-08-11', '18', 0, '18', 5, 5, 'B'),
(567, 6, '2073-04-27', '2016-08-11', '0', 0, '0', 5, 5, 'B'),
(568, 7, '2073-04-27', '2016-08-11', '0', 40, '0', 45, 5, 'B'),
(569, 6, '2073-04-27', '2016-08-11', '1', 5, '1', 10, 5, 'B'),
(570, 48, '2073-04-27', '2016-08-11', '2', 0, '3', 0, 60, 'B'),
(571, 24, '2073-04-27', '2016-08-11', '19', 10, '19', 25, 15, 'B'),
(572, 58, '2073-04-27', '2016-08-11', '19', 25, '19', 45, 20, 'B'),
(573, 65, '2073-04-27', '2016-08-11', '6', 0, '6', 40, 40, 'A'),
(574, 36, '2073-04-27', '2016-08-11', '6', 40, '7', 0, 20, 'A'),
(575, 63, '2073-04-27', '2016-08-11', '7', 0, '7', 30, 30, 'A'),
(576, 63, '2073-04-27', '2016-08-11', '10', 30, '10', 50, 20, 'A'),
(577, 63, '2073-04-27', '2016-08-11', '12', 40, '13', 0, 20, 'A'),
(578, 65, '2073-04-27', '2016-08-11', '14', 30, '15', 0, 30, 'A'),
(579, 36, '2073-04-27', '2016-08-11', '15', 0, '15', 20, 20, 'A'),
(580, 63, '2073-04-27', '2016-08-11', '15', 20, '15', 40, 20, 'A'),
(581, 69, '2073-04-27', '2016-08-11', '18', 0, '6', 0, 720, 'B'),
(582, 7, '2073-04-28', '2016-08-12', '9', 30, '9', 35, 5, 'A'),
(583, 11, '2073-04-28', '2016-08-12', '10', 58, '11', 13, 15, 'A'),
(584, 45, '2073-04-28', '2016-08-12', '11', 13, '11', 28, 15, 'A'),
(585, 11, '2073-04-28', '2016-08-12', '18', 15, '18', 30, 15, 'B'),
(586, 38, '2073-04-28', '2016-08-12', '18', 30, '19', 30, 60, 'B'),
(587, 45, '2073-04-28', '2016-08-12', '19', 30, '19', 50, 20, 'B'),
(588, 24, '2073-04-28', '2016-08-12', '21', 10, '21', 25, 15, 'B'),
(589, 58, '2073-04-28', '2016-08-12', '21', 25, '21', 45, 20, 'B'),
(590, 43, '2073-04-28', '2016-08-12', '5', 40, '6', 0, 20, 'B'),
(591, 65, '2073-04-28', '2016-08-12', '6', 0, '7', 0, 60, 'A'),
(592, 61, '2073-04-28', '2016-08-12', '7', 0, '7', 30, 30, 'A'),
(593, 63, '2073-04-28', '2016-08-12', '8', 0, '8', 30, 30, 'A'),
(594, 63, '2073-04-28', '2016-08-12', '12', 30, '13', 0, 30, 'A'),
(595, 64, '2073-04-28', '2016-08-12', '15', 0, '15', 20, 20, 'A'),
(596, 65, '2073-04-28', '2016-08-12', '15', 20, '16', 0, 40, 'A'),
(597, 36, '2073-04-28', '2016-08-12', '16', 0, '16', 20, 20, 'A'),
(598, 63, '2073-04-28', '2016-08-12', '16', 20, '16', 40, 20, 'A'),
(599, 69, '2073-04-28', '2016-08-12', '18', 0, '6', 0, 720, 'A'),
(600, 59, '2073-04-30', '2016-08-14', '6', 0, '6', 30, 30, 'A'),
(601, 14, '2073-04-30', '2016-08-14', '6', 0, '6', 35, 35, 'A'),
(602, 45, '2073-04-30', '2016-08-14', '6', 35, '7', 0, 25, 'A'),
(603, 7, '2073-04-30', '2016-08-14', '13', 5, '13', 10, 5, 'A'),
(604, 6, '2073-04-30', '2016-08-14', '14', 2, '14', 7, 5, 'A'),
(605, 11, '2073-04-30', '2016-08-14', '17', 33, '17', 47, 14, 'A'),
(606, 7, '2073-04-30', '2016-08-14', '18', 0, '18', 5, 5, 'B'),
(607, 6, '2073-04-30', '2016-08-14', '23', 10, '23', 15, 5, 'B'),
(608, 24, '2073-04-30', '2016-08-14', '18', 45, '19', 0, 15, 'B'),
(609, 58, '2073-04-30', '2016-08-14', '19', 0, '19', 15, 15, 'B'),
(610, 62, '2073-04-30', '2016-08-14', '6', 0, '6', 30, 30, 'A'),
(611, 63, '2073-04-30', '2016-08-14', '6', 30, '7', 0, 30, 'A'),
(612, 64, '2073-04-30', '2016-08-14', '9', 0, '9', 20, 20, 'A'),
(613, 36, '2073-04-30', '2016-08-14', '9', 25, '9', 35, 10, 'A'),
(614, 65, '2073-04-30', '2016-08-14', '9', 35, '10', 0, 25, 'A'),
(615, 63, '2073-04-30', '2016-08-14', '10', 0, '10', 10, 10, 'A'),
(616, 63, '2073-04-30', '2016-08-14', '11', 30, '11', 50, 20, 'A'),
(617, 65, '2073-04-30', '2016-08-14', '13', 45, '14', 30, 45, 'A'),
(618, 36, '2073-04-30', '2016-08-14', '13', 30, '13', 45, 15, 'A'),
(619, 63, '2073-04-30', '2016-08-14', '14', 30, '14', 45, 15, 'A'),
(620, 63, '2073-04-30', '2016-08-14', '18', 0, '18', 40, 40, 'B'),
(621, 64, '2073-04-30', '2016-08-14', '22', 30, '23', 0, 30, 'B'),
(622, 65, '2073-04-30', '2016-08-14', '23', 0, '0', 30, 90, 'B'),
(623, 36, '2073-04-30', '2016-08-14', '0', 30, '0', 50, 20, 'B'),
(624, 63, '2073-04-30', '2016-08-14', '0', 50, '1', 20, 30, 'B'),
(625, 36, '2073-04-30', '2016-08-14', '1', 40, '2', 0, 20, 'B'),
(626, 64, '2073-04-30', '2016-08-14', '4', 20, '4', 45, 25, 'B'),
(627, 65, '2073-04-30', '2016-08-14', '4', 45, '5', 45, 60, 'B'),
(628, 11, '2073-04-31', '2016-08-15', '6', 10, '6', 25, 15, 'A'),
(629, 38, '2073-04-31', '2016-08-15', '6', 25, '7', 25, 60, 'A'),
(630, 45, '2073-04-31', '2016-08-15', '7', 25, '7', 50, 25, 'A'),
(631, 7, '2073-04-31', '2016-08-15', '13', 27, '13', 32, 5, 'A'),
(632, 6, '2073-04-31', '2016-08-15', '14', 7, '14', 12, 5, 'A'),
(633, 7, '2073-04-31', '2016-08-15', '15', 5, '15', 10, 5, 'A'),
(634, 6, '2073-04-31', '2016-08-15', '15', 46, '15', 51, 5, 'A'),
(636, 11, '2073-04-31', '2016-08-15', '18', 10, '18', 28, 18, 'B'),
(637, 11, '2073-04-31', '2016-08-15', '22', 30, '22', 44, 14, 'B'),
(638, 6, '2073-04-31', '2016-08-15', '23', 15, '23', 20, 5, 'B'),
(639, 23, '2073-04-31', '2016-08-15', '20', 45, '21', 5, 20, 'B'),
(640, 58, '2073-04-31', '2016-08-15', '21', 5, '21', 20, 15, 'B'),
(641, 64, '2073-04-31', '2016-08-15', '6', 0, '6', 30, 30, 'A'),
(642, 65, '2073-04-31', '2016-08-15', '6', 30, '7', 30, 60, 'A'),
(643, 36, '2073-04-31', '2016-08-15', '7', 30, '7', 50, 20, 'A'),
(644, 63, '2073-04-31', '2016-08-15', '7', 50, '8', 15, 25, 'A'),
(645, 63, '2073-04-31', '2016-08-15', '10', 0, '10', 30, 30, 'A'),
(646, 63, '2073-04-31', '2016-08-15', '12', 0, '12', 20, 20, 'A'),
(647, 64, '2073-04-31', '2016-08-15', '14', 0, '14', 20, 20, 'A'),
(648, 65, '2073-04-31', '2016-08-15', '14', 20, '14', 45, 25, 'A'),
(649, 36, '2073-04-31', '2016-08-15', '14', 45, '15', 0, 15, 'A'),
(650, 63, '2073-04-31', '2016-08-15', '15', 0, '15', 30, 30, 'A'),
(651, 70, '2073-04-31', '2016-08-15', '18', 0, '20', 0, 120, 'B'),
(652, 63, '2073-04-31', '2016-08-15', '20', 0, '20', 30, 30, 'B'),
(653, 64, '2073-04-31', '2016-08-15', '22', 0, '22', 20, 20, 'B'),
(654, 65, '2073-04-31', '2016-08-15', '23', 40, '0', 40, 60, 'B'),
(655, 36, '2073-04-31', '2016-08-15', '0', 40, '1', 0, 20, 'B'),
(656, 64, '2073-04-31', '2016-08-15', '1', 0, '1', 15, 15, 'B'),
(657, 63, '2073-04-31', '2016-08-15', '1', 0, '1', 15, 15, 'B'),
(658, 65, '2073-04-31', '2016-08-15', '3', 0, '3', 30, 30, 'B'),
(659, 63, '2073-04-31', '2016-08-15', '3', 30, '4', 0, 30, 'B'),
(660, 24, '2073-04-32', '2016-08-16', '10', 30, '10', 45, 15, 'A'),
(661, 58, '2073-04-32', '2016-08-16', '10', 45, '11', 0, 15, 'A'),
(662, 11, '2073-04-32', '2016-08-16', '6', 0, '6', 13, 13, 'A'),
(663, 11, '2073-04-32', '2016-08-16', '9', 5, '9', 20, 15, 'A'),
(664, 38, '2073-04-32', '2016-08-16', '9', 20, '10', 20, 60, 'A'),
(665, 45, '2073-04-32', '2016-08-16', '10', 20, '10', 45, 25, 'A'),
(666, 7, '2073-04-32', '2016-08-16', '10', 59, '11', 4, 5, 'A'),
(667, 6, '2073-04-32', '2016-08-16', '11', 57, '12', 2, 5, 'A'),
(668, 7, '2073-04-32', '2016-08-16', '13', 25, '13', 30, 5, 'A'),
(669, 6, '2073-04-32', '2016-08-16', '14', 3, '14', 8, 5, 'A'),
(670, 7, '2073-04-32', '2016-08-16', '17', 40, '17', 45, 5, 'A'),
(672, 11, '2073-04-32', '2016-08-16', '0', 47, '1', 0, 13, 'B'),
(673, 6, '2073-04-32', '2016-08-16', '0', 5, '0', 10, 5, 'B'),
(674, 45, '2073-04-32', '2016-08-16', '1', 0, '1', 15, 15, 'B'),
(675, 62, '2073-04-32', '2016-08-16', '6', 0, '6', 30, 30, 'A'),
(676, 63, '2073-04-32', '2016-08-16', '6', 30, '7', 0, 30, 'A'),
(677, 36, '2073-04-32', '2016-08-16', '10', 30, '10', 40, 10, 'A'),
(678, 64, '2073-04-32', '2016-08-16', '10', 40, '11', 0, 20, 'A'),
(679, 65, '2073-04-32', '2016-08-16', '11', 0, '11', 45, 45, 'A'),
(680, 63, '2073-04-32', '2016-08-16', '11', 45, '12', 15, 30, 'A'),
(681, 70, '2073-04-32', '2016-08-16', '12', 15, '13', 30, 75, 'A'),
(682, 63, '2073-04-32', '2016-08-16', '15', 30, '16', 0, 30, 'A'),
(683, 64, '2073-04-32', '2016-08-16', '18', 0, '18', 30, 30, 'B'),
(684, 65, '2073-04-32', '2016-08-16', '18', 30, '19', 30, 60, 'B'),
(685, 63, '2073-04-32', '2016-08-16', '19', 30, '20', 0, 30, 'B'),
(686, 64, '2073-04-32', '2016-08-16', '22', 30, '23', 15, 45, 'B'),
(687, 36, '2073-04-32', '2016-08-16', '23', 15, '23', 40, 25, 'B'),
(688, 63, '2073-04-32', '2016-08-16', '23', 40, '0', 15, 35, 'B'),
(689, 63, '2073-04-32', '2016-08-16', '3', 0, '3', 30, 30, 'B'),
(690, 64, '2073-04-32', '2016-08-16', '5', 40, '6', 0, 20, 'B'),
(691, 24, '2073-04-32', '2016-08-16', '18', 15, '18', 30, 15, 'B'),
(692, 58, '2073-04-32', '2016-08-16', '18', 30, '18', 45, 15, 'B'),
(693, 7, '2073-05-01', '2016-08-17', '7', 9, '7', 14, 5, 'A'),
(694, 6, '2073-05-01', '2016-08-17', '12', 21, '12', 26, 5, 'A'),
(695, 11, '2073-05-01', '2016-08-17', '13', 27, '13', 43, 16, 'A'),
(696, 38, '2073-05-01', '2016-08-17', '13', 43, '14', 43, 60, 'A'),
(697, 45, '2073-05-01', '2016-08-17', '14', 43, '15', 5, 22, 'A'),
(698, 7, '2073-05-01', '2016-08-17', '18', 24, '18', 29, 5, 'B'),
(699, 6, '2073-05-01', '2016-08-17', '22', 51, '22', 56, 5, 'B'),
(700, 7, '2073-05-01', '2016-08-17', '1', 35, '1', 40, 5, 'B'),
(701, 64, '2073-05-01', '2016-08-17', '6', 0, '6', 30, 30, 'A'),
(702, 6, '2073-05-01', '2016-08-17', '2', 31, '2', 36, 5, 'B'),
(703, 65, '2073-05-01', '2016-08-17', '6', 30, '7', 30, 60, 'A'),
(704, 65, '2073-05-01', '2016-08-17', '6', 30, '7', 30, 60, 'A'),
(705, 63, '2073-05-01', '2016-08-17', '7', 30, '8', 0, 30, 'A'),
(706, 43, '2073-05-01', '2016-08-17', '5', 30, '6', 0, 30, 'B'),
(707, 63, '2073-05-01', '2016-08-17', '10', 45, '11', 15, 30, 'A'),
(708, 63, '2073-05-01', '2016-08-17', '14', 0, '14', 30, 30, 'A'),
(709, 64, '2073-05-01', '2016-08-17', '17', 30, '18', 0, 30, 'A'),
(710, 65, '2073-05-01', '2016-08-17', '18', 0, '19', 0, 60, 'B'),
(711, 36, '2073-05-01', '2016-08-17', '19', 0, '19', 20, 20, 'B'),
(712, 63, '2073-05-01', '2016-08-17', '19', 20, '19', 40, 20, 'B'),
(713, 63, '2073-05-01', '2016-08-17', '22', 0, '22', 25, 25, 'B'),
(714, 63, '2073-05-01', '2016-08-17', '2', 30, '3', 0, 30, 'B'),
(715, 64, '2073-05-01', '2016-08-17', '5', 30, '6', 0, 30, 'B'),
(716, 59, '2073-05-03', '2016-08-19', '6', 0, '6', 30, 30, 'A'),
(719, 24, '2073-05-03', '2016-08-19', '12', 10, '12', 25, 15, 'A'),
(720, 58, '2073-05-03', '2016-08-19', '12', 25, '12', 35, 10, 'A'),
(721, 11, '2073-05-03', '2016-08-19', '6', 0, '6', 16, 16, 'A'),
(722, 14, '2073-05-03', '2016-08-19', '6', 16, '6', 40, 24, 'A'),
(724, 48, '2073-05-03', '2016-08-19', '8', 30, '10', 0, 90, 'A'),
(725, 7, '2073-05-03', '2016-08-19', '13', 30, '13', 35, 5, 'A'),
(726, 6, '2073-05-03', '2016-08-19', '14', 37, '14', 42, 5, 'A'),
(727, 7, '2073-05-03', '2016-08-19', '15', 25, '15', 30, 5, 'A'),
(728, 6, '2073-05-03', '2016-08-19', '15', 55, '16', 0, 5, 'A'),
(731, 7, '2073-05-03', '2016-08-19', '18', 4, '18', 9, 5, 'B'),
(732, 11, '2073-05-03', '2016-08-19', '21', 18, '21', 34, 16, 'B'),
(733, 38, '2073-05-03', '2016-08-19', '21', 34, '22', 34, 60, 'B'),
(734, 45, '2073-05-03', '2016-08-19', '22', 34, '22', 54, 20, 'B'),
(735, 6, '2073-05-03', '2016-08-19', '23', 19, '23', 24, 5, 'B'),
(736, 59, '2073-05-05', '2016-08-21', '6', 0, '6', 30, 30, 'A'),
(737, 64, '2073-05-03', '2016-08-19', '6', 0, '6', 30, 30, 'A'),
(738, 65, '2073-05-03', '2016-08-19', '6', 30, '7', 30, 60, 'A'),
(739, 36, '2073-05-03', '2016-08-19', '7', 30, '7', 45, 15, 'A'),
(740, 63, '2073-05-03', '2016-08-19', '7', 45, '8', 15, 30, 'A'),
(741, 63, '2073-05-03', '2016-08-19', '10', 0, '10', 30, 30, 'A'),
(742, 64, '2073-05-03', '2016-08-19', '12', 30, '13', 0, 30, 'A'),
(743, 65, '2073-05-03', '2016-08-19', '13', 0, '13', 40, 40, 'A'),
(744, 63, '2073-05-03', '2016-08-19', '13', 40, '14', 0, 20, 'A'),
(745, 33, '2073-05-03', '2016-08-19', '15', 30, '15', 45, 15, 'A'),
(746, 63, '2073-05-03', '2016-08-19', '16', 0, '16', 25, 25, 'A'),
(747, 63, '2073-05-03', '2016-08-19', '18', 0, '0', 40, 400, 'B'),
(748, 63, '2073-05-03', '2016-08-19', '18', 0, '18', 40, 40, 'B'),
(749, 65, '2073-05-03', '2016-08-19', '20', 45, '21', 45, 60, 'B'),
(750, 73, '2073-05-03', '2016-08-19', '21', 45, '1', 30, 225, 'B'),
(751, 63, '2073-05-03', '2016-08-19', '1', 30, '2', 0, 30, 'B'),
(752, 63, '2073-05-03', '2016-08-19', '3', 40, '4', 0, 20, 'B'),
(753, 64, '2073-05-03', '2016-08-19', '5', 40, '6', 0, 20, 'B'),
(754, 24, '2073-05-05', '2016-08-21', '10', 0, '10', 15, 15, 'A'),
(755, 58, '2073-05-05', '2016-08-21', '10', 15, '10', 25, 10, 'A'),
(756, 62, '2073-05-05', '2016-08-21', '6', 0, '6', 30, 30, 'A'),
(757, 64, '2073-05-05', '2016-08-21', '9', 0, '9', 20, 20, 'A'),
(758, 65, '2073-05-05', '2016-08-21', '9', 20, '10', 40, 80, 'A'),
(759, 36, '2073-05-05', '2016-08-21', '10', 40, '11', 0, 20, 'A'),
(760, 63, '2073-05-05', '2016-08-21', '11', 0, '11', 30, 30, 'A'),
(761, 64, '2073-05-05', '2016-08-21', '13', 40, '14', 0, 20, 'A'),
(762, 65, '2073-05-05', '2016-08-21', '14', 0, '15', 0, 60, 'A'),
(763, 36, '2073-05-05', '2016-08-21', '15', 0, '15', 30, 30, 'A'),
(764, 63, '2073-05-05', '2016-08-21', '15', 30, '16', 0, 30, 'A'),
(765, 62, '2073-05-05', '2016-08-21', '18', 0, '18', 20, 20, 'B'),
(766, 63, '2073-05-05', '2016-08-21', '18', 20, '18', 40, 20, 'B'),
(767, 64, '2073-05-05', '2016-08-21', '20', 30, '21', 0, 30, 'B'),
(768, 65, '2073-05-05', '2016-08-21', '21', 0, '21', 30, 30, 'B'),
(769, 36, '2073-05-05', '2016-08-21', '21', 30, '21', 50, 20, 'B'),
(770, 63, '2073-05-05', '2016-08-21', '21', 50, '22', 0, 10, 'B'),
(771, 63, '2073-05-05', '2016-08-21', '0', 30, '0', 45, 15, 'B'),
(772, 64, '2073-05-05', '2016-08-21', '3', 30, '4', 0, 30, 'B'),
(773, 65, '2073-05-05', '2016-08-21', '4', 0, '4', 30, 30, 'B'),
(774, 63, '2073-05-05', '2016-08-21', '4', 30, '4', 50, 20, 'B'),
(775, 14, '2073-05-05', '2016-08-21', '6', 0, '6', 40, 40, 'A'),
(776, 45, '2073-05-05', '2016-08-21', '6', 40, '7', 0, 20, 'A'),
(777, 7, '2073-05-05', '2016-08-21', '14', 18, '14', 23, 5, 'A'),
(778, 6, '2073-05-05', '2016-08-21', '15', 19, '15', 24, 5, 'A'),
(779, 7, '2073-05-05', '2016-08-21', '18', 0, '18', 5, 5, 'B'),
(780, 11, '2073-05-05', '2016-08-21', '21', 13, '21', 27, 14, 'B'),
(781, 38, '2073-05-05', '2016-08-21', '21', 27, '22', 27, 60, 'B'),
(782, 45, '2073-05-05', '2016-08-21', '22', 27, '22', 47, 20, 'B'),
(783, 7, '2073-05-06', '2016-08-22', '16', 24, '16', 29, 5, 'A'),
(784, 6, '2073-05-06', '2016-08-22', '16', 59, '17', 4, 5, 'A'),
(785, 11, '2073-05-06', '2016-08-22', '18', 0, '18', 13, 13, 'B'),
(786, 45, '2073-05-06', '2016-08-22', '18', 13, '18', 33, 20, 'B'),
(787, 6, '2073-05-06', '2016-08-22', '23', 5, '23', 10, 5, 'B'),
(788, 45, '2073-05-06', '2016-08-22', '2', 10, '2', 25, 15, 'B'),
(789, 62, '2073-05-06', '2016-08-22', '6', 0, '6', 30, 30, 'A'),
(790, 63, '2073-05-06', '2016-08-22', '9', 30, '10', 0, 30, 'A'),
(791, 63, '2073-05-06', '2016-08-22', '12', 30, '13', 0, 30, 'A'),
(792, 65, '2073-05-06', '2016-08-22', '14', 30, '15', 20, 50, 'A'),
(793, 63, '2073-05-06', '2016-08-22', '15', 20, '15', 40, 20, 'A'),
(794, 33, '2073-05-06', '2016-08-22', '16', 20, '16', 30, 10, 'A'),
(795, 29, '2073-05-06', '2016-08-22', '16', 40, '17', 0, 20, 'A'),
(796, 64, '2073-05-06', '2016-08-22', '18', 0, '18', 30, 30, 'B'),
(797, 65, '2073-05-06', '2016-08-22', '18', 30, '19', 0, 30, 'B'),
(798, 63, '2073-05-06', '2016-08-22', '19', 0, '19', 15, 15, 'B'),
(799, 64, '2073-05-06', '2016-08-22', '20', 30, '20', 40, 10, 'B'),
(800, 65, '2073-05-06', '2016-08-22', '20', 40, '21', 40, 60, 'B'),
(801, 63, '2073-05-06', '2016-08-22', '21', 40, '22', 0, 20, 'B'),
(802, 64, '2073-05-06', '2016-08-22', '2', 30, '2', 50, 20, 'B'),
(803, 65, '2073-05-06', '2016-08-22', '2', 50, '3', 30, 40, 'B'),
(804, 36, '2073-05-06', '2016-08-22', '3', 30, '3', 50, 20, 'B'),
(805, 63, '2073-05-06', '2016-08-22', '3', 50, '4', 0, 10, 'B'),
(806, 24, '2073-05-07', '2016-08-23', '10', 45, '11', 0, 15, 'A');
INSERT INTO `tbl_time_losses` (`tl_id`, `full_reason_id`, `date_np`, `date_en`, `start_hr`, `start_min`, `end_hr`, `end_min`, `duration`, `shift`) VALUES
(807, 58, '2073-05-07', '2016-08-23', '11', 0, '11', 15, 15, 'A'),
(808, 11, '2073-05-07', '2016-08-23', '6', 15, '6', 28, 13, 'A'),
(809, 7, '2073-05-07', '2016-08-23', '12', 25, '12', 30, 5, 'A'),
(810, 6, '2073-05-07', '2016-08-23', '12', 50, '12', 55, 5, 'A'),
(811, 11, '2073-05-07', '2016-08-23', '15', 20, '15', 25, 5, 'A'),
(812, 7, '2073-05-07', '2016-08-23', '18', 0, '18', 5, 5, 'B'),
(813, 38, '2073-05-07', '2016-08-23', '20', 25, '21', 25, 60, 'B'),
(814, 11, '2073-05-07', '2016-08-23', '21', 25, '21', 40, 15, 'B'),
(815, 45, '2073-05-07', '2016-08-23', '21', 40, '22', 0, 20, 'B'),
(816, 6, '2073-05-07', '2016-08-23', '23', 0, '23', 5, 5, 'B'),
(827, 65, '2073-05-07', '2016-08-23', '18', 0, '18', 45, 45, 'B'),
(828, 36, '2073-05-07', '2016-08-23', '18', 45, '19', 0, 15, 'B'),
(829, 63, '2073-05-07', '2016-08-23', '19', 0, '19', 30, 30, 'B'),
(830, 61, '2073-05-07', '2016-08-23', '19', 30, '19', 45, 15, 'B'),
(831, 63, '2073-05-07', '2016-08-23', '11', 0, '11', 30, 30, 'B'),
(832, 64, '2073-05-07', '2016-08-23', '1', 30, '1', 50, 20, 'B'),
(833, 65, '2073-05-07', '2016-08-23', '1', 50, '2', 30, 40, 'B'),
(834, 36, '2073-05-07', '2016-08-23', '2', 30, '2', 45, 15, 'B'),
(836, 61, '2073-05-07', '2016-08-23', '4', 30, '4', 50, 20, 'B'),
(837, 23, '2073-05-07', '2016-08-23', '20', 15, '22', 0, 105, 'B'),
(838, 24, '2073-05-08', '2016-08-24', '10', 45, '11', 0, 15, 'A'),
(839, 58, '2073-05-08', '2016-08-24', '11', 0, '11', 15, 15, 'A'),
(840, 23, '2073-05-08', '2016-08-24', '16', 5, '16', 25, 20, 'A'),
(841, 58, '2073-05-08', '2016-08-24', '16', 25, '16', 35, 10, 'A'),
(842, 11, '2073-05-08', '2016-08-24', '12', 19, '12', 35, 16, 'A'),
(843, 45, '2073-05-08', '2016-08-24', '12', 35, '12', 50, 15, 'A'),
(844, 7, '2073-05-08', '2016-08-24', '18', 0, '18', 5, 5, 'B'),
(845, 11, '2073-05-08', '2016-08-24', '21', 18, '21', 34, 16, 'B'),
(846, 38, '2073-05-08', '2016-08-24', '21', 34, '22', 34, 60, 'B'),
(847, 45, '2073-05-08', '2016-08-24', '22', 34, '22', 54, 20, 'B'),
(848, 6, '2073-05-08', '2016-08-24', '23', 3, '23', 8, 5, 'B'),
(849, 64, '2073-05-08', '2016-08-24', '6', 0, '6', 30, 30, 'A'),
(850, 65, '2073-05-08', '2016-08-24', '6', 30, '7', 30, 60, 'A'),
(851, 63, '2073-05-08', '2016-08-24', '7', 30, '8', 0, 30, 'A'),
(852, 65, '2073-05-08', '2016-08-24', '11', 30, '13', 0, 90, 'A'),
(853, 68, '2073-05-08', '2016-08-24', '13', 0, '18', 0, 300, 'A'),
(854, 68, '2073-05-07', '2016-08-23', '6', 0, '18', 0, 720, 'A'),
(855, 24, '2073-05-09', '2016-08-25', '14', 30, '14', 45, 15, 'A'),
(856, 58, '2073-05-09', '2016-08-25', '14', 45, '14', 55, 10, 'A'),
(857, 7, '2073-05-09', '2016-08-25', '7', 38, '7', 43, 5, 'A'),
(858, 6, '2073-05-09', '2016-08-25', '8', 12, '8', 17, 5, 'A'),
(859, 7, '2073-05-09', '2016-08-25', '10', 23, '10', 28, 5, 'A'),
(860, 11, '2073-05-09', '2016-08-25', '10', 30, '10', 47, 17, 'A'),
(861, 45, '2073-05-09', '2016-08-25', '10', 47, '11', 7, 20, 'A'),
(862, 6, '2073-05-09', '2016-08-25', '12', 24, '12', 29, 5, 'A'),
(863, 7, '2073-05-09', '2016-08-25', '14', 28, '14', 33, 5, 'A'),
(864, 7, '2073-05-09', '2016-08-25', '15', 1, '15', 6, 5, 'A'),
(865, 6, '2073-05-09', '2016-08-25', '15', 10, '15', 15, 5, 'A'),
(866, 7, '2073-05-09', '2016-08-25', '18', 0, '18', 5, 5, 'B'),
(867, 11, '2073-05-09', '2016-08-25', '19', 39, '19', 52, 13, 'B'),
(868, 11, '2073-05-09', '2016-08-25', '22', 56, '23', 10, 14, 'B'),
(869, 7, '2073-05-09', '2016-08-25', '1', 43, '1', 48, 5, 'B'),
(870, 6, '2073-05-09', '2016-08-25', '3', 5, '3', 10, 5, 'B'),
(871, 7, '2073-05-09', '2016-08-25', '3', 44, '3', 49, 5, 'B'),
(872, 6, '2073-05-09', '2016-08-25', '4', 0, '4', 5, 5, 'B'),
(873, 58, '2073-05-09', '2016-08-25', '2', 30, '2', 50, 20, 'B'),
(874, 63, '2073-05-09', '2016-08-25', '7', 0, '7', 30, 30, 'A'),
(875, 64, '2073-05-09', '2016-08-25', '10', 40, '11', 0, 20, 'A'),
(876, 65, '2073-05-09', '2016-08-25', '11', 0, '11', 45, 45, 'A'),
(877, 36, '2073-05-09', '2016-08-25', '11', 45, '12', 0, 15, 'A'),
(878, 63, '2073-05-09', '2016-08-25', '12', 0, '12', 30, 30, 'A'),
(879, 68, '2073-05-09', '2016-08-25', '12', 30, '16', 0, 210, 'A'),
(880, 65, '2073-05-09', '2016-08-25', '16', 0, '18', 0, 120, 'A'),
(881, 24, '2073-05-10', '2016-08-26', '7', 20, '7', 35, 15, 'A'),
(882, 58, '2073-05-10', '2016-08-26', '7', 35, '7', 45, 10, 'A'),
(883, 65, '2073-05-09', '2016-08-25', '18', 0, '18', 30, 30, 'B'),
(884, 62, '2073-05-09', '2016-08-25', '18', 30, '19', 0, 30, 'B'),
(885, 63, '2073-05-09', '2016-08-25', '19', 15, '19', 30, 15, 'B'),
(886, 36, '2073-05-09', '2016-08-25', '19', 0, '19', 15, 15, 'B'),
(887, 63, '2073-05-09', '2016-08-25', '21', 10, '21', 30, 20, 'B'),
(888, 64, '2073-05-09', '2016-08-25', '23', 0, '23', 30, 30, 'A'),
(889, 66, '2073-05-09', '2016-08-25', '23', 30, '0', 15, 45, 'B'),
(890, 63, '2073-05-09', '2016-08-25', '0', 15, '0', 45, 30, 'B'),
(891, 36, '2073-05-09', '2016-08-25', '2', 0, '2', 15, 15, 'B'),
(892, 64, '2073-05-09', '2016-08-25', '2', 15, '2', 40, 25, 'B'),
(893, 65, '2073-05-09', '2016-08-25', '2', 40, '3', 20, 40, 'B'),
(894, 63, '2073-05-09', '2016-08-25', '3', 20, '3', 40, 20, 'B'),
(895, 64, '2073-05-09', '2016-08-25', '5', 30, '6', 0, 30, 'B'),
(896, 11, '2073-05-10', '2016-08-26', '11', 40, '11', 57, 17, 'A'),
(897, 38, '2073-05-10', '2016-08-26', '11', 57, '12', 57, 60, 'A'),
(898, 45, '2073-05-10', '2016-08-26', '12', 57, '13', 17, 20, 'A'),
(900, 7, '2073-05-10', '2016-08-26', '18', 0, '18', 5, 5, 'B'),
(901, 45, '2073-05-10', '2016-08-26', '20', 33, '20', 51, 18, 'B'),
(902, 11, '2073-05-10', '2016-08-26', '21', 55, '22', 10, 15, 'B'),
(903, 11, '2073-05-10', '2016-08-26', '22', 50, '23', 3, 13, 'B'),
(904, 9, '2073-05-10', '2016-08-26', '23', 3, '23', 20, 17, 'B'),
(905, 11, '2073-05-10', '2016-08-26', '1', 43, '1', 57, 14, 'B'),
(906, 43, '2073-05-10', '2016-08-26', '5', 35, '6', 0, 25, 'B'),
(907, 68, '2073-05-10', '2016-08-26', '6', 0, '18', 0, 720, 'A'),
(908, 69, '2073-05-10', '2016-08-26', '18', 0, '6', 0, 720, 'A'),
(909, 24, '2073-05-10', '2016-08-26', '0', 15, '0', 30, 15, 'B'),
(910, 58, '2073-05-10', '2016-08-26', '0', 30, '0', 45, 15, 'B'),
(911, 59, '2073-05-12', '2016-08-28', '6', 0, '6', 30, 30, 'A'),
(912, 14, '2073-05-12', '2016-08-28', '6', 0, '6', 30, 30, 'A'),
(913, 45, '2073-05-12', '2016-08-28', '6', 30, '7', 0, 30, 'A'),
(914, 9, '2073-05-12', '2016-08-28', '11', 15, '11', 40, 25, 'A'),
(915, 7, '2073-05-12', '2016-08-28', '11', 45, '11', 50, 5, 'A'),
(916, 6, '2073-05-12', '2016-08-28', '12', 50, '12', 55, 5, 'A'),
(917, 45, '2073-05-12', '2016-08-28', '14', 40, '15', 0, 20, 'A'),
(920, 7, '2073-05-12', '2016-08-28', '18', 30, '18', 35, 5, 'B'),
(921, 11, '2073-05-12', '2016-08-28', '18', 5, '18', 22, 17, 'B'),
(922, 48, '2073-05-12', '2016-08-28', '20', 0, '21', 0, 60, 'B'),
(923, 48, '2073-05-12', '2016-08-28', '15', 30, '16', 10, 40, 'A'),
(924, 6, '2073-05-12', '2016-08-28', '23', 5, '23', 10, 5, 'B'),
(925, 11, '2073-05-12', '2016-08-28', '0', 10, '0', 23, 13, 'B'),
(926, 48, '2073-05-12', '2016-08-28', '0', 23, '1', 15, 52, 'B'),
(927, 7, '2073-05-12', '2016-08-28', '5', 14, '5', 19, 5, 'B'),
(928, 65, '2073-05-12', '2016-08-28', '6', 0, '6', 45, 45, 'A'),
(929, 36, '2073-05-12', '2016-08-28', '7', 0, '7', 25, 25, 'A'),
(930, 63, '2073-05-12', '2016-08-28', '7', 25, '7', 40, 15, 'A'),
(931, 68, '2073-05-12', '2016-08-28', '12', 30, '16', 0, 210, 'A'),
(932, 36, '2073-05-12', '2016-08-28', '16', 0, '16', 15, 15, 'A'),
(933, 63, '2073-05-12', '2016-08-28', '16', 15, '16', 30, 15, 'A'),
(934, 65, '2073-05-12', '2016-08-28', '17', 50, '18', 0, 10, 'A'),
(935, 69, '2073-05-12', '2016-08-28', '18', 0, '6', 0, 720, 'B'),
(936, 24, '2073-05-12', '2016-08-28', '19', 25, '19', 40, 15, 'B'),
(937, 58, '2073-05-12', '2016-08-28', '19', 40, '19', 55, 15, 'B'),
(938, 11, '2073-05-13', '2016-08-29', '6', 0, '6', 20, 20, 'A'),
(939, 38, '2073-05-13', '2016-08-29', '6', 20, '7', 20, 60, 'A'),
(940, 7, '2073-05-13', '2016-08-29', '17', 20, '17', 25, 5, 'A'),
(941, 11, '2073-05-13', '2016-08-29', '20', 14, '20', 27, 13, 'B'),
(942, 45, '2073-05-13', '2016-08-29', '20', 27, '20', 47, 20, 'B'),
(943, 6, '2073-05-13', '2016-08-29', '23', 20, '23', 25, 5, 'B'),
(944, 7, '2073-05-13', '2016-08-29', '11', 5, '11', 10, 5, 'A'),
(945, 6, '2073-05-13', '2016-08-29', '12', 7, '12', 12, 5, 'A'),
(946, 65, '2073-05-13', '2016-08-29', '6', 0, '6', 45, 45, 'A'),
(947, 36, '2073-05-13', '2016-08-29', '6', 45, '7', 15, 30, 'A'),
(948, 63, '2073-05-13', '2016-08-29', '7', 15, '7', 45, 30, 'A'),
(949, 64, '2073-05-13', '2016-08-29', '10', 30, '11', 0, 30, 'A'),
(950, 65, '2073-05-13', '2016-08-29', '11', 0, '12', 0, 60, 'A'),
(951, 68, '2073-05-13', '2016-08-29', '12', 0, '18', 0, 360, 'A'),
(952, 69, '2073-05-13', '2016-08-29', '18', 0, '6', 0, 720, 'B'),
(953, 48, '2073-05-14', '2016-08-30', '6', 45, '7', 5, 20, 'A'),
(954, 48, '2073-05-14', '2016-08-30', '8', 20, '8', 50, 30, 'A'),
(955, 48, '2073-05-14', '2016-08-30', '10', 22, '10', 45, 23, 'A'),
(956, 7, '2073-05-14', '2016-08-30', '11', 30, '11', 35, 5, 'A'),
(957, 6, '2073-05-14', '2016-08-30', '11', 50, '11', 55, 5, 'A'),
(958, 7, '2073-05-14', '2016-08-30', '13', 0, '13', 5, 5, 'A'),
(959, 7, '2073-05-14', '2016-08-30', '13', 45, '13', 50, 5, 'A'),
(960, 11, '2073-05-14', '2016-08-30', '14', 52, '15', 10, 18, 'A'),
(961, 38, '2073-05-14', '2016-08-30', '15', 10, '16', 10, 60, 'A'),
(962, 45, '2073-05-14', '2016-08-30', '16', 10, '16', 30, 20, 'A'),
(963, 7, '2073-05-14', '2016-08-30', '18', 0, '18', 5, 5, 'B'),
(964, 11, '2073-05-14', '2016-08-30', '21', 52, '22', 8, 16, 'B'),
(965, 45, '2073-05-14', '2016-08-30', '22', 8, '22', 22, 14, 'B'),
(966, 6, '2073-05-14', '2016-08-30', '23', 5, '23', 10, 5, 'B'),
(967, 68, '2073-05-14', '2016-08-30', '6', 0, '11', 0, 300, 'A'),
(968, 64, '2073-05-14', '2016-08-30', '11', 0, '11', 20, 20, 'A'),
(969, 65, '2073-05-14', '2016-08-30', '11', 20, '11', 40, 20, 'A'),
(970, 63, '2073-05-14', '2016-08-30', '11', 40, '11', 50, 10, 'A'),
(971, 64, '2073-05-14', '2016-08-30', '13', 20, '13', 35, 15, 'A'),
(972, 65, '2073-05-14', '2016-08-30', '13', 35, '14', 20, 45, 'A'),
(973, 36, '2073-05-14', '2016-08-30', '13', 0, '13', 20, 20, 'A'),
(974, 63, '2073-05-14', '2016-08-30', '14', 20, '14', 50, 30, 'A'),
(975, 63, '2073-05-14', '2016-08-30', '18', 0, '18', 30, 30, 'B'),
(976, 64, '2073-05-14', '2016-08-30', '23', 40, '0', 0, 20, 'B'),
(977, 65, '2073-05-14', '2016-08-30', '0', 0, '1', 0, 60, 'B'),
(978, 36, '2073-05-14', '2016-08-30', '1', 0, '1', 30, 30, 'B'),
(979, 63, '2073-05-14', '2016-08-30', '1', 30, '1', 50, 20, 'B'),
(980, 63, '2073-05-14', '2016-08-30', '3', 30, '4', 0, 30, 'B'),
(981, 24, '2073-05-15', '2016-08-31', '12', 10, '12', 27, 17, 'A'),
(982, 58, '2073-05-15', '2016-08-31', '12', 27, '12', 40, 13, 'A'),
(983, 7, '2073-05-15', '2016-08-31', '9', 38, '9', 43, 5, 'A'),
(984, 6, '2073-05-15', '2016-08-31', '9', 45, '9', 50, 5, 'A'),
(985, 7, '2073-05-15', '2016-08-31', '10', 35, '10', 40, 5, 'A'),
(986, 11, '2073-05-15', '2016-08-31', '10', 45, '11', 0, 15, 'A'),
(987, 7, '2073-05-15', '2016-08-31', '11', 20, '11', 25, 5, 'A'),
(988, 7, '2073-05-15', '2016-08-31', '11', 50, '11', 55, 5, 'A'),
(989, 6, '2073-05-15', '2016-08-31', '12', 5, '12', 10, 5, 'A'),
(990, 7, '2073-05-15', '2016-08-31', '13', 20, '13', 25, 5, 'A'),
(991, 6, '2073-05-15', '2016-08-31', '13', 57, '14', 2, 5, 'A'),
(992, 11, '2073-05-15', '2016-08-31', '16', 20, '16', 33, 13, 'A'),
(993, 7, '2073-05-15', '2016-08-31', '16', 35, '16', 40, 5, 'A'),
(994, 6, '2073-05-15', '2016-08-31', '16', 45, '16', 50, 5, 'A'),
(995, 11, '2073-05-15', '2016-08-31', '17', 33, '17', 50, 17, 'A'),
(996, 38, '2073-05-15', '2016-08-31', '18', 0, '19', 0, 60, 'B'),
(997, 45, '2073-05-15', '2016-08-31', '19', 0, '19', 30, 30, 'B'),
(998, 48, '2073-05-15', '2016-08-31', '19', 30, '20', 30, 60, 'B'),
(999, 6, '2073-05-15', '2016-08-31', '23', 30, '23', 35, 5, 'B'),
(1000, 24, '2073-05-15', '2016-08-31', '22', 45, '23', 0, 15, 'B'),
(1001, 58, '2073-05-15', '2016-08-31', '23', 0, '23', 15, 15, 'B'),
(1002, 64, '2073-05-15', '2016-08-31', '6', 0, '6', 30, 30, 'A'),
(1003, 65, '2073-05-15', '2016-08-31', '6', 30, '7', 30, 60, 'A'),
(1004, 36, '2073-05-15', '2016-08-31', '7', 30, '8', 0, 30, 'A'),
(1005, 63, '2073-05-15', '2016-08-31', '8', 0, '8', 30, 30, 'A'),
(1006, 63, '2073-05-15', '2016-08-31', '12', 0, '12', 30, 30, 'A'),
(1007, 64, '2073-05-15', '2016-08-31', '14', 0, '14', 20, 20, 'A'),
(1008, 65, '2073-05-15', '2016-08-31', '14', 20, '15', 0, 40, 'A'),
(1009, 36, '2073-05-15', '2016-08-31', '15', 20, '15', 50, 30, 'A'),
(1010, 63, '2073-05-15', '2016-08-31', '15', 50, '16', 0, 10, 'A'),
(1011, 29, '2073-05-15', '2016-08-31', '16', 0, '18', 0, 120, 'A'),
(1012, 63, '2073-05-15', '2016-08-31', '19', 0, '19', 25, 25, 'B'),
(1013, 64, '2073-05-15', '2016-08-31', '20', 40, '21', 0, 20, 'B'),
(1014, 65, '2073-05-15', '2016-08-31', '21', 0, '22', 30, 90, 'B'),
(1015, 36, '2073-05-15', '2016-08-31', '22', 30, '22', 45, 15, 'B'),
(1016, 63, '2073-05-15', '2016-08-31', '22', 45, '23', 0, 15, 'B'),
(1017, 75, '2073-05-15', '2016-08-31', '23', 30, '1', 30, 120, 'B'),
(1018, 65, '2073-05-15', '2016-08-31', '2', 30, '3', 20, 50, 'B'),
(1019, 36, '2073-05-15', '2016-08-31', '2', 0, '2', 30, 30, 'B'),
(1020, 63, '2073-05-15', '2016-08-31', '3', 20, '3', 45, 25, 'B'),
(1021, 65, '2073-05-15', '2016-08-31', '5', 0, '6', 0, 60, 'B'),
(1022, 11, '2073-05-16', '2016-09-01', '8', 7, '8', 23, 16, 'A'),
(1023, 45, '2073-05-16', '2016-09-01', '8', 23, '8', 40, 17, 'A'),
(1024, 6, '2073-05-16', '2016-09-01', '11', 35, '11', 40, 5, 'A'),
(1025, 6, '2073-05-16', '2016-09-01', '12', 4, '12', 9, 5, 'A'),
(1026, 7, '2073-05-16', '2016-09-01', '18', 0, '18', 5, 5, 'B'),
(1027, 11, '2073-05-16', '2016-09-01', '19', 23, '19', 38, 15, 'B'),
(1028, 6, '2073-05-16', '2016-09-01', '23', 0, '23', 5, 5, 'B'),
(1029, 2, '2073-05-16', '2016-09-01', '23', 5, '23', 35, 30, 'B'),
(1030, 9, '2073-05-16', '2016-09-01', '1', 40, '2', 10, 30, 'B'),
(1031, 11, '2073-05-16', '2016-09-01', '4', 52, '5', 10, 18, 'B'),
(1032, 38, '2073-05-16', '2016-09-01', '5', 10, '6', 0, 50, 'B'),
(1033, 24, '2073-05-16', '2016-09-01', '1', 0, '1', 15, 15, 'B'),
(1034, 58, '2073-05-16', '2016-09-01', '1', 15, '1', 35, 20, 'B'),
(1035, 64, '2073-05-16', '2016-09-01', '6', 0, '6', 30, 30, 'A'),
(1036, 65, '2073-05-16', '2016-09-01', '6', 30, '7', 30, 60, 'A'),
(1037, 61, '2073-05-16', '2016-09-01', '7', 30, '8', 0, 30, 'A'),
(1038, 36, '2073-05-16', '2016-09-01', '8', 0, '8', 30, 30, 'A'),
(1039, 63, '2073-05-16', '2016-09-01', '8', 30, '9', 0, 30, 'A'),
(1040, 63, '2073-05-16', '2016-09-01', '11', 10, '11', 40, 30, 'A'),
(1041, 64, '2073-05-16', '2016-09-01', '14', 0, '14', 30, 30, 'A'),
(1042, 65, '2073-05-16', '2016-09-01', '14', 30, '15', 10, 40, 'A'),
(1043, 36, '2073-05-16', '2016-09-01', '15', 10, '15', 30, 20, 'A'),
(1044, 63, '2073-05-16', '2016-09-01', '15', 30, '15', 50, 20, 'A'),
(1045, 65, '2073-05-16', '2016-09-01', '17', 0, '17', 20, 20, 'A'),
(1046, 69, '2073-05-16', '2016-09-01', '18', 0, '6', 0, 720, 'B'),
(1047, 7, '2073-05-17', '2016-09-02', '9', 3, '9', 8, 5, 'A'),
(1048, 6, '2073-05-17', '2016-09-02', '9', 54, '9', 59, 5, 'A'),
(1049, 15, '2073-05-17', '2016-09-02', '11', 30, '12', 30, 60, 'A'),
(1050, 45, '2073-05-17', '2016-09-02', '12', 30, '13', 0, 30, 'A'),
(1051, 7, '2073-05-17', '2016-09-02', '14', 4, '14', 9, 5, 'A'),
(1052, 6, '2073-05-17', '2016-09-02', '15', 45, '15', 50, 5, 'A'),
(1053, 15, '2073-05-17', '2016-09-02', '17', 45, '18', 0, 15, 'A'),
(1054, 7, '2073-05-17', '2016-09-02', '18', 0, '18', 5, 5, 'B'),
(1055, 45, '2073-05-17', '2016-09-02', '18', 5, '18', 25, 20, 'B'),
(1056, 45, '2073-05-17', '2016-09-02', '21', 20, '21', 40, 20, 'B'),
(1057, 6, '2073-05-17', '2016-09-02', '23', 15, '23', 20, 5, 'B'),
(1058, 11, '2073-05-17', '2016-09-02', '23', 45, '23', 58, 13, 'B'),
(1059, 24, '2073-05-17', '2016-09-02', '17', 20, '17', 40, 20, 'A'),
(1060, 58, '2073-05-17', '2016-09-02', '18', 0, '18', 30, 30, 'B'),
(1061, 65, '2073-05-17', '2016-09-02', '6', 0, '7', 0, 60, 'A'),
(1062, 36, '2073-05-17', '2016-09-02', '7', 0, '7', 30, 30, 'A'),
(1063, 63, '2073-05-17', '2016-09-02', '7', 30, '8', 0, 30, 'A'),
(1064, 64, '2073-05-17', '2016-09-02', '10', 20, '10', 40, 20, 'A'),
(1065, 36, '2073-05-17', '2016-09-02', '10', 40, '11', 0, 20, 'A'),
(1066, 63, '2073-05-17', '2016-09-02', '11', 0, '11', 20, 20, 'A'),
(1067, 63, '2073-05-17', '2016-09-02', '13', 30, '14', 0, 30, 'A'),
(1068, 63, '2073-05-17', '2016-09-02', '16', 0, '16', 20, 20, 'A'),
(1069, 69, '2073-05-17', '2016-09-02', '18', 0, '6', 0, 720, 'B'),
(1070, 59, '2073-05-19', '2016-09-04', '6', 0, '6', 30, 30, 'A'),
(1071, 24, '2073-05-19', '2016-09-04', '12', 15, '12', 30, 15, 'A'),
(1072, 58, '2073-05-19', '2016-09-04', '12', 30, '12', 45, 15, 'A'),
(1073, 14, '2073-05-19', '2016-09-04', '6', 0, '7', 0, 60, 'A'),
(1074, 45, '2073-05-19', '2016-09-04', '7', 0, '7', 20, 20, 'A'),
(1075, 11, '2073-05-19', '2016-09-04', '11', 20, '11', 34, 14, 'A'),
(1076, 45, '2073-05-19', '2016-09-04', '11', 34, '11', 49, 15, 'A'),
(1077, 11, '2073-05-19', '2016-09-04', '14', 30, '14', 45, 15, 'A'),
(1078, 7, '2073-05-19', '2016-09-04', '18', 0, '18', 5, 5, 'B'),
(1079, 11, '2073-05-19', '2016-09-04', '22', 41, '22', 55, 14, 'B'),
(1080, 6, '2073-05-19', '2016-09-04', '23', 0, '23', 5, 5, 'B'),
(1081, 11, '2073-05-19', '2016-09-04', '4', 40, '4', 53, 13, 'B'),
(1082, 24, '2073-05-19', '2016-09-04', '23', 30, '23', 45, 15, 'B'),
(1083, 58, '2073-05-19', '2016-09-04', '23', 45, '0', 0, 15, 'B'),
(1084, 64, '2073-05-19', '2016-09-04', '6', 0, '6', 30, 30, 'A'),
(1085, 65, '2073-05-19', '2016-09-04', '6', 30, '7', 30, 60, 'A'),
(1086, 63, '2073-05-19', '2016-09-04', '7', 30, '8', 0, 30, 'A'),
(1087, 65, '2073-05-19', '2016-09-04', '10', 30, '11', 0, 30, 'A'),
(1088, 63, '2073-05-19', '2016-09-04', '11', 0, '11', 20, 20, 'A'),
(1089, 64, '2073-05-19', '2016-09-04', '12', 30, '12', 40, 10, 'A'),
(1090, 65, '2073-05-19', '2016-09-04', '12', 40, '13', 40, 60, 'A'),
(1091, 36, '2073-05-19', '2016-09-04', '13', 40, '14', 0, 20, 'A'),
(1092, 63, '2073-05-19', '2016-09-04', '14', 0, '14', 30, 30, 'A'),
(1093, 63, '2073-05-19', '2016-09-04', '15', 20, '16', 0, 40, 'A'),
(1094, 63, '2073-05-19', '2016-09-04', '16', 40, '17', 15, 35, 'A'),
(1095, 64, '2073-05-19', '2016-09-04', '17', 45, '18', 0, 15, 'A'),
(1096, 69, '2073-05-19', '2016-09-04', '18', 0, '6', 0, 720, 'B'),
(1097, 24, '2073-05-20', '2016-09-05', '13', 0, '13', 15, 15, 'A'),
(1098, 58, '2073-05-20', '2016-09-05', '13', 15, '13', 30, 15, 'A'),
(1099, 38, '2073-05-20', '2016-09-05', '6', 40, '7', 40, 60, 'A'),
(1100, 45, '2073-05-20', '2016-09-05', '7', 40, '8', 10, 30, 'A'),
(1101, 7, '2073-05-20', '2016-09-05', '9', 44, '9', 49, 5, 'A'),
(1102, 7, '2073-05-20', '2016-09-05', '11', 29, '11', 34, 5, 'A'),
(1103, 7, '2073-05-20', '2016-09-05', '13', 46, '13', 51, 5, 'A'),
(1104, 7, '2073-05-20', '2016-09-05', '18', 0, '18', 5, 5, 'B'),
(1105, 11, '2073-05-20', '2016-09-05', '21', 0, '21', 15, 15, 'B'),
(1106, 45, '2073-05-20', '2016-09-05', '21', 15, '21', 30, 15, 'B'),
(1107, 11, '2073-05-20', '2016-09-05', '23', 35, '23', 48, 13, 'B'),
(1108, 26, '2073-05-20', '2016-09-05', '18', 15, '19', 30, 75, 'B'),
(1109, 24, '2073-05-20', '2016-09-05', '1', 15, '1', 30, 15, 'B'),
(1110, 58, '2073-05-20', '2016-09-05', '1', 30, '1', 40, 10, 'B'),
(1111, 69, '2073-05-20', '2016-09-05', '18', 0, '6', 0, 720, 'B'),
(1112, 64, '2073-05-20', '2016-09-05', '6', 0, '7', 0, 60, 'A'),
(1113, 36, '2073-05-20', '2016-09-05', '7', 0, '7', 30, 30, 'A'),
(1114, 61, '2073-05-20', '2016-09-05', '7', 30, '8', 0, 30, 'A'),
(1115, 62, '2073-05-20', '2016-09-05', '8', 0, '8', 40, 40, 'A'),
(1116, 63, '2073-05-20', '2016-09-05', '11', 30, '12', 0, 30, 'A'),
(1117, 63, '2073-05-20', '2016-09-05', '14', 0, '14', 30, 30, 'A'),
(1118, 63, '2073-05-20', '2016-09-05', '16', 0, '16', 20, 20, 'A'),
(1119, 64, '2073-05-20', '2016-09-05', '17', 45, '18', 0, 15, 'A'),
(1120, 7, '2073-05-21', '2016-09-06', '13', 42, '13', 47, 5, 'A'),
(1121, 7, '2073-05-21', '2016-09-06', '14', 20, '14', 25, 5, 'A'),
(1122, 6, '2073-05-21', '2016-09-06', '15', 40, '15', 45, 5, 'A'),
(1123, 44, '2073-05-21', '2016-09-06', '16', 30, '16', 45, 15, 'A'),
(1124, 7, '2073-05-21', '2016-09-06', '18', 0, '18', 5, 5, 'B'),
(1125, 6, '2073-05-21', '2016-09-06', '23', 0, '23', 5, 5, 'B'),
(1126, 11, '2073-05-21', '2016-09-06', '1', 32, '1', 48, 16, 'B'),
(1127, 38, '2073-05-21', '2016-09-06', '1', 48, '2', 48, 60, 'B'),
(1128, 45, '2073-05-21', '2016-09-06', '2', 48, '3', 10, 22, 'B'),
(1129, 7, '2073-05-21', '2016-09-06', '5', 0, '5', 5, 5, 'B'),
(1130, 6, '2073-05-21', '2016-09-06', '5', 25, '5', 30, 5, 'B'),
(1132, 65, '2073-05-21', '2016-09-06', '6', 0, '7', 0, 60, 'A'),
(1133, 36, '2073-05-21', '2016-09-06', '7', 0, '7', 30, 30, 'A'),
(1134, 63, '2073-05-21', '2016-09-06', '7', 30, '8', 0, 30, 'A'),
(1135, 63, '2073-05-21', '2016-09-06', '9', 40, '10', 0, 20, 'A'),
(1136, 63, '2073-05-21', '2016-09-06', '11', 20, '11', 45, 25, 'A'),
(1137, 64, '2073-05-21', '2016-09-06', '13', 20, '13', 40, 20, 'A'),
(1138, 65, '2073-05-21', '2016-09-06', '13', 40, '14', 40, 60, 'A'),
(1139, 72, '2073-05-21', '2016-09-06', '14', 40, '15', 0, 20, 'A'),
(1140, 65, '2073-05-21', '2016-09-06', '15', 0, '16', 20, 80, 'A'),
(1141, 64, '2073-05-21', '2016-09-06', '17', 30, '18', 0, 30, 'A'),
(1142, 64, '2073-05-21', '2016-09-06', '18', 0, '18', 30, 30, 'B'),
(1143, 65, '2073-05-21', '2016-09-06', '18', 30, '19', 15, 45, 'B'),
(1144, 36, '2073-05-21', '2016-09-06', '19', 15, '19', 35, 20, 'B'),
(1145, 63, '2073-05-21', '2016-09-06', '19', 35, '20', 0, 25, 'B'),
(1146, 62, '2073-05-21', '2016-09-06', '20', 0, '20', 20, 20, 'B'),
(1147, 63, '2073-05-21', '2016-09-06', '22', 0, '22', 30, 30, 'B'),
(1148, 65, '2073-05-21', '2016-09-06', '0', 0, '1', 0, 60, 'B'),
(1149, 36, '2073-05-21', '2016-09-06', '1', 0, '1', 20, 20, 'B'),
(1150, 64, '2073-05-21', '2016-09-06', '1', 0, '1', 30, 30, 'B'),
(1151, 63, '2073-05-21', '2016-09-06', '2', 20, '2', 40, 20, 'B'),
(1152, 65, '2073-05-21', '2016-09-06', '4', 15, '4', 45, 30, 'B'),
(1153, 63, '2073-05-21', '2016-09-06', '4', 45, '5', 0, 15, 'B'),
(1154, 7, '2073-05-22', '2016-09-07', '7', 32, '7', 37, 5, 'A'),
(1155, 6, '2073-05-22', '2016-09-07', '7', 40, '7', 45, 5, 'A'),
(1156, 7, '2073-05-22', '2016-09-07', '8', 8, '8', 13, 5, 'A'),
(1157, 6, '2073-05-22', '2016-09-07', '8', 15, '8', 20, 5, 'A'),
(1158, 7, '2073-05-22', '2016-09-07', '8', 40, '8', 45, 5, 'A'),
(1159, 11, '2073-05-22', '2016-09-07', '9', 30, '9', 47, 17, 'A'),
(1160, 7, '2073-05-22', '2016-09-07', '10', 0, '10', 5, 5, 'A'),
(1161, 6, '2073-05-22', '2016-09-07', '10', 53, '10', 58, 5, 'A'),
(1162, 11, '2073-05-22', '2016-09-07', '13', 50, '14', 5, 15, 'A'),
(1163, 45, '2073-05-22', '2016-09-07', '14', 5, '14', 20, 15, 'A'),
(1164, 7, '2073-05-22', '2016-09-07', '15', 10, '15', 15, 5, 'A'),
(1165, 6, '2073-05-22', '2016-09-07', '15', 35, '15', 40, 5, 'A'),
(1166, 11, '2073-05-22', '2016-09-07', '17', 41, '17', 55, 14, 'A'),
(1167, 7, '2073-05-22', '2016-09-07', '18', 0, '18', 5, 5, 'B'),
(1168, 11, '2073-05-22', '2016-09-07', '23', 5, '23', 19, 14, 'B'),
(1169, 11, '2073-05-22', '2016-09-07', '1', 3, '1', 16, 13, 'B'),
(1170, 24, '2073-05-22', '2016-09-07', '12', 0, '12', 15, 15, 'A'),
(1171, 58, '2073-05-22', '2016-09-07', '12', 15, '12', 25, 10, 'A'),
(1172, 24, '2073-05-22', '2016-09-07', '18', 0, '18', 15, 15, 'B'),
(1173, 58, '2073-05-22', '2016-09-07', '18', 15, '18', 35, 20, 'B'),
(1174, 63, '2073-05-22', '2016-09-07', '6', 0, '6', 20, 20, 'A'),
(1175, 63, '2073-05-22', '2016-09-07', '7', 40, '8', 0, 20, 'A'),
(1176, 36, '2073-05-22', '2016-09-07', '8', 20, '8', 40, 20, 'A'),
(1177, 64, '2073-05-22', '2016-09-07', '11', 0, '11', 20, 20, 'A'),
(1178, 65, '2073-05-22', '2016-09-07', '11', 20, '12', 20, 60, 'A'),
(1179, 36, '2073-05-22', '2016-09-07', '12', 20, '12', 40, 20, 'A'),
(1180, 63, '2073-05-22', '2016-09-07', '12', 40, '13', 20, 40, 'A'),
(1181, 63, '2073-05-22', '2016-09-07', '14', 0, '14', 40, 40, 'A'),
(1182, 63, '2073-05-22', '2016-09-07', '15', 20, '16', 0, 40, 'A'),
(1183, 63, '2073-05-22', '2016-09-07', '16', 30, '17', 0, 30, 'A'),
(1184, 64, '2073-05-22', '2016-09-07', '17', 40, '18', 0, 20, 'A'),
(1186, 58, '2073-05-23', '2016-09-08', '10', 30, '10', 50, 20, 'A'),
(1187, 64, '2073-05-22', '2016-09-07', '18', 0, '18', 30, 30, 'B'),
(1188, 65, '2073-05-22', '2016-09-07', '18', 30, '19', 30, 60, 'B'),
(1189, 36, '2073-05-22', '2016-09-07', '19', 30, '20', 0, 30, 'B'),
(1190, 63, '2073-05-22', '2016-09-07', '20', 0, '20', 30, 30, 'B'),
(1191, 62, '2073-05-22', '2016-09-07', '20', 30, '21', 30, 60, 'B'),
(1192, 63, '2073-05-22', '2016-09-07', '23', 0, '23', 30, 30, 'B'),
(1193, 64, '2073-05-22', '2016-09-07', '1', 0, '1', 30, 30, 'B'),
(1194, 36, '2073-05-22', '2016-09-07', '1', 30, '1', 45, 15, 'B'),
(1195, 63, '2073-05-22', '2016-09-07', '1', 45, '2', 15, 30, 'B'),
(1196, 63, '2073-05-22', '2016-09-07', '4', 0, '4', 30, 30, 'B'),
(1197, 11, '2073-05-23', '2016-09-08', '9', 2, '9', 15, 13, 'A'),
(1198, 11, '2073-05-23', '2016-09-08', '13', 42, '13', 55, 13, 'A'),
(1199, 45, '2073-05-23', '2016-09-08', '13', 55, '14', 10, 15, 'A'),
(1201, 11, '2073-05-23', '2016-09-08', '18', 0, '18', 11, 11, 'B'),
(1202, 7, '2073-05-23', '2016-09-08', '18', 20, '18', 25, 5, 'B'),
(1203, 11, '2073-05-23', '2016-09-08', '21', 33, '21', 50, 17, 'B'),
(1204, 38, '2073-05-23', '2016-09-08', '21', 50, '22', 50, 60, 'B'),
(1205, 45, '2073-05-23', '2016-09-08', '22', 50, '23', 15, 25, 'B'),
(1206, 58, '2073-05-23', '2016-09-08', '20', 30, '20', 50, 20, 'B'),
(1207, 64, '2073-05-23', '2016-09-08', '6', 0, '6', 30, 30, 'A'),
(1208, 65, '2073-05-23', '2016-09-08', '6', 30, '7', 30, 60, 'A'),
(1209, 36, '2073-05-23', '2016-09-08', '7', 30, '7', 45, 15, 'A'),
(1210, 65, '2073-05-23', '2016-09-08', '7', 45, '8', 0, 15, 'A'),
(1211, 63, '2073-05-23', '2016-09-08', '8', 0, '8', 45, 45, 'A'),
(1212, 63, '2073-05-23', '2016-09-08', '9', 30, '10', 10, 40, 'A'),
(1213, 64, '2073-05-23', '2016-09-08', '11', 0, '11', 30, 30, 'A'),
(1214, 65, '2073-05-23', '2016-09-08', '11', 30, '12', 30, 60, 'A'),
(1215, 61, '2073-05-23', '2016-09-08', '12', 30, '13', 0, 30, 'A'),
(1216, 36, '2073-05-23', '2016-09-08', '13', 0, '13', 15, 15, 'A'),
(1217, 63, '2073-05-23', '2016-09-08', '13', 15, '14', 0, 45, 'A'),
(1218, 63, '2073-05-23', '2016-09-08', '14', 0, '14', 30, 30, 'A'),
(1219, 63, '2073-05-23', '2016-09-08', '15', 0, '15', 30, 30, 'A'),
(1220, 64, '2073-05-23', '2016-09-08', '15', 30, '16', 0, 30, 'A'),
(1221, 65, '2073-05-23', '2016-09-08', '16', 0, '16', 40, 40, 'A'),
(1222, 63, '2073-05-23', '2016-09-08', '16', 40, '17', 0, 20, 'A'),
(1223, 62, '2073-05-23', '2016-09-08', '21', 0, '22', 0, 60, 'B'),
(1224, 64, '2073-05-23', '2016-09-08', '1', 0, '1', 20, 20, 'B'),
(1225, 67, '2073-05-23', '2016-09-08', '1', 20, '1', 45, 25, 'B'),
(1226, 36, '2073-05-23', '2016-09-08', '1', 45, '2', 0, 15, 'B'),
(1227, 63, '2073-05-23', '2016-09-08', '2', 0, '2', 20, 20, 'B'),
(1228, 63, '2073-05-23', '2016-09-08', '4', 30, '5', 0, 30, 'B'),
(1229, 24, '2073-05-24', '2016-09-09', '6', 30, '6', 45, 15, 'A'),
(1230, 58, '2073-05-24', '2016-09-09', '6', 45, '6', 55, 10, 'A'),
(1231, 11, '2073-05-24', '2016-09-09', '7', 38, '7', 55, 17, 'A'),
(1232, 45, '2073-05-24', '2016-09-09', '7', 55, '8', 10, 15, 'A'),
(1233, 7, '2073-05-24', '2016-09-09', '14', 41, '14', 46, 5, 'A'),
(1234, 6, '2073-05-24', '2016-09-09', '15', 25, '15', 30, 5, 'A'),
(1235, 11, '2073-05-24', '2016-09-09', '17', 35, '18', 0, 25, 'A'),
(1236, 38, '2073-05-24', '2016-09-09', '18', 0, '19', 0, 60, 'B'),
(1237, 45, '2073-05-24', '2016-09-09', '19', 0, '19', 25, 25, 'B'),
(1239, 43, '2073-05-24', '2016-09-09', '5', 40, '6', 0, 20, 'B'),
(1240, 6, '2073-05-24', '2016-09-09', '23', 10, '23', 15, 5, 'B'),
(1241, 24, '2073-05-24', '2016-09-09', '20', 0, '20', 15, 15, 'B'),
(1242, 58, '2073-05-24', '2016-09-09', '20', 15, '20', 35, 20, 'B'),
(1243, 62, '2073-05-24', '2016-09-09', '6', 0, '6', 30, 30, 'A'),
(1244, 64, '2073-05-24', '2016-09-09', '9', 40, '10', 0, 20, 'A'),
(1245, 65, '2073-05-24', '2016-09-09', '10', 0, '11', 0, 60, 'A'),
(1246, 63, '2073-05-24', '2016-09-09', '11', 0, '11', 40, 40, 'A'),
(1247, 64, '2073-05-24', '2016-09-09', '13', 0, '13', 30, 30, 'A'),
(1248, 65, '2073-05-24', '2016-09-09', '13', 30, '14', 20, 50, 'A'),
(1249, 64, '2073-05-24', '2016-09-09', '18', 0, '18', 30, 30, 'B'),
(1250, 65, '2073-05-24', '2016-09-09', '18', 30, '19', 30, 60, 'B'),
(1251, 63, '2073-05-24', '2016-09-09', '19', 30, '20', 0, 30, 'B'),
(1252, 63, '2073-05-24', '2016-09-09', '21', 45, '22', 15, 30, 'B'),
(1253, 64, '2073-05-24', '2016-09-09', '0', 0, '0', 30, 30, 'B'),
(1254, 36, '2073-05-24', '2016-09-09', '23', 35, '0', 0, 25, 'B'),
(1255, 65, '2073-05-24', '2016-09-09', '0', 30, '1', 15, 45, 'B'),
(1256, 65, '2073-05-24', '2016-09-09', '0', 30, '1', 15, 45, 'B'),
(1257, 63, '2073-05-24', '2016-09-09', '1', 15, '1', 35, 20, 'B'),
(1258, 64, '2073-05-24', '2016-09-09', '3', 0, '3', 30, 30, 'B'),
(1259, 36, '2073-05-24', '2016-09-09', '3', 30, '3', 45, 15, 'B'),
(1260, 65, '2073-05-23', '2016-09-08', '3', 45, '4', 30, 45, 'B'),
(1261, 65, '2073-05-24', '2016-09-09', '3', 45, '4', 30, 45, 'B'),
(1262, 63, '2073-05-24', '2016-09-09', '4', 30, '5', 0, 30, 'B'),
(1263, 65, '2073-05-26', '2016-09-11', '5', 45, '6', 0, 15, 'B'),
(1264, 14, '2073-05-26', '2016-09-11', '6', 0, '6', 40, 40, 'A'),
(1265, 45, '2073-05-26', '2016-09-11', '6', 40, '7', 5, 25, 'A'),
(1266, 7, '2073-05-26', '2016-09-11', '8', 55, '9', 0, 5, 'A'),
(1267, 48, '2073-05-26', '2016-09-11', '10', 30, '11', 20, 50, 'A'),
(1268, 48, '2073-05-26', '2016-09-11', '13', 0, '14', 0, 60, 'A'),
(1269, 6, '2073-05-26', '2016-09-11', '15', 5, '15', 10, 5, 'A'),
(1270, 7, '2073-05-26', '2016-09-11', '18', 0, '18', 5, 5, 'B'),
(1271, 6, '2073-05-26', '2016-09-11', '23', 0, '23', 5, 5, 'B'),
(1272, 11, '2073-05-26', '2016-09-11', '2', 55, '3', 12, 17, 'B'),
(1273, 38, '2073-05-26', '2016-09-11', '3', 12, '4', 12, 60, 'B'),
(1274, 45, '2073-05-26', '2016-09-11', '4', 12, '4', 32, 20, 'B'),
(1275, 59, '2073-05-26', '2016-09-11', '6', 0, '6', 25, 25, 'A'),
(1276, 65, '2073-05-26', '2016-09-11', '6', 0, '6', 40, 40, 'A'),
(1277, 70, '2073-05-26', '2016-09-11', '6', 40, '8', 30, 110, 'A'),
(1278, 63, '2073-05-26', '2016-09-11', '8', 30, '9', 0, 30, 'A'),
(1279, 36, '2073-05-26', '2016-09-11', '9', 30, '10', 0, 30, 'A'),
(1280, 63, '2073-05-26', '2016-09-11', '13', 0, '13', 30, 30, 'A'),
(1281, 64, '2073-05-26', '2016-09-11', '17', 30, '18', 0, 30, 'A'),
(1282, 69, '2073-05-26', '2016-09-11', '18', 0, '6', 0, 720, 'B'),
(1283, 11, '2073-05-27', '2016-09-12', '16', 24, '16', 40, 16, 'A'),
(1284, 7, '2073-05-27', '2016-09-12', '18', 0, '18', 5, 5, 'B'),
(1285, 11, '2073-05-27', '2016-09-12', '22', 5, '22', 20, 15, 'B'),
(1286, 6, '2073-05-27', '2016-09-12', '23', 5, '23', 10, 5, 'B'),
(1287, 11, '2073-05-27', '2016-09-12', '4', 45, '5', 0, 15, 'B'),
(1288, 26, '2073-05-27', '2016-09-12', '14', 0, '14', 30, 30, 'A'),
(1289, 24, '2073-05-27', '2016-09-12', '5', 45, '6', 0, 15, 'B'),
(1290, 64, '2073-05-27', '2016-09-12', '6', 0, '6', 30, 30, 'A'),
(1291, 36, '2073-05-27', '2016-09-12', '6', 30, '6', 55, 25, 'A'),
(1292, 63, '2073-05-27', '2016-09-12', '7', 0, '7', 30, 30, 'A'),
(1293, 63, '2073-05-27', '2016-09-12', '10', 0, '10', 30, 30, 'A'),
(1294, 63, '2073-05-27', '2016-09-12', '12', 15, '12', 45, 30, 'A'),
(1296, 63, '2073-05-27', '2016-09-12', '15', 0, '15', 30, 30, 'A'),
(1297, 70, '2073-05-27', '2016-09-12', '17', 50, '0', 55, 425, 'A'),
(1298, 63, '2073-05-27', '2016-09-12', '18', 40, '19', 0, 20, 'B'),
(1299, 64, '2073-05-27', '2016-09-12', '20', 45, '21', 0, 15, 'B'),
(1300, 65, '2073-05-27', '2016-09-12', '21', 0, '21', 30, 30, 'B'),
(1301, 36, '2073-05-27', '2016-09-12', '21', 30, '21', 40, 10, 'B'),
(1302, 64, '2073-05-27', '2016-09-12', '23', 30, '0', 0, 30, 'B'),
(1303, 63, '2073-05-27', '2016-09-12', '0', 0, '0', 30, 30, 'B'),
(1305, 64, '2073-05-27', '2016-09-12', '2', 0, '2', 30, 30, 'B'),
(1306, 36, '2073-05-27', '2016-09-12', '2', 30, '2', 50, 20, 'B'),
(1307, 63, '2073-05-27', '2016-09-12', '2', 50, '3', 0, 10, 'B'),
(1308, 63, '2073-05-27', '2016-09-12', '4', 40, '4', 50, 10, 'B'),
(1309, 63, '2073-05-27', '2016-09-12', '4', 40, '4', 50, 10, 'B'),
(1310, 7, '2073-05-28', '2016-09-13', '8', 7, '8', 12, 5, 'A'),
(1311, 6, '2073-05-28', '2016-09-13', '8', 20, '8', 25, 5, 'A'),
(1312, 7, '2073-05-28', '2016-09-13', '8', 43, '8', 48, 5, 'A'),
(1313, 6, '2073-05-28', '2016-09-13', '9', 27, '9', 32, 5, 'A'),
(1314, 7, '2073-05-28', '2016-09-13', '9', 40, '9', 45, 5, 'A'),
(1315, 6, '2073-05-28', '2016-09-13', '10', 23, '10', 28, 5, 'A'),
(1316, 7, '2073-05-28', '2016-09-13', '11', 21, '11', 26, 5, 'A'),
(1317, 11, '2073-05-28', '2016-09-13', '11', 53, '12', 6, 13, 'A'),
(1318, 7, '2073-05-28', '2016-09-13', '12', 13, '12', 18, 5, 'A'),
(1319, 6, '2073-05-28', '2016-09-13', '12', 21, '12', 26, 5, 'A'),
(1320, 7, '2073-05-28', '2016-09-13', '12', 53, '12', 58, 5, 'A'),
(1321, 6, '2073-05-28', '2016-09-13', '13', 2, '13', 7, 5, 'A'),
(1322, 7, '2073-05-28', '2016-09-13', '13', 26, '13', 31, 5, 'A'),
(1323, 7, '2073-05-28', '2016-09-13', '13', 47, '13', 52, 5, 'A'),
(1324, 7, '2073-05-28', '2016-09-13', '14', 23, '14', 28, 5, 'A'),
(1325, 7, '2073-05-28', '2016-09-13', '14', 41, '14', 46, 5, 'A'),
(1326, 7, '2073-05-28', '2016-09-13', '15', 0, '15', 5, 5, 'A'),
(1327, 7, '2073-05-28', '2016-09-13', '15', 43, '15', 48, 5, 'A'),
(1328, 6, '2073-05-28', '2016-09-13', '15', 55, '16', 0, 5, 'A'),
(1329, 11, '2073-05-28', '2016-09-13', '17', 45, '18', 0, 15, 'A'),
(1332, 7, '2073-05-28', '2016-09-13', '18', 10, '18', 15, 5, 'B'),
(1333, 45, '2073-05-28', '2016-09-13', '18', 15, '18', 45, 30, 'B'),
(1334, 6, '2073-05-28', '2016-09-13', '23', 0, '23', 5, 5, 'B'),
(1335, 11, '2073-05-28', '2016-09-13', '2', 20, '2', 37, 17, 'B'),
(1336, 38, '2073-05-28', '2016-09-13', '2', 37, '3', 37, 60, 'B'),
(1337, 45, '2073-05-28', '2016-09-13', '3', 37, '4', 10, 33, 'B'),
(1338, 71, '2073-05-28', '2016-09-13', '6', 0, '8', 0, 120, 'A'),
(1339, 63, '2073-05-28', '2016-09-13', '8', 0, '8', 30, 30, 'A'),
(1340, 64, '2073-05-28', '2016-09-13', '10', 0, '10', 20, 20, 'A'),
(1341, 36, '2073-05-28', '2016-09-13', '10', 20, '10', 40, 20, 'A'),
(1342, 63, '2073-05-28', '2016-09-13', '11', 25, '12', 0, 35, 'A'),
(1343, 65, '2073-05-28', '2016-09-13', '10', 40, '11', 25, 45, 'A'),
(1344, 64, '2073-05-28', '2016-09-13', '14', 40, '15', 0, 20, 'A'),
(1345, 65, '2073-05-28', '2016-09-13', '15', 0, '15', 40, 40, 'A'),
(1346, 36, '2073-05-28', '2016-09-13', '15', 40, '16', 0, 20, 'A'),
(1347, 63, '2073-05-28', '2016-09-13', '16', 0, '16', 30, 30, 'A'),
(1348, 70, '2073-05-28', '2016-09-13', '8', 0, '10', 0, 120, 'A'),
(1349, 69, '2073-05-28', '2016-09-13', '18', 0, '6', 0, 720, 'B'),
(1350, 58, '2073-05-28', '2016-09-13', '18', 0, '18', 20, 20, 'B'),
(1351, 24, '2073-05-29', '2016-09-14', '8', 40, '8', 55, 15, 'A'),
(1352, 58, '2073-05-29', '2016-09-14', '8', 55, '9', 5, 10, 'A'),
(1353, 7, '2073-05-29', '2016-09-14', '8', 51, '8', 56, 5, 'A'),
(1354, 4, '2073-05-29', '2016-09-14', '6', 25, '6', 50, 25, 'A'),
(1355, 6, '2073-05-29', '2016-09-14', '9', 16, '9', 21, 5, 'A'),
(1358, 7, '2073-05-29', '2016-09-14', '14', 36, '14', 41, 5, 'A'),
(1359, 6, '2073-05-29', '2016-09-14', '15', 0, '15', 5, 5, 'A'),
(1360, 7, '2073-05-29', '2016-09-14', '15', 20, '15', 25, 5, 'A'),
(1361, 6, '2073-05-29', '2016-09-14', '16', 13, '16', 18, 5, 'A'),
(1362, 7, '2073-05-29', '2016-09-14', '18', 0, '18', 5, 5, 'B'),
(1363, 11, '2073-05-29', '2016-09-14', '19', 42, '19', 57, 15, 'B'),
(1364, 45, '2073-05-29', '2016-09-14', '19', 57, '20', 15, 18, 'B'),
(1365, 6, '2073-05-29', '2016-09-14', '23', 0, '23', 5, 5, 'B'),
(1366, 62, '2073-05-29', '2016-09-14', '6', 0, '7', 0, 60, 'A'),
(1368, 62, '2073-05-29', '2016-09-14', '7', 0, '7', 30, 30, 'A'),
(1369, 65, '2073-05-29', '2016-09-14', '10', 0, '10', 30, 30, 'A'),
(1370, 63, '2073-05-29', '2016-09-14', '10', 30, '13', 0, 150, 'A'),
(1371, 64, '2073-05-29', '2016-09-14', '16', 0, '16', 30, 30, 'A'),
(1372, 63, '2073-05-29', '2016-09-14', '16', 30, '17', 0, 30, 'A'),
(1373, 64, '2073-05-29', '2016-09-14', '19', 30, '20', 0, 30, 'B'),
(1374, 65, '2073-05-29', '2016-09-14', '20', 0, '20', 40, 40, 'B'),
(1375, 36, '2073-05-29', '2016-09-14', '20', 40, '21', 0, 20, 'B'),
(1376, 63, '2073-05-29', '2016-09-14', '21', 0, '21', 25, 25, 'B'),
(1377, 64, '2073-05-29', '2016-09-14', '23', 40, '0', 0, 20, 'B'),
(1378, 65, '2073-05-29', '2016-09-14', '0', 0, '1', 20, 80, 'B'),
(1379, 63, '2073-05-29', '2016-09-14', '1', 20, '1', 40, 20, 'B'),
(1380, 64, '2073-05-29', '2016-09-14', '4', 30, '5', 0, 30, 'B'),
(1381, 65, '2073-05-29', '2016-09-14', '5', 0, '6', 0, 60, 'B'),
(1382, 48, '2073-05-29', '2016-09-14', '12', 0, '14', 0, 120, 'A'),
(1383, 24, '2073-05-30', '2016-09-15', '14', 30, '14', 45, 15, 'A'),
(1384, 58, '2073-05-30', '2016-09-15', '14', 45, '15', 0, 15, 'A'),
(1385, 7, '2073-05-30', '2016-09-15', '8', 15, '8', 20, 5, 'A'),
(1386, 45, '2073-05-30', '2016-09-15', '9', 0, '9', 15, 15, 'A'),
(1387, 7, '2073-05-30', '2016-09-15', '8', 54, '8', 59, 5, 'A'),
(1388, 6, '2073-05-30', '2016-09-15', '9', 47, '9', 52, 5, 'A'),
(1389, 7, '2073-05-30', '2016-09-15', '11', 7, '11', 12, 5, 'A'),
(1390, 6, '2073-05-30', '2016-09-15', '12', 11, '12', 16, 5, 'A'),
(1391, 7, '2073-05-30', '2016-09-15', '13', 3, '13', 8, 5, 'A'),
(1392, 11, '2073-05-30', '2016-09-15', '14', 0, '14', 14, 14, 'A'),
(1393, 7, '2073-05-30', '2016-09-15', '18', 0, '18', 5, 5, 'B'),
(1394, 11, '2073-05-30', '2016-09-15', '22', 48, '23', 1, 13, 'B'),
(1395, 6, '2073-05-30', '2016-09-15', '23', 14, '23', 19, 5, 'B'),
(1396, 11, '2073-05-30', '2016-09-15', '5', 13, '5', 27, 14, 'B'),
(1397, 62, '2073-05-30', '2016-09-15', '6', 0, '7', 30, 90, 'A'),
(1398, 36, '2073-05-30', '2016-09-15', '7', 30, '7', 50, 20, 'A'),
(1399, 63, '2073-05-30', '2016-09-15', '7', 50, '8', 15, 25, 'A'),
(1400, 63, '2073-05-30', '2016-09-15', '10', 30, '11', 0, 30, 'A'),
(1401, 64, '2073-05-30', '2016-09-15', '12', 30, '12', 50, 20, 'A'),
(1402, 65, '2073-05-30', '2016-09-15', '12', 50, '13', 10, 20, 'A'),
(1403, 32, '2073-05-30', '2016-09-15', '13', 10, '13', 30, 20, 'A'),
(1404, 63, '2073-05-30', '2016-09-15', '13', 30, '14', 30, 60, 'A'),
(1405, 64, '2073-05-30', '2016-09-15', '16', 0, '16', 20, 20, 'A'),
(1406, 63, '2073-05-30', '2016-09-15', '16', 20, '16', 40, 20, 'A'),
(1407, 64, '2073-05-30', '2016-09-15', '17', 50, '18', 0, 10, 'A'),
(1408, 24, '2073-05-31', '2016-09-16', '6', 0, '6', 15, 15, 'A'),
(1409, 58, '2073-05-31', '2016-09-16', '6', 15, '6', 25, 10, 'A'),
(1410, 24, '2073-05-31', '2016-09-16', '12', 15, '12', 30, 15, 'A'),
(1411, 58, '2073-05-31', '2016-09-16', '12', 30, '12', 45, 15, 'A'),
(1412, 38, '2073-05-31', '2016-09-16', '7', 35, '8', 35, 60, 'A'),
(1413, 45, '2073-05-31', '2016-09-16', '8', 35, '9', 0, 25, 'A'),
(1414, 7, '2073-05-31', '2016-09-16', '8', 57, '9', 2, 5, 'A'),
(1415, 6, '2073-05-31', '2016-09-16', '9', 50, '9', 55, 5, 'A'),
(1416, 11, '2073-05-31', '2016-09-16', '15', 24, '15', 38, 14, 'A'),
(1417, 7, '2073-05-31', '2016-09-16', '17', 30, '17', 35, 5, 'A'),
(1418, 6, '2073-05-31', '2016-09-16', '23', 0, '23', 5, 5, 'B'),
(1419, 43, '2073-05-31', '2016-09-16', '4', 30, '6', 0, 90, 'B'),
(1420, 24, '2073-05-31', '2016-09-16', '19', 0, '19', 15, 15, 'B'),
(1421, 58, '2073-05-31', '2016-09-16', '19', 15, '19', 30, 15, 'B'),
(1422, 69, '2073-05-30', '2016-09-15', '18', 0, '6', 0, 720, 'B'),
(1423, 65, '2073-05-31', '2016-09-16', '6', 0, '7', 0, 60, 'A'),
(1424, 62, '2073-05-31', '2016-09-16', '7', 0, '8', 0, 60, 'A'),
(1425, 64, '2073-05-31', '2016-09-16', '8', 40, '9', 0, 20, 'A'),
(1426, 64, '2073-05-31', '2016-09-16', '9', 0, '9', 30, 30, 'A'),
(1427, 36, '2073-05-31', '2016-09-16', '9', 30, '10', 0, 30, 'A'),
(1428, 63, '2073-05-31', '2016-09-16', '10', 0, '10', 15, 15, 'A'),
(1429, 63, '2073-05-31', '2016-09-16', '11', 30, '12', 0, 30, 'A'),
(1430, 65, '2073-05-31', '2016-09-16', '14', 0, '14', 30, 30, 'A'),
(1431, 65, '2073-05-31', '2016-09-16', '14', 30, '15', 30, 60, 'A'),
(1432, 36, '2073-05-31', '2016-09-16', '15', 30, '15', 45, 15, 'A'),
(1433, 63, '2073-05-31', '2016-09-16', '15', 45, '16', 15, 30, 'A'),
(1434, 65, '2073-05-31', '2016-09-16', '19', 0, '19', 40, 40, 'B'),
(1435, 63, '2073-05-31', '2016-09-16', '19', 40, '20', 0, 20, 'B'),
(1436, 65, '2073-05-31', '2016-09-16', '22', 0, '22', 30, 30, 'B'),
(1437, 36, '2073-05-31', '2016-09-16', '2', 0, '2', 20, 20, 'B'),
(1438, 63, '2073-05-31', '2016-09-16', '23', 0, '23', 25, 25, 'B'),
(1439, 65, '2073-05-31', '2016-09-16', '1', 30, '2', 0, 30, 'B'),
(1441, 63, '2073-05-31', '2016-09-16', '2', 20, '2', 40, 20, 'B'),
(1442, 64, '2073-05-31', '2016-09-16', '4', 30, '5', 0, 30, 'B'),
(1443, 64, '2073-05-31', '2016-09-16', '5', 0, '6', 0, 60, 'B'),
(1445, 110, '2073-04-02', '2016-07-17', '4', 2, '16', 0, 718, 'A'),
(1446, 11, '2073-06-02', '2016-09-18', '6', 10, '6', 25, 15, 'A'),
(1447, 38, '2073-06-02', '2016-09-18', '6', 25, '7', 25, 60, 'A'),
(1448, 45, '2073-06-02', '2016-09-18', '7', 25, '7', 50, 25, 'A'),
(1449, 7, '2073-06-02', '2016-09-18', '18', 0, '18', 5, 5, 'B'),
(1450, 11, '2073-06-02', '2016-09-18', '19', 0, '19', 16, 16, 'B'),
(1451, 45, '2073-06-02', '2016-09-18', '19', 16, '19', 31, 15, 'B'),
(1452, 6, '2073-06-02', '2016-09-18', '23', 6, '23', 11, 5, 'B'),
(1453, 43, '2073-06-02', '2016-09-18', '5', 30, '6', 0, 30, 'B'),
(1454, 73, '2073-06-02', '2016-09-18', '6', 0, '9', 0, 180, 'A'),
(1455, 63, '2073-06-02', '2016-09-18', '9', 0, '9', 20, 20, 'A'),
(1456, 63, '2073-06-02', '2016-09-18', '11', 30, '11', 45, 15, 'A'),
(1457, 63, '2073-06-02', '2016-09-18', '13', 25, '13', 40, 15, 'A'),
(1458, 65, '2073-06-02', '2016-09-18', '15', 20, '15', 40, 20, 'A'),
(1459, 36, '2073-06-02', '2016-09-18', '15', 40, '16', 0, 20, 'A'),
(1460, 63, '2073-06-02', '2016-09-18', '16', 0, '16', 20, 20, 'A'),
(1461, 69, '2073-06-02', '2016-09-18', '18', 0, '6', 0, 720, 'B'),
(1462, 59, '2073-06-02', '2016-09-18', '6', 0, '6', 30, 30, 'A'),
(1463, 59, '2073-06-04', '2016-09-20', '6', 0, '6', 25, 25, 'A'),
(1464, 24, '2073-06-04', '2016-09-20', '10', 15, '10', 30, 15, 'A'),
(1465, 58, '2073-06-04', '2016-09-20', '10', 30, '10', 40, 10, 'A'),
(1466, 14, '2073-06-04', '2016-09-20', '6', 0, '7', 0, 60, 'A'),
(1467, 45, '2073-06-04', '2016-09-20', '7', 0, '7', 30, 30, 'A'),
(1468, 7, '2073-06-04', '2016-09-20', '9', 15, '9', 20, 5, 'A'),
(1469, 6, '2073-06-04', '2016-09-20', '9', 42, '9', 47, 5, 'A'),
(1470, 7, '2073-06-04', '2016-09-20', '11', 20, '11', 25, 5, 'A'),
(1471, 6, '2073-06-04', '2016-09-20', '12', 5, '12', 10, 5, 'A'),
(1472, 7, '2073-06-04', '2016-09-20', '18', 0, '18', 5, 5, 'B'),
(1473, 11, '2073-06-04', '2016-09-20', '23', 9, '23', 25, 16, 'B'),
(1474, 38, '2073-06-04', '2016-09-20', '23', 25, '0', 25, 60, 'B'),
(1475, 45, '2073-06-04', '2016-09-20', '0', 25, '0', 50, 25, 'B'),
(1476, 62, '2073-06-04', '2016-09-20', '6', 0, '6', 30, 30, 'A'),
(1477, 63, '2073-06-04', '2016-09-20', '6', 30, '7', 0, 30, 'A'),
(1478, 36, '2073-06-04', '2016-09-20', '7', 0, '7', 20, 20, 'A'),
(1479, 64, '2073-06-04', '2016-09-20', '10', 0, '10', 30, 30, 'A'),
(1480, 65, '2073-06-04', '2016-09-20', '10', 30, '10', 55, 25, 'A'),
(1481, 63, '2073-06-04', '2016-09-20', '10', 55, '11', 15, 20, 'A'),
(1482, 64, '2073-06-04', '2016-09-20', '13', 30, '14', 0, 30, 'A'),
(1483, 65, '2073-06-04', '2016-09-20', '14', 0, '14', 45, 45, 'A'),
(1484, 63, '2073-06-04', '2016-09-20', '14', 45, '15', 10, 25, 'A'),
(1485, 73, '2073-06-04', '2016-09-20', '17', 0, '18', 0, 60, 'A'),
(1486, 29, '2073-06-04', '2016-09-20', '9', 0, '10', 0, 60, 'A'),
(1487, 73, '2073-06-04', '2016-09-20', '18', 0, '1', 30, 450, 'B'),
(1488, 63, '2073-06-04', '2016-09-20', '1', 30, '1', 50, 20, 'B'),
(1489, 63, '2073-06-04', '2016-09-20', '2', 40, '3', 0, 20, 'B'),
(1490, 64, '2073-06-04', '2016-09-20', '3', 45, '4', 0, 15, 'B'),
(1491, 36, '2073-06-04', '2016-09-20', '4', 0, '4', 20, 20, 'B'),
(1492, 63, '2073-06-04', '2016-09-20', '4', 20, '4', 40, 20, 'B'),
(1493, 11, '2073-06-05', '2016-09-21', '7', 15, '7', 32, 17, 'A'),
(1494, 45, '2073-06-05', '2016-09-21', '7', 32, '7', 52, 20, 'A'),
(1495, 7, '2073-06-05', '2016-09-21', '11', 15, '11', 20, 5, 'A'),
(1496, 7, '2073-06-05', '2016-09-21', '11', 21, '11', 26, 5, 'A'),
(1497, 6, '2073-06-05', '2016-09-21', '12', 6, '12', 11, 5, 'A'),
(1498, 7, '2073-06-05', '2016-09-21', '12', 41, '12', 46, 5, 'A'),
(1499, 6, '2073-06-05', '2016-09-21', '13', 55, '14', 0, 5, 'A'),
(1500, 7, '2073-06-05', '2016-09-21', '14', 48, '14', 53, 5, 'A'),
(1501, 6, '2073-06-05', '2016-09-21', '15', 57, '16', 2, 5, 'A'),
(1502, 7, '2073-06-05', '2016-09-21', '16', 5, '16', 10, 5, 'A'),
(1503, 6, '2073-06-05', '2016-09-21', '16', 40, '16', 45, 5, 'A'),
(1504, 7, '2073-06-05', '2016-09-21', '18', 0, '18', 5, 5, 'B'),
(1505, 6, '2073-06-05', '2016-09-21', '23', 15, '23', 20, 5, 'B'),
(1506, 11, '2073-06-05', '2016-09-21', '23', 54, '0', 10, 16, 'B'),
(1507, 38, '2073-06-05', '2016-09-21', '0', 10, '1', 10, 60, 'B'),
(1508, 45, '2073-06-05', '2016-09-21', '1', 10, '1', 30, 20, 'B'),
(1509, 7, '2073-06-05', '2016-09-21', '4', 0, '4', 5, 5, 'B'),
(1510, 6, '2073-06-05', '2016-09-21', '5', 3, '5', 8, 5, 'B'),
(1511, 62, '2073-06-05', '2016-09-21', '6', 0, '6', 30, 30, 'A'),
(1512, 63, '2073-06-05', '2016-09-21', '6', 30, '7', 0, 30, 'A'),
(1513, 64, '2073-06-05', '2016-09-21', '9', 0, '9', 30, 30, 'A'),
(1514, 32, '2073-06-05', '2016-09-21', '9', 30, '10', 0, 30, 'A'),
(1515, 63, '2073-06-05', '2016-09-21', '10', 0, '10', 30, 30, 'A'),
(1516, 64, '2073-06-05', '2016-09-21', '11', 30, '11', 40, 10, 'A'),
(1517, 32, '2073-06-05', '2016-09-21', '11', 40, '12', 0, 20, 'A'),
(1518, 63, '2073-06-05', '2016-09-21', '12', 0, '12', 30, 30, 'A'),
(1519, 64, '2073-06-05', '2016-09-21', '15', 0, '15', 30, 30, 'A'),
(1520, 68, '2073-06-05', '2016-09-21', '15', 30, '16', 0, 30, 'A'),
(1521, 36, '2073-06-05', '2016-09-21', '16', 0, '16', 30, 30, 'A'),
(1522, 69, '2073-06-05', '2016-09-21', '18', 0, '6', 0, 720, 'B'),
(1523, 58, '2073-06-06', '2016-09-22', '11', 30, '11', 50, 20, 'A'),
(1524, 24, '2073-06-06', '2016-09-22', '14', 30, '14', 45, 15, 'A'),
(1525, 58, '2073-06-06', '2016-09-22', '14', 45, '15', 0, 15, 'A'),
(1526, 7, '2073-06-06', '2016-09-22', '8', 36, '8', 41, 5, 'A'),
(1527, 6, '2073-06-06', '2016-09-22', '9', 39, '9', 44, 5, 'A'),
(1528, 7, '2073-06-06', '2016-09-22', '10', 30, '10', 35, 5, 'A'),
(1529, 6, '2073-06-06', '2016-09-22', '11', 12, '11', 17, 5, 'A'),
(1530, 7, '2073-06-06', '2016-09-22', '11', 33, '11', 38, 5, 'A'),
(1531, 6, '2073-06-06', '2016-09-22', '12', 15, '12', 20, 5, 'A'),
(1532, 11, '2073-06-06', '2016-09-22', '14', 55, '15', 10, 15, 'A'),
(1533, 7, '2073-06-06', '2016-09-22', '15', 50, '15', 55, 5, 'A'),
(1534, 2, '2073-06-06', '2016-09-22', '16', 25, '16', 55, 30, 'A'),
(1535, 7, '2073-06-06', '2016-09-22', '18', 0, '6', 0, 720, 'B'),
(1536, 65, '2073-06-06', '2016-09-22', '6', 0, '6', 30, 30, 'A'),
(1537, 36, '2073-06-06', '2016-09-22', '6', 30, '7', 0, 30, 'A'),
(1538, 63, '2073-06-06', '2016-09-22', '7', 0, '7', 20, 20, 'A'),
(1539, 29, '2073-06-06', '2016-09-22', '9', 25, '9', 35, 10, 'A'),
(1540, 29, '2073-06-06', '2016-09-22', '11', 15, '11', 25, 10, 'A'),
(1541, 64, '2073-06-06', '2016-09-22', '12', 0, '12', 30, 30, 'A'),
(1542, 34, '2073-06-06', '2016-09-22', '12', 40, '13', 40, 60, 'A'),
(1543, 63, '2073-06-06', '2016-09-22', '13', 40, '14', 30, 50, 'A'),
(1544, 64, '2073-06-06', '2016-09-22', '17', 30, '18', 0, 30, 'A'),
(1545, 69, '2073-06-06', '2016-09-22', '18', 0, '6', 0, 720, 'A'),
(1546, 19, '2073-06-07', '2016-09-23', '6', 0, '11', 0, 300, 'A'),
(1547, 51, '2073-06-07', '2016-09-23', '11', 0, '12', 30, 90, 'A'),
(1548, 7, '2073-06-07', '2016-09-23', '6', 0, '10', 45, 285, 'A'),
(1549, 14, '2073-06-07', '2016-09-23', '10', 45, '14', 0, 195, 'A'),
(1550, 45, '2073-06-07', '2016-09-23', '14', 0, '14', 30, 30, 'A'),
(1551, 4, '2073-06-07', '2016-09-23', '16', 0, '16', 30, 30, 'A'),
(1552, 7, '2073-06-07', '2016-09-23', '18', 0, '18', 5, 5, 'B'),
(1553, 45, '2073-06-07', '2016-09-23', '18', 5, '18', 20, 15, 'B'),
(1554, 6, '2073-06-07', '2016-09-23', '23', 9, '23', 14, 5, 'B'),
(1555, 43, '2073-06-07', '2016-09-23', '5', 30, '6', 0, 30, 'B'),
(1556, 29, '2073-06-07', '2016-09-23', '6', 0, '11', 0, 300, 'A'),
(1557, 32, '2073-06-07', '2016-09-23', '11', 0, '11', 30, 30, 'A'),
(1558, 68, '2073-06-07', '2016-09-23', '11', 30, '18', 0, 390, 'A'),
(1559, 69, '2073-06-07', '2016-09-23', '18', 0, '6', 0, 720, 'B'),
(1560, 59, '2073-06-09', '2016-09-25', '6', 0, '6', 30, 30, 'A'),
(1561, 11, '2073-06-09', '2016-09-25', '6', 0, '6', 15, 15, 'A'),
(1562, 38, '2073-06-09', '2016-09-25', '6', 15, '7', 15, 60, 'A'),
(1563, 45, '2073-06-09', '2016-09-25', '7', 15, '7', 35, 20, 'A'),
(1564, 7, '2073-06-09', '2016-09-25', '7', 40, '7', 45, 5, 'A'),
(1565, 6, '2073-06-09', '2016-09-25', '7', 50, '7', 55, 5, 'A'),
(1566, 7, '2073-06-09', '2016-09-25', '10', 37, '10', 42, 5, 'A'),
(1567, 6, '2073-06-09', '2016-09-25', '11', 21, '11', 26, 5, 'A'),
(1568, 7, '2073-06-09', '2016-09-25', '12', 50, '12', 55, 5, 'A'),
(1569, 6, '2073-06-09', '2016-09-25', '13', 43, '13', 50, 7, 'A'),
(1570, 6, '2073-06-09', '2016-09-25', '14', 2, '14', 7, 5, 'A'),
(1571, 7, '2073-06-09', '2016-09-25', '14', 15, '14', 20, 5, 'A'),
(1572, 6, '2073-06-09', '2016-09-25', '15', 8, '15', 13, 5, 'A'),
(1573, 7, '2073-06-09', '2016-09-25', '15', 22, '15', 27, 5, 'A'),
(1574, 45, '2073-06-09', '2016-09-25', '19', 0, '19', 25, 25, 'B'),
(1575, 11, '2073-06-09', '2016-09-25', '22', 10, '22', 24, 14, 'B'),
(1576, 45, '2073-06-09', '2016-09-25', '22', 24, '22', 41, 17, 'B'),
(1577, 6, '2073-06-09', '2016-09-25', '23', 5, '23', 10, 5, 'B'),
(1578, 24, '2073-06-09', '2016-09-25', '19', 30, '19', 45, 15, 'B'),
(1579, 58, '2073-06-09', '2016-09-25', '19', 45, '20', 0, 15, 'B'),
(1580, 24, '2073-06-09', '2016-09-25', '4', 0, '4', 15, 15, 'B'),
(1581, 58, '2073-06-09', '2016-09-25', '4', 15, '4', 30, 15, 'B'),
(1582, 32, '2073-06-09', '2016-09-25', '6', 0, '6', 40, 40, 'A'),
(1583, 65, '2073-06-09', '2016-09-25', '6', 40, '7', 0, 20, 'A'),
(1584, 63, '2073-06-09', '2016-09-25', '7', 0, '7', 30, 30, 'A'),
(1586, 64, '2073-06-09', '2016-09-25', '9', 30, '10', 0, 30, 'A'),
(1587, 65, '2073-06-09', '2016-09-25', '10', 0, '11', 0, 60, 'A'),
(1588, 63, '2073-06-09', '2016-09-25', '11', 0, '12', 0, 60, 'A'),
(1589, 63, '2073-06-09', '2016-09-25', '14', 40, '15', 0, 20, 'A'),
(1590, 63, '2073-06-09', '2016-09-25', '14', 40, '15', 0, 20, 'A'),
(1591, 63, '2073-06-09', '2016-09-25', '16', 30, '17', 0, 30, 'A'),
(1592, 63, '2073-06-09', '2016-09-25', '18', 45, '19', 0, 15, 'B'),
(1593, 63, '2073-06-09', '2016-09-25', '21', 0, '21', 20, 20, 'B'),
(1594, 64, '2073-06-09', '2016-09-25', '23', 0, '23', 30, 30, 'B'),
(1595, 36, '2073-06-09', '2016-09-25', '23', 30, '23', 50, 20, 'B'),
(1596, 65, '2073-06-09', '2016-09-25', '23', 50, '0', 30, 40, 'B'),
(1597, 63, '2073-06-09', '2016-09-25', '0', 30, '1', 0, 30, 'B'),
(1598, 63, '2073-06-09', '2016-09-25', '2', 45, '3', 10, 25, 'B'),
(1599, 63, '2073-06-09', '2016-09-25', '4', 30, '5', 0, 30, 'B'),
(1600, 7, '2073-06-10', '2016-09-26', '6', 35, '6', 40, 5, 'A'),
(1601, 7, '2073-06-10', '2016-09-26', '7', 27, '7', 32, 5, 'A');
INSERT INTO `tbl_time_losses` (`tl_id`, `full_reason_id`, `date_np`, `date_en`, `start_hr`, `start_min`, `end_hr`, `end_min`, `duration`, `shift`) VALUES
(1602, 6, '2073-06-10', '2016-09-26', '7', 34, '7', 39, 5, 'A'),
(1603, 7, '2073-06-10', '2016-09-26', '7', 49, '7', 56, 7, 'A'),
(1604, 6, '2073-06-10', '2016-09-26', '8', 30, '8', 35, 5, 'A'),
(1605, 7, '2073-06-10', '2016-09-26', '8', 36, '8', 41, 5, 'A'),
(1606, 6, '2073-06-10', '2016-09-26', '9', 40, '9', 45, 5, 'A'),
(1607, 7, '2073-06-10', '2016-09-26', '9', 47, '9', 52, 5, 'A'),
(1608, 11, '2073-06-10', '2016-09-26', '10', 35, '10', 50, 15, 'A'),
(1609, 38, '2073-06-10', '2016-09-26', '10', 50, '11', 50, 60, 'A'),
(1610, 45, '2073-06-10', '2016-09-26', '11', 50, '12', 10, 20, 'A'),
(1611, 6, '2073-06-10', '2016-09-26', '12', 21, '12', 26, 5, 'A'),
(1612, 9, '2073-06-10', '2016-09-26', '12', 31, '13', 0, 29, 'A'),
(1613, 7, '2073-06-10', '2016-09-26', '12', 43, '12', 48, 5, 'A'),
(1614, 6, '2073-06-10', '2016-09-26', '13', 57, '14', 2, 5, 'A'),
(1615, 9, '2073-06-10', '2016-09-26', '18', 0, '18', 40, 40, 'B'),
(1616, 45, '2073-06-10', '2016-09-26', '18', 40, '19', 5, 25, 'B'),
(1617, 6, '2073-06-10', '2016-09-26', '23', 10, '23', 15, 5, 'B'),
(1618, 11, '2073-06-10', '2016-09-26', '23', 15, '23', 28, 13, 'B'),
(1619, 45, '2073-06-10', '2016-09-26', '23', 28, '23', 45, 17, 'B'),
(1620, 11, '2073-06-10', '2016-09-26', '5', 0, '5', 14, 14, 'B'),
(1621, 65, '2073-06-10', '2016-09-26', '6', 0, '7', 0, 60, 'A'),
(1622, 36, '2073-06-10', '2016-09-26', '7', 0, '7', 30, 30, 'A'),
(1623, 63, '2073-06-10', '2016-09-26', '7', 30, '8', 0, 30, 'A'),
(1624, 30, '2073-06-10', '2016-09-26', '9', 0, '11', 45, 165, 'A'),
(1625, 65, '2073-06-10', '2016-09-26', '13', 20, '13', 45, 25, 'A'),
(1626, 63, '2073-06-10', '2016-09-26', '14', 0, '14', 45, 45, 'A'),
(1627, 63, '2073-06-10', '2016-09-26', '17', 0, '18', 0, 60, 'A'),
(1628, 62, '2073-06-10', '2016-09-26', '18', 0, '18', 30, 30, 'B'),
(1629, 63, '2073-06-10', '2016-09-26', '20', 0, '20', 25, 25, 'B'),
(1630, 64, '2073-06-10', '2016-09-26', '22', 0, '22', 30, 30, 'B'),
(1631, 65, '2073-06-10', '2016-09-26', '22', 30, '23', 15, 45, 'B'),
(1632, 63, '2073-06-10', '2016-09-26', '23', 15, '23', 30, 15, 'B'),
(1633, 64, '2073-06-10', '2016-09-26', '2', 0, '2', 20, 20, 'B'),
(1634, 65, '2073-06-10', '2016-09-26', '2', 20, '2', 50, 30, 'B'),
(1635, 36, '2073-06-10', '2016-09-26', '2', 50, '3', 0, 10, 'B'),
(1636, 63, '2073-06-10', '2016-09-26', '3', 0, '3', 30, 30, 'B'),
(1637, 24, '2073-06-11', '2016-09-27', '11', 15, '11', 30, 15, 'A'),
(1638, 58, '2073-06-11', '2016-09-27', '11', 30, '11', 45, 15, 'A'),
(1639, 7, '2073-06-11', '2016-09-27', '7', 26, '7', 31, 5, 'A'),
(1640, 6, '2073-06-11', '2016-09-27', '7', 35, '7', 40, 5, 'A'),
(1641, 7, '2073-06-11', '2016-09-27', '8', 0, '8', 5, 5, 'A'),
(1642, 6, '2073-06-11', '2016-09-27', '8', 31, '8', 36, 5, 'A'),
(1643, 7, '2073-06-11', '2016-09-27', '8', 52, '8', 57, 5, 'A'),
(1644, 6, '2073-06-11', '2016-09-27', '9', 25, '9', 30, 5, 'A'),
(1645, 7, '2073-06-11', '2016-09-27', '9', 31, '9', 36, 5, 'A'),
(1646, 6, '2073-06-11', '2016-09-27', '11', 27, '11', 32, 5, 'A'),
(1647, 12, '2073-06-11', '2016-09-27', '12', 15, '13', 10, 55, 'A'),
(1648, 45, '2073-06-11', '2016-09-27', '13', 10, '13', 25, 15, 'A'),
(1649, 6, '2073-06-11', '2016-09-27', '13', 39, '13', 44, 5, 'A'),
(1650, 7, '2073-06-11', '2016-09-27', '15', 53, '15', 58, 5, 'A'),
(1651, 6, '2073-06-11', '2016-09-27', '16', 55, '17', 0, 5, 'A'),
(1652, 11, '2073-06-11', '2016-09-27', '18', 0, '18', 15, 15, 'B'),
(1653, 11, '2073-06-11', '2016-09-27', '21', 17, '21', 30, 13, 'B'),
(1654, 45, '2073-06-11', '2016-09-27', '21', 30, '21', 50, 20, 'B'),
(1655, 6, '2073-06-11', '2016-09-27', '23', 10, '23', 15, 5, 'B'),
(1656, 11, '2073-06-11', '2016-09-27', '3', 45, '4', 2, 17, 'B'),
(1657, 38, '2073-06-11', '2016-09-27', '4', 2, '5', 2, 60, 'B'),
(1658, 45, '2073-06-11', '2016-09-27', '5', 2, '5', 22, 20, 'B'),
(1659, 24, '2073-06-11', '2016-09-27', '2', 30, '2', 45, 15, 'B'),
(1660, 58, '2073-06-11', '2016-09-27', '2', 45, '3', 0, 15, 'B'),
(1662, 65, '2073-06-11', '2016-09-27', '6', 0, '7', 30, 90, 'A'),
(1663, 36, '2073-06-11', '2016-09-27', '7', 30, '7', 50, 20, 'A'),
(1664, 62, '2073-06-11', '2016-09-27', '7', 50, '8', 20, 30, 'A'),
(1666, 64, '2073-06-11', '2016-09-27', '10', 40, '11', 0, 20, 'A'),
(1667, 62, '2073-06-11', '2016-09-27', '11', 0, '11', 30, 30, 'A'),
(1668, 63, '2073-06-11', '2016-09-27', '11', 30, '12', 0, 30, 'A'),
(1669, 64, '2073-06-11', '2016-09-27', '14', 0, '14', 20, 20, 'A'),
(1670, 68, '2073-06-11', '2016-09-27', '14', 20, '15', 0, 40, 'A'),
(1671, 36, '2073-06-11', '2016-09-27', '15', 0, '15', 30, 30, 'A'),
(1672, 68, '2073-06-11', '2016-09-27', '15', 30, '18', 0, 150, 'A'),
(1673, 69, '2073-06-11', '2016-09-27', '18', 0, '6', 0, 720, 'B'),
(1674, 13, '2073-06-12', '2016-09-28', '10', 0, '10', 40, 40, 'A'),
(1675, 45, '2073-06-12', '2016-09-28', '10', 40, '11', 0, 20, 'A'),
(1676, 7, '2073-06-12', '2016-09-28', '11', 43, '11', 48, 5, 'A'),
(1677, 6, '2073-06-12', '2016-09-28', '12', 21, '12', 26, 5, 'A'),
(1678, 13, '2073-06-12', '2016-09-28', '14', 30, '15', 10, 40, 'A'),
(1679, 11, '2073-06-12', '2016-09-28', '15', 10, '15', 25, 15, 'A'),
(1680, 45, '2073-06-12', '2016-09-28', '15', 25, '15', 45, 20, 'A'),
(1681, 7, '2073-06-12', '2016-09-28', '15', 45, '15', 50, 5, 'A'),
(1682, 6, '2073-06-12', '2016-09-28', '16', 10, '16', 15, 5, 'A'),
(1683, 7, '2073-06-12', '2016-09-28', '18', 0, '18', 5, 5, 'B'),
(1684, 6, '2073-06-12', '2016-09-28', '22', 50, '22', 55, 5, 'B'),
(1685, 48, '2073-06-12', '2016-09-28', '4', 40, '5', 20, 40, 'B'),
(1686, 65, '2073-06-12', '2016-09-28', '6', 0, '6', 30, 30, 'A'),
(1687, 62, '2073-06-12', '2016-09-28', '6', 30, '8', 30, 120, 'A'),
(1688, 72, '2073-06-12', '2016-09-28', '9', 0, '9', 20, 20, 'A'),
(1689, 65, '2073-06-12', '2016-09-28', '9', 20, '9', 25, 5, 'A'),
(1690, 36, '2073-06-12', '2016-09-28', '10', 25, '10', 45, 20, 'A'),
(1691, 63, '2073-06-12', '2016-09-28', '10', 45, '11', 15, 30, 'A'),
(1692, 73, '2073-06-12', '2016-09-28', '11', 15, '11', 30, 15, 'A'),
(1693, 64, '2073-06-12', '2016-09-28', '11', 30, '12', 0, 30, 'A'),
(1694, 65, '2073-06-12', '2016-09-28', '12', 0, '13', 30, 90, 'A'),
(1695, 36, '2073-06-12', '2016-09-28', '13', 30, '13', 45, 15, 'A'),
(1697, 62, '2073-06-12', '2016-09-28', '13', 45, '14', 30, 45, 'A'),
(1698, 29, '2073-06-12', '2016-09-28', '17', 30, '18', 0, 30, 'A'),
(1699, 69, '2073-06-12', '2016-09-28', '18', 0, '6', 0, 720, 'B'),
(1700, 24, '2073-06-13', '2016-09-29', '10', 0, '10', 15, 15, 'A'),
(1701, 58, '2073-06-13', '2016-09-29', '10', 15, '10', 30, 15, 'A'),
(1702, 11, '2073-06-13', '2016-09-29', '9', 17, '9', 30, 13, 'A'),
(1703, 11, '2073-06-13', '2016-09-29', '14', 29, '14', 43, 14, 'A'),
(1704, 11, '2073-06-13', '2016-09-29', '15', 30, '15', 45, 15, 'A'),
(1705, 38, '2073-06-13', '2016-09-29', '15', 45, '16', 45, 60, 'A'),
(1706, 45, '2073-06-13', '2016-09-29', '16', 45, '17', 5, 20, 'A'),
(1707, 7, '2073-06-13', '2016-09-29', '18', 0, '18', 5, 5, 'B'),
(1708, 6, '2073-06-13', '2016-09-29', '22', 31, '22', 36, 5, 'B'),
(1710, 45, '2073-06-13', '2016-09-29', '2', 0, '2', 20, 20, 'B'),
(1711, 11, '2073-06-13', '2016-09-29', '1', 42, '2', 0, 18, 'B'),
(1712, 24, '2073-06-13', '2016-09-29', '18', 15, '18', 30, 15, 'B'),
(1713, 58, '2073-06-13', '2016-09-29', '18', 30, '19', 15, 45, 'B'),
(1714, 64, '2073-06-13', '2016-09-29', '6', 0, '6', 20, 20, 'A'),
(1715, 61, '2073-06-13', '2016-09-29', '6', 20, '7', 0, 40, 'A'),
(1717, 63, '2073-06-13', '2016-09-29', '7', 0, '7', 30, 30, 'A'),
(1718, 64, '2073-06-13', '2016-09-29', '11', 30, '11', 50, 20, 'A'),
(1719, 65, '2073-06-13', '2016-09-29', '11', 50, '12', 30, 40, 'A'),
(1720, 63, '2073-06-13', '2016-09-29', '12', 30, '13', 20, 50, 'A'),
(1721, 29, '2073-06-13', '2016-09-29', '13', 30, '13', 50, 20, 'A'),
(1722, 63, '2073-06-13', '2016-09-29', '14', 0, '14', 45, 45, 'A'),
(1723, 63, '2073-06-13', '2016-09-29', '15', 0, '15', 40, 40, 'A'),
(1724, 64, '2073-06-13', '2016-09-29', '16', 0, '17', 0, 60, 'A'),
(1725, 65, '2073-06-13', '2016-09-29', '17', 0, '18', 0, 60, 'A'),
(1726, 70, '2073-06-13', '2016-09-29', '18', 0, '0', 30, 390, 'B'),
(1727, 63, '2073-06-13', '2016-09-29', '18', 30, '19', 0, 30, 'B'),
(1728, 63, '2073-06-13', '2016-09-29', '19', 0, '19', 30, 30, 'B'),
(1729, 75, '2073-06-13', '2016-09-29', '19', 30, '20', 0, 30, 'B'),
(1730, 64, '2073-06-13', '2016-09-29', '22', 30, '22', 45, 15, 'B'),
(1731, 65, '2073-06-13', '2016-09-29', '22', 45, '23', 15, 30, 'B'),
(1732, 63, '2073-06-13', '2016-09-29', '23', 15, '23', 45, 30, 'B'),
(1733, 70, '2073-06-13', '2016-09-29', '23', 45, '2', 0, 135, 'B'),
(1736, 64, '2073-06-13', '2016-09-29', '2', 0, '2', 20, 20, 'B'),
(1737, 65, '2073-06-13', '2016-09-29', '2', 20, '2', 45, 25, 'B'),
(1738, 63, '2073-06-13', '2016-09-29', '2', 45, '3', 15, 30, 'B'),
(1739, 70, '2073-06-13', '2016-09-29', '3', 30, '4', 0, 30, 'B'),
(1740, 7, '2073-06-14', '2016-09-30', '8', 23, '8', 28, 5, 'A'),
(1741, 6, '2073-06-14', '2016-09-30', '8', 57, '9', 2, 5, 'A'),
(1742, 7, '2073-06-14', '2016-09-30', '9', 28, '9', 33, 5, 'A'),
(1743, 6, '2073-06-14', '2016-09-30', '9', 35, '9', 40, 5, 'A'),
(1744, 7, '2073-06-14', '2016-09-30', '10', 43, '10', 48, 5, 'A'),
(1745, 6, '2073-06-14', '2016-09-30', '11', 37, '11', 42, 5, 'A'),
(1746, 7, '2073-06-14', '2016-09-30', '13', 48, '13', 53, 5, 'A'),
(1747, 48, '2073-06-14', '2016-09-30', '14', 15, '16', 0, 105, 'A'),
(1748, 11, '2073-06-14', '2016-09-30', '17', 40, '18', 0, 20, 'A'),
(1749, 38, '2073-06-14', '2016-09-30', '18', 0, '19', 0, 60, 'B'),
(1750, 45, '2073-06-14', '2016-09-30', '19', 0, '19', 30, 30, 'B'),
(1751, 6, '2073-06-14', '2016-09-30', '23', 7, '23', 12, 5, 'B'),
(1752, 11, '2073-06-15', '2016-10-01', '7', 43, '8', 0, 17, 'A'),
(1753, 45, '2073-06-15', '2016-10-01', '8', 0, '8', 20, 20, 'A'),
(1754, 7, '2073-06-15', '2016-10-01', '18', 0, '18', 5, 5, 'B'),
(1755, 6, '2073-06-15', '2016-10-01', '22', 30, '22', 35, 5, 'B'),
(1756, 7, '2073-06-15', '2016-10-01', '22', 44, '22', 49, 5, 'B'),
(1757, 11, '2073-06-15', '2016-10-01', '23', 35, '23', 50, 15, 'B'),
(1758, 38, '2073-06-15', '2016-10-01', '23', 50, '0', 50, 60, 'B'),
(1759, 45, '2073-06-15', '2016-10-01', '0', 50, '1', 10, 20, 'B'),
(1760, 7, '2073-06-15', '2016-10-01', '3', 35, '3', 40, 5, 'B'),
(1761, 6, '2073-06-15', '2016-10-01', '4', 0, '4', 5, 5, 'B'),
(1762, 64, '2073-06-14', '2016-09-30', '9', 30, '9', 45, 15, 'A'),
(1763, 65, '2073-06-14', '2016-09-30', '9', 45, '10', 30, 45, 'A'),
(1764, 61, '2073-06-14', '2016-09-30', '10', 30, '11', 0, 30, 'A'),
(1765, 63, '2073-06-14', '2016-09-30', '11', 0, '11', 25, 25, 'A'),
(1766, 63, '2073-06-14', '2016-09-30', '13', 20, '13', 40, 20, 'A'),
(1768, 64, '2073-06-14', '2016-09-30', '17', 30, '18', 0, 30, 'A'),
(1769, 73, '2073-06-14', '2016-09-30', '18', 0, '21', 0, 180, 'B'),
(1770, 63, '2073-06-14', '2016-09-30', '21', 0, '21', 20, 20, 'B'),
(1771, 64, '2073-06-14', '2016-09-30', '23', 30, '23', 50, 20, 'B'),
(1772, 65, '2073-06-14', '2016-09-30', '23', 50, '0', 30, 40, 'B'),
(1773, 63, '2073-06-14', '2016-09-30', '0', 30, '0', 45, 15, 'B'),
(1774, 75, '2073-06-14', '2016-09-30', '0', 45, '1', 30, 45, 'B'),
(1775, 65, '2073-06-14', '2016-09-30', '1', 30, '2', 10, 40, 'B'),
(1776, 63, '2073-06-14', '2016-09-30', '2', 10, '2', 40, 30, 'B'),
(1777, 65, '2073-06-14', '2016-09-30', '3', 30, '3', 45, 15, 'B'),
(1778, 63, '2073-06-14', '2016-09-30', '5', 0, '5', 30, 30, 'B'),
(1779, 61, '2073-06-15', '2016-10-01', '6', 0, '7', 0, 60, 'A'),
(1780, 63, '2073-06-15', '2016-10-01', '8', 0, '8', 45, 45, 'A'),
(1781, 61, '2073-06-15', '2016-10-01', '9', 30, '10', 0, 30, 'A'),
(1782, 64, '2073-06-15', '2016-10-01', '13', 30, '13', 45, 15, 'A'),
(1783, 65, '2073-06-15', '2016-10-01', '13', 45, '14', 20, 35, 'A'),
(1784, 63, '2073-06-15', '2016-10-01', '14', 20, '14', 40, 20, 'A'),
(1785, 63, '2073-06-15', '2016-10-01', '16', 20, '16', 45, 25, 'A'),
(1786, 63, '2073-06-15', '2016-10-01', '19', 0, '19', 30, 30, 'B'),
(1787, 63, '2073-06-15', '2016-10-01', '21', 0, '21', 30, 30, 'B'),
(1788, 64, '2073-06-15', '2016-10-01', '23', 0, '23', 30, 30, 'B'),
(1789, 65, '2073-06-15', '2016-10-01', '23', 30, '0', 0, 30, 'B'),
(1790, 36, '2073-06-15', '2016-10-01', '0', 0, '0', 15, 15, 'B'),
(1791, 63, '2073-06-15', '2016-10-01', '0', 15, '0', 30, 15, 'B'),
(1792, 64, '2073-06-15', '2016-10-01', '2', 0, '2', 30, 30, 'B'),
(1793, 65, '2073-06-15', '2016-10-01', '2', 30, '3', 20, 50, 'B'),
(1794, 63, '2073-06-15', '2016-10-01', '3', 20, '3', 50, 30, 'B'),
(1795, 45, '2073-06-16', '2016-10-02', '11', 0, '11', 20, 20, 'A'),
(1796, 7, '2073-06-16', '2016-10-02', '13', 40, '13', 45, 5, 'A'),
(1797, 6, '2073-06-16', '2016-10-02', '14', 37, '14', 42, 5, 'A'),
(1798, 11, '2073-06-16', '2016-10-02', '16', 19, '16', 35, 16, 'A'),
(1799, 45, '2073-06-16', '2016-10-02', '16', 35, '16', 50, 15, 'A'),
(1800, 6, '2073-06-16', '2016-10-02', '16', 50, '16', 55, 5, 'A'),
(1801, 7, '2073-06-16', '2016-10-02', '18', 0, '18', 5, 5, 'B'),
(1802, 6, '2073-06-16', '2016-10-02', '23', 5, '23', 10, 5, 'B'),
(1803, 7, '2073-06-16', '2016-10-02', '2', 50, '2', 55, 5, 'B'),
(1804, 6, '2073-06-16', '2016-10-02', '3', 50, '3', 55, 5, 'B'),
(1805, 24, '2073-06-16', '2016-10-02', '19', 0, '19', 15, 15, 'B'),
(1806, 58, '2073-06-16', '2016-10-02', '19', 15, '19', 30, 15, 'B'),
(1808, 63, '2073-06-16', '2016-10-02', '7', 40, '8', 0, 20, 'A'),
(1809, 63, '2073-06-16', '2016-10-02', '11', 30, '12', 0, 30, 'A'),
(1810, 64, '2073-06-16', '2016-10-02', '14', 0, '14', 20, 20, 'A'),
(1811, 65, '2073-06-16', '2016-10-02', '14', 20, '15', 20, 60, 'A'),
(1812, 62, '2073-06-16', '2016-10-02', '15', 20, '16', 0, 40, 'A'),
(1813, 29, '2073-06-16', '2016-10-02', '17', 50, '18', 0, 10, 'A'),
(1814, 69, '2073-06-16', '2016-10-02', '18', 0, '6', 0, 720, 'B'),
(1815, 12, '2073-06-17', '2016-10-03', '12', 47, '13', 30, 43, 'A'),
(1816, 7, '2073-06-17', '2016-10-03', '13', 38, '13', 43, 5, 'A'),
(1817, 6, '2073-06-17', '2016-10-03', '14', 50, '14', 55, 5, 'A'),
(1818, 7, '2073-06-17', '2016-10-03', '16', 34, '16', 39, 5, 'A'),
(1819, 6, '2073-06-17', '2016-10-03', '16', 50, '16', 55, 5, 'A'),
(1820, 11, '2073-06-17', '2016-10-03', '18', 0, '18', 15, 15, 'B'),
(1821, 38, '2073-06-17', '2016-10-03', '18', 15, '19', 15, 60, 'B'),
(1822, 45, '2073-06-17', '2016-10-03', '19', 15, '19', 45, 30, 'B'),
(1823, 6, '2073-06-17', '2016-10-03', '23', 7, '23', 12, 5, 'B'),
(1825, 58, '2073-06-17', '2016-10-03', '20', 30, '20', 45, 15, 'B'),
(1826, 64, '2073-06-17', '2016-10-03', '6', 0, '6', 30, 30, 'A'),
(1827, 62, '2073-06-17', '2016-10-03', '6', 30, '7', 0, 30, 'A'),
(1829, 63, '2073-06-17', '2016-10-03', '9', 50, '10', 30, 40, 'A'),
(1830, 64, '2073-06-17', '2016-10-03', '12', 40, '13', 0, 20, 'A'),
(1831, 65, '2073-06-17', '2016-10-03', '13', 0, '13', 30, 30, 'A'),
(1832, 75, '2073-06-17', '2016-10-03', '14', 0, '15', 0, 60, 'A'),
(1833, 65, '2073-06-17', '2016-10-03', '15', 0, '16', 0, 60, 'A'),
(1834, 63, '2073-06-17', '2016-10-03', '16', 0, '16', 20, 20, 'A'),
(1835, 64, '2073-06-17', '2016-10-03', '17', 40, '18', 0, 20, 'A'),
(1836, 73, '2073-06-17', '2016-10-03', '18', 0, '20', 40, 160, 'B'),
(1838, 63, '2073-06-17', '2016-10-03', '20', 40, '21', 10, 30, 'B'),
(1839, 63, '2073-06-17', '2016-10-03', '23', 30, '0', 0, 30, 'B'),
(1841, 64, '2073-06-17', '2016-10-03', '2', 0, '2', 30, 30, 'B'),
(1843, 65, '2073-06-17', '2016-10-03', '2', 30, '3', 30, 60, 'B'),
(1845, 63, '2073-06-17', '2016-10-03', '3', 30, '4', 0, 30, 'B'),
(1847, 7, '2073-06-18', '2016-10-04', '8', 21, '8', 26, 5, 'A'),
(1848, 6, '2073-06-18', '2016-10-04', '11', 53, '11', 58, 5, 'A'),
(1849, 11, '2073-06-18', '2016-10-04', '8', 44, '9', 0, 16, 'A'),
(1850, 45, '2073-06-18', '2016-10-04', '9', 0, '9', 15, 15, 'A'),
(1851, 6, '2073-06-18', '2016-10-04', '13', 35, '13', 40, 5, 'A'),
(1852, 7, '2073-06-18', '2016-10-04', '14', 25, '14', 30, 5, 'A'),
(1853, 6, '2073-06-18', '2016-10-04', '14', 47, '14', 52, 5, 'A'),
(1854, 7, '2073-06-18', '2016-10-04', '15', 25, '15', 30, 5, 'A'),
(1855, 6, '2073-06-18', '2016-10-04', '15', 37, '15', 42, 5, 'A'),
(1856, 7, '2073-06-18', '2016-10-04', '18', 0, '18', 5, 5, 'B'),
(1857, 45, '2073-06-18', '2016-10-04', '18', 5, '18', 25, 20, 'B'),
(1858, 11, '2073-06-18', '2016-10-04', '22', 20, '22', 35, 15, 'B'),
(1859, 6, '2073-06-18', '2016-10-04', '23', 21, '23', 26, 5, 'B'),
(1860, 7, '2073-06-18', '2016-10-04', '1', 33, '1', 38, 5, 'B'),
(1861, 6, '2073-06-18', '2016-10-04', '1', 42, '1', 47, 5, 'B'),
(1862, 11, '2073-06-18', '2016-10-04', '4', 45, '5', 0, 15, 'B'),
(1863, 24, '2073-06-18', '2016-10-04', '23', 30, '23', 45, 15, 'B'),
(1864, 58, '2073-06-18', '2016-10-04', '23', 45, '0', 0, 15, 'B'),
(1866, 58, '2073-06-17', '2016-10-03', '20', 15, '20', 30, 15, 'B'),
(1868, 62, '2073-06-18', '2016-10-04', '6', 30, '6', 45, 15, 'A'),
(1870, 63, '2073-06-18', '2016-10-04', '7', 30, '8', 0, 30, 'A'),
(1871, 74, '2073-06-18', '2016-10-04', '8', 20, '9', 0, 40, 'A'),
(1872, 65, '2073-06-18', '2016-10-04', '9', 0, '9', 20, 20, 'A'),
(1873, 65, '2073-06-18', '2016-10-04', '10', 30, '11', 40, 70, 'A'),
(1875, 63, '2073-06-18', '2016-10-04', '11', 40, '12', 0, 20, 'A'),
(1877, 63, '2073-06-18', '2016-10-04', '15', 0, '15', 30, 30, 'A'),
(1878, 69, '2073-06-18', '2016-10-04', '18', 0, '6', 0, 720, 'B'),
(1879, 24, '2073-06-19', '2016-10-05', '9', 45, '10', 0, 15, 'A'),
(1880, 58, '2073-06-19', '2016-10-05', '10', 0, '10', 10, 10, 'A'),
(1881, 22, '2073-06-19', '2016-10-05', '15', 0, '15', 30, 30, 'A'),
(1882, 11, '2073-06-19', '2016-10-05', '6', 57, '7', 10, 13, 'A'),
(1883, 7, '2073-06-19', '2016-10-05', '8', 9, '8', 14, 5, 'A'),
(1884, 6, '2073-06-19', '2016-10-05', '8', 53, '8', 58, 5, 'A'),
(1885, 7, '2073-06-19', '2016-10-05', '9', 48, '9', 53, 5, 'A'),
(1886, 11, '2073-06-19', '2016-10-05', '14', 50, '15', 5, 15, 'A'),
(1887, 11, '2073-06-19', '2016-10-05', '18', 0, '18', 15, 15, 'B'),
(1889, 38, '2073-06-19', '2016-10-05', '18', 15, '19', 15, 60, 'B'),
(1890, 45, '2073-06-19', '2016-10-05', '19', 15, '19', 40, 25, 'B'),
(1891, 6, '2073-06-19', '2016-10-05', '22', 0, '22', 5, 5, 'B'),
(1892, 48, '2073-06-19', '2016-10-05', '3', 50, '4', 15, 25, 'B'),
(1893, 24, '2073-06-19', '2016-10-05', '2', 45, '3', 0, 15, 'B'),
(1894, 58, '2073-06-19', '2016-10-05', '3', 0, '3', 15, 15, 'B'),
(1896, 64, '2073-06-19', '2016-10-05', '6', 0, '6', 30, 30, 'A'),
(1898, 65, '2073-06-19', '2016-10-05', '6', 30, '7', 30, 60, 'A'),
(1900, 61, '2073-06-19', '2016-10-05', '7', 30, '8', 0, 30, 'A'),
(1901, 62, '2073-06-19', '2016-10-05', '8', 0, '8', 30, 30, 'A'),
(1903, 70, '2073-06-19', '2016-10-05', '8', 30, '9', 0, 30, 'A'),
(1905, 65, '2073-06-19', '2016-10-05', '9', 0, '11', 0, 120, 'A'),
(1906, 63, '2073-06-19', '2016-10-05', '11', 0, '11', 20, 20, 'A'),
(1907, 65, '2073-06-19', '2016-10-05', '14', 0, '14', 25, 25, 'A'),
(1909, 63, '2073-06-19', '2016-10-05', '15', 0, '15', 30, 30, 'A'),
(1910, 65, '2073-06-19', '2016-10-05', '14', 25, '15', 0, 35, 'A'),
(1911, 73, '2073-06-19', '2016-10-05', '18', 0, '20', 0, 120, 'B'),
(1914, 64, '2073-06-19', '2016-10-05', '0', 0, '0', 30, 30, 'B'),
(1915, 36, '2073-06-19', '2016-10-05', '22', 0, '22', 20, 20, 'B'),
(1916, 65, '2073-06-19', '2016-10-05', '0', 30, '1', 45, 75, 'B'),
(1917, 63, '2073-06-19', '2016-10-05', '1', 45, '2', 15, 30, 'B'),
(1918, 63, '2073-06-19', '2016-10-05', '5', 0, '5', 30, 30, 'B'),
(1919, 11, '2073-06-20', '2016-10-06', '8', 11, '8', 25, 14, 'A'),
(1920, 45, '2073-06-20', '2016-10-06', '8', 25, '8', 40, 15, 'A'),
(1921, 11, '2073-06-20', '2016-10-06', '17', 0, '17', 13, 13, 'A'),
(1922, 45, '2073-06-20', '2016-10-06', '17', 13, '17', 28, 15, 'A'),
(1923, 7, '2073-06-20', '2016-10-06', '18', 0, '18', 5, 5, 'B'),
(1925, 6, '2073-06-20', '2016-10-06', '23', 16, '23', 21, 5, 'B'),
(1926, 11, '2073-06-20', '2016-10-06', '1', 25, '1', 40, 15, 'B'),
(1927, 38, '2073-06-20', '2016-10-06', '1', 40, '2', 40, 60, 'B'),
(1928, 45, '2073-06-20', '2016-10-06', '2', 40, '3', 0, 20, 'B'),
(1929, 24, '2073-06-20', '2016-10-06', '20', 0, '20', 15, 15, 'B'),
(1930, 58, '2073-06-20', '2016-10-06', '20', 15, '20', 35, 20, 'B'),
(1931, 64, '2073-06-20', '2016-10-06', '18', 0, '18', 30, 30, 'B'),
(1932, 65, '2073-06-20', '2016-10-06', '18', 30, '20', 0, 90, 'B'),
(1933, 61, '2073-06-20', '2016-10-06', '20', 0, '20', 30, 30, 'B'),
(1934, 63, '2073-06-20', '2016-10-06', '20', 30, '21', 0, 30, 'B'),
(1935, 64, '2073-06-20', '2016-10-06', '0', 30, '1', 0, 30, 'B'),
(1936, 65, '2073-06-20', '2016-10-06', '1', 0, '2', 0, 60, 'B'),
(1937, 36, '2073-06-20', '2016-10-06', '2', 0, '2', 30, 30, 'B'),
(1938, 63, '2073-06-20', '2016-10-06', '2', 30, '3', 0, 30, 'B'),
(1939, 65, '2073-06-20', '2016-10-06', '8', 0, '8', 30, 30, 'A'),
(1940, 68, '2073-06-20', '2016-10-06', '11', 30, '12', 30, 60, 'A'),
(1941, 63, '2073-06-20', '2016-10-06', '12', 30, '13', 10, 40, 'A'),
(1942, 63, '2073-06-20', '2016-10-06', '13', 0, '0', 40, 700, 'A'),
(1943, 64, '2073-06-20', '2016-10-06', '14', 0, '14', 25, 25, 'A'),
(1944, 65, '2073-06-20', '2016-10-06', '14', 25, '15', 25, 60, 'A'),
(1945, 64, '2073-06-20', '2016-10-06', '15', 25, '16', 25, 60, 'A'),
(1946, 24, '2073-06-21', '2016-10-07', '10', 15, '10', 30, 15, 'A'),
(1947, 58, '2073-06-21', '2016-10-07', '10', 30, '10', 40, 10, 'A'),
(1948, 11, '2073-06-21', '2016-10-07', '17', 15, '17', 27, 12, 'A'),
(1949, 45, '2073-06-21', '2016-10-07', '17', 27, '17', 45, 18, 'A'),
(1950, 7, '2073-06-21', '2016-10-07', '18', 0, '18', 5, 5, 'B'),
(1951, 6, '2073-06-21', '2016-10-07', '22', 18, '22', 23, 5, 'B'),
(1952, 43, '2073-06-21', '2016-10-07', '5', 15, '6', 0, 45, 'B'),
(1953, 64, '2073-06-21', '2016-10-07', '6', 0, '6', 30, 30, 'A'),
(1954, 65, '2073-06-21', '2016-10-07', '6', 30, '7', 30, 60, 'A'),
(1955, 61, '2073-06-21', '2016-10-07', '7', 30, '8', 0, 30, 'A'),
(1956, 36, '2073-06-21', '2016-10-07', '8', 0, '8', 20, 20, 'A'),
(1957, 63, '2073-06-21', '2016-10-07', '8', 20, '9', 0, 40, 'A'),
(1958, 63, '2073-06-21', '2016-10-07', '12', 40, '13', 0, 20, 'A'),
(1959, 63, '2073-06-21', '2016-10-07', '15', 0, '15', 30, 30, 'A'),
(1961, 69, '2073-06-21', '2016-10-07', '18', 0, '6', 0, 720, 'B'),
(1962, 59, '2073-06-26', '2016-10-12', '6', 0, '8', 30, 150, 'A'),
(1963, 14, '2073-06-26', '2016-10-12', '6', 0, '9', 30, 210, 'A'),
(1964, 45, '2073-06-26', '2016-10-12', '9', 30, '10', 0, 30, 'A'),
(1965, 11, '2073-06-26', '2016-10-12', '16', 30, '16', 45, 15, 'A'),
(1966, 38, '2073-06-26', '2016-10-12', '16', 45, '17', 45, 60, 'A'),
(1967, 45, '2073-06-26', '2016-10-12', '17', 45, '18', 0, 15, 'A'),
(1968, 12, '2073-06-26', '2016-10-12', '18', 0, '18', 45, 45, 'B'),
(1969, 24, '2073-06-26', '2016-10-12', '5', 30, '5', 45, 15, 'B'),
(1970, 58, '2073-06-26', '2016-10-12', '5', 45, '5', 55, 10, 'B'),
(1972, 64, '2073-06-26', '2016-10-12', '6', 0, '6', 30, 30, 'A'),
(1973, 65, '2073-06-26', '2016-10-12', '6', 30, '7', 30, 60, 'A'),
(1974, 36, '2073-06-26', '2016-10-12', '7', 30, '8', 0, 30, 'A'),
(1975, 61, '2073-06-26', '2016-10-12', '8', 0, '8', 40, 40, 'A'),
(1976, 62, '2073-06-26', '2016-10-12', '8', 40, '9', 15, 35, 'A'),
(1977, 63, '2073-06-26', '2016-10-12', '13', 30, '14', 0, 30, 'A'),
(1978, 64, '2073-06-26', '2016-10-12', '17', 30, '18', 0, 30, 'A'),
(1979, 64, '2073-06-26', '2016-10-12', '18', 0, '18', 30, 30, 'B'),
(1980, 65, '2073-06-26', '2016-10-12', '18', 30, '20', 0, 90, 'B'),
(1981, 36, '2073-06-26', '2016-10-12', '20', 0, '20', 30, 30, 'B'),
(1982, 63, '2073-06-26', '2016-10-12', '20', 30, '21', 0, 30, 'B'),
(1983, 63, '2073-06-26', '2016-10-12', '23', 0, '23', 30, 30, 'B'),
(1984, 64, '2073-06-26', '2016-10-12', '1', 30, '2', 0, 30, 'B'),
(1985, 65, '2073-06-26', '2016-10-12', '2', 0, '3', 0, 60, 'B'),
(1986, 36, '2073-06-26', '2016-10-12', '3', 0, '3', 30, 30, 'B'),
(1987, 63, '2073-06-26', '2016-10-12', '3', 30, '4', 0, 30, 'B'),
(1988, 24, '2073-06-27', '2016-10-13', '15', 45, '16', 0, 15, 'A'),
(1989, 58, '2073-06-27', '2016-10-13', '16', 0, '16', 10, 10, 'A'),
(1990, 7, '2073-06-27', '2016-10-13', '9', 32, '9', 37, 5, 'A'),
(1991, 6, '2073-06-27', '2016-10-13', '9', 53, '9', 58, 5, 'A'),
(1992, 11, '2073-06-27', '2016-10-13', '12', 30, '12', 46, 16, 'A'),
(1993, 45, '2073-06-27', '2016-10-13', '12', 46, '13', 5, 19, 'A'),
(1994, 24, '2073-06-27', '2016-10-13', '3', 0, '3', 15, 15, 'B'),
(1995, 58, '2073-06-27', '2016-10-13', '3', 15, '3', 30, 15, 'B'),
(1996, 65, '2073-06-27', '2016-10-13', '6', 0, '6', 30, 30, 'A'),
(1997, 62, '2073-06-27', '2016-10-13', '6', 30, '7', 20, 50, 'A'),
(1998, 36, '2073-06-27', '2016-10-13', '9', 40, '10', 0, 20, 'A'),
(1999, 64, '2073-06-27', '2016-10-13', '10', 30, '10', 50, 20, 'A'),
(2000, 65, '2073-06-27', '2016-10-13', '10', 50, '11', 30, 40, 'A'),
(2001, 63, '2073-06-27', '2016-10-13', '11', 30, '12', 0, 30, 'A'),
(2002, 65, '2073-06-27', '2016-10-13', '14', 30, '15', 0, 30, 'A'),
(2003, 63, '2073-06-27', '2016-10-13', '15', 0, '15', 30, 30, 'A'),
(2004, 64, '2073-06-27', '2016-10-13', '17', 40, '18', 0, 20, 'A'),
(2005, 69, '2073-06-27', '2016-10-13', '18', 0, '6', 0, 720, 'B'),
(2006, 7, '2073-06-27', '2016-10-13', '18', 0, '18', 5, 5, 'B'),
(2007, 45, '2073-06-27', '2016-10-13', '20', 40, '21', 0, 20, 'B'),
(2008, 6, '2073-06-27', '2016-10-13', '21', 7, '21', 12, 5, 'B'),
(2009, 11, '2073-06-27', '2016-10-13', '1', 15, '1', 30, 15, 'B'),
(2010, 11, '2073-06-28', '2016-10-14', '10', 11, '10', 25, 14, 'A'),
(2011, 7, '2073-06-28', '2016-10-14', '18', 0, '18', 5, 5, 'B'),
(2012, 6, '2073-06-28', '2016-10-14', '22', 5, '22', 10, 5, 'B'),
(2013, 11, '2073-06-28', '2016-10-14', '22', 50, '23', 6, 16, 'B'),
(2014, 38, '2073-06-28', '2016-10-14', '23', 6, '0', 6, 60, 'B'),
(2015, 45, '2073-06-28', '2016-10-14', '0', 6, '0', 30, 24, 'B'),
(2016, 24, '2073-06-28', '2016-10-14', '19', 30, '19', 45, 15, 'B'),
(2017, 58, '2073-06-28', '2016-10-14', '19', 45, '20', 0, 15, 'B'),
(2018, 65, '2073-06-28', '2016-10-14', '6', 0, '7', 0, 60, 'A'),
(2019, 61, '2073-06-28', '2016-10-14', '7', 0, '7', 40, 40, 'A'),
(2020, 62, '2073-06-28', '2016-10-14', '7', 40, '8', 15, 35, 'A'),
(2021, 63, '2073-06-28', '2016-10-14', '10', 0, '0', 30, 870, 'A'),
(2022, 64, '2073-06-28', '2016-10-14', '12', 0, '12', 20, 20, 'A'),
(2023, 65, '2073-06-28', '2016-10-14', '12', 20, '13', 0, 40, 'A'),
(2024, 63, '2073-06-28', '2016-10-14', '13', 0, '13', 25, 25, 'A'),
(2025, 64, '2073-06-28', '2016-10-14', '15', 0, '15', 25, 25, 'A'),
(2026, 65, '2073-06-28', '2016-10-14', '15', 25, '16', 10, 45, 'A'),
(2027, 63, '2073-06-28', '2016-10-14', '16', 10, '16', 35, 25, 'A'),
(2028, 63, '2073-06-28', '2016-10-14', '19', 20, '19', 30, 10, 'B'),
(2029, 63, '2073-06-28', '2016-10-14', '22', 0, '22', 25, 25, 'B'),
(2030, 64, '2073-06-28', '2016-10-14', '0', 30, '0', 45, 15, 'B'),
(2032, 65, '2073-06-28', '2016-10-14', '1', 0, '1', 30, 30, 'B'),
(2033, 63, '2073-06-28', '2016-10-14', '1', 30, '1', 45, 15, 'B'),
(2034, 63, '2073-06-28', '2016-10-14', '3', 30, '3', 40, 10, 'B'),
(2035, 45, '2073-06-29', '2016-10-15', '11', 20, '11', 35, 15, 'A'),
(2036, 11, '2073-06-29', '2016-10-15', '15', 10, '15', 35, 25, 'A'),
(2037, 7, '2073-06-29', '2016-10-15', '18', 0, '18', 5, 5, 'B'),
(2038, 6, '2073-06-29', '2016-10-15', '21', 20, '21', 25, 5, 'B'),
(2039, 11, '2073-06-29', '2016-10-15', '21', 25, '21', 40, 15, 'B'),
(2040, 11, '2073-06-29', '2016-10-15', '22', 55, '23', 9, 14, 'B'),
(2041, 11, '2073-06-29', '2016-10-15', '5', 20, '5', 35, 15, 'B'),
(2042, 63, '2073-06-29', '2016-10-15', '8', 0, '8', 25, 25, 'A'),
(2043, 64, '2073-06-29', '2016-10-15', '10', 0, '10', 15, 15, 'A'),
(2044, 65, '2073-06-29', '2016-10-15', '10', 15, '11', 0, 45, 'A'),
(2045, 36, '2073-06-29', '2016-10-15', '11', 0, '11', 20, 20, 'A'),
(2046, 63, '2073-06-29', '2016-10-15', '11', 20, '12', 0, 40, 'A'),
(2047, 36, '2073-06-29', '2016-10-15', '12', 30, '12', 50, 20, 'A'),
(2048, 65, '2073-06-29', '2016-10-15', '15', 0, '15', 45, 45, 'A'),
(2049, 36, '2073-06-29', '2016-10-15', '15', 45, '16', 0, 15, 'A'),
(2050, 63, '2073-06-29', '2016-10-15', '16', 0, '16', 20, 20, 'A'),
(2051, 69, '2073-06-29', '2016-10-15', '18', 0, '6', 0, 720, 'B'),
(2052, 24, '2073-06-29', '2016-10-15', '16', 45, '17', 0, 15, 'A'),
(2053, 58, '2073-06-29', '2016-10-15', '17', 0, '17', 20, 20, 'A'),
(2054, 36, '2073-06-28', '2016-10-14', '0', 45, '1', 0, 15, 'B'),
(2055, 64, '2073-06-20', '2016-10-06', '17', 30, '18', 0, 30, 'A'),
(2056, 63, '2073-06-19', '2016-10-05', '20', 0, '20', 30, 30, 'B'),
(2057, 58, '2073-06-30', '2016-10-16', '6', 40, '7', 0, 20, 'A'),
(2058, 24, '2073-06-30', '2016-10-16', '16', 0, '16', 15, 15, 'A'),
(2059, 58, '2073-06-30', '2016-10-16', '16', 15, '16', 25, 10, 'A'),
(2060, 7, '2073-06-30', '2016-10-16', '7', 31, '7', 36, 5, 'A'),
(2061, 6, '2073-06-30', '2016-10-16', '7', 57, '8', 2, 5, 'A'),
(2062, 7, '2073-06-30', '2016-10-16', '8', 53, '8', 58, 5, 'A'),
(2063, 6, '2073-06-30', '2016-10-16', '9', 17, '9', 22, 5, 'A'),
(2064, 7, '2073-06-30', '2016-10-16', '12', 51, '12', 56, 5, 'A'),
(2065, 6, '2073-06-30', '2016-10-16', '13', 7, '13', 12, 5, 'A'),
(2066, 7, '2073-06-30', '2016-10-16', '13', 41, '13', 46, 5, 'A'),
(2067, 11, '2073-06-30', '2016-10-16', '14', 0, '14', 15, 15, 'A'),
(2068, 38, '2073-06-30', '2016-10-16', '14', 15, '15', 15, 60, 'A'),
(2069, 45, '2073-06-30', '2016-10-16', '15', 15, '15', 35, 20, 'A'),
(2070, 7, '2073-06-30', '2016-10-16', '18', 0, '18', 5, 5, 'B'),
(2071, 6, '2073-06-30', '2016-10-16', '22', 45, '22', 50, 5, 'B'),
(2072, 11, '2073-06-30', '2016-10-16', '2', 55, '3', 10, 15, 'B'),
(2073, 45, '2073-06-30', '2016-10-16', '3', 10, '3', 30, 20, 'B'),
(2074, 62, '2073-06-30', '2016-10-16', '6', 0, '6', 30, 30, 'A'),
(2075, 63, '2073-06-30', '2016-10-16', '8', 40, '9', 0, 20, 'A'),
(2076, 33, '2073-06-30', '2016-10-16', '10', 20, '10', 40, 20, 'A'),
(2077, 65, '2073-06-30', '2016-10-16', '11', 20, '11', 45, 25, 'A'),
(2078, 36, '2073-06-30', '2016-10-16', '12', 40, '13', 0, 20, 'A'),
(2079, 62, '2073-06-30', '2016-10-16', '13', 0, '0', 30, 690, 'A'),
(2080, 29, '2073-06-30', '2016-10-16', '15', 0, '15', 30, 30, 'A'),
(2081, 65, '2073-06-30', '2016-10-16', '11', 45, '12', 40, 55, 'A'),
(2082, 63, '2073-06-30', '2016-10-16', '19', 0, '0', 30, 330, 'B'),
(2083, 75, '2073-06-30', '2016-10-16', '20', 0, '22', 0, 120, 'B'),
(2084, 64, '2073-06-30', '2016-10-16', '23', 30, '0', 0, 30, 'B'),
(2085, 65, '2073-06-30', '2016-10-16', '0', 0, '1', 0, 60, 'B'),
(2086, 63, '2073-06-30', '2016-10-16', '1', 0, '1', 30, 30, 'B'),
(2087, 63, '2073-06-30', '2016-10-16', '3', 30, '4', 0, 30, 'B'),
(2088, 11, '2073-07-01', '2016-10-17', '8', 57, '9', 10, 13, 'A'),
(2089, 9, '2073-07-01', '2016-10-17', '9', 10, '9', 25, 15, 'A'),
(2090, 45, '2073-07-01', '2016-10-17', '9', 25, '9', 40, 15, 'A'),
(2091, 63, '2073-07-01', '2016-10-17', '8', 0, '8', 25, 25, 'A'),
(2092, 64, '2073-07-01', '2016-10-17', '12', 0, '12', 20, 20, 'A'),
(2093, 65, '2073-07-01', '2016-10-17', '12', 20, '13', 20, 60, 'A'),
(2094, 36, '2073-07-01', '2016-10-17', '13', 20, '13', 45, 25, 'A'),
(2095, 63, '2073-07-01', '2016-10-17', '13', 45, '14', 20, 35, 'A'),
(2096, 63, '2073-07-01', '2016-10-17', '15', 30, '15', 50, 20, 'A'),
(2097, 29, '2073-07-01', '2016-10-17', '16', 0, '16', 15, 15, 'A'),
(2098, 69, '2073-07-01', '2016-10-17', '18', 0, '6', 0, 720, 'B'),
(2099, 7, '2073-07-01', '2016-10-17', '18', 0, '18', 5, 5, 'B'),
(2100, 11, '2073-07-01', '2016-10-17', '19', 55, '20', 10, 15, 'B'),
(2101, 6, '2073-07-01', '2016-10-17', '23', 0, '23', 5, 5, 'B'),
(2102, 45, '2073-07-01', '2016-10-17', '4', 20, '4', 45, 25, 'B'),
(2103, 48, '2073-07-02', '2016-10-18', '7', 15, '8', 10, 55, 'A'),
(2104, 11, '2073-07-02', '2016-10-18', '10', 13, '10', 30, 17, 'A'),
(2105, 45, '2073-07-02', '2016-10-18', '10', 30, '10', 45, 15, 'A'),
(2107, 45, '2073-07-02', '2016-10-18', '16', 0, '16', 25, 25, 'A'),
(2108, 7, '2073-07-02', '2016-10-18', '18', 0, '18', 5, 5, 'B'),
(2109, 6, '2073-07-02', '2016-10-18', '23', 5, '23', 10, 5, 'B'),
(2110, 45, '2073-07-02', '2016-10-18', '3', 20, '3', 40, 20, 'B'),
(2113, 2, '2073-07-02', '2016-10-18', '11', 40, '16', 0, 260, 'A'),
(2114, 64, '2073-07-02', '2016-10-18', '6', 0, '6', 30, 30, 'A'),
(2115, 65, '2073-07-02', '2016-10-18', '6', 30, '7', 45, 75, 'A'),
(2116, 72, '2073-07-02', '2016-10-18', '7', 45, '8', 15, 30, 'A'),
(2117, 36, '2073-07-02', '2016-10-18', '8', 15, '8', 40, 25, 'A'),
(2118, 61, '2073-07-02', '2016-10-18', '8', 40, '9', 15, 35, 'A'),
(2119, 62, '2073-07-02', '2016-10-18', '9', 15, '10', 0, 45, 'A'),
(2120, 36, '2073-07-02', '2016-10-18', '11', 35, '11', 45, 10, 'A'),
(2121, 63, '2073-07-02', '2016-10-18', '12', 30, '13', 0, 30, 'A'),
(2122, 64, '2073-07-02', '2016-10-18', '17', 30, '18', 0, 30, 'A'),
(2123, 69, '2073-07-02', '2016-10-18', '18', 0, '6', 0, 720, 'B'),
(2124, 55, '2073-07-02', '2016-10-18', '14', 0, '16', 45, 165, 'A'),
(2125, 24, '2073-07-03', '2016-10-19', '9', 55, '10', 10, 15, 'A'),
(2126, 58, '2073-07-03', '2016-10-19', '10', 10, '10', 25, 15, 'A'),
(2127, 22, '2073-07-03', '2016-10-19', '11', 50, '14', 10, 140, 'A'),
(2128, 24, '2073-07-03', '2016-10-19', '3', 0, '3', 15, 15, 'B'),
(2129, 58, '2073-07-03', '2016-10-19', '3', 15, '3', 30, 15, 'B'),
(2130, 11, '2073-07-03', '2016-10-19', '7', 56, '8', 10, 14, 'A'),
(2131, 7, '2073-07-03', '2016-10-19', '10', 18, '10', 23, 5, 'A'),
(2132, 64, '2073-07-03', '2016-10-19', '6', 0, '6', 30, 30, 'A'),
(2133, 65, '2073-07-03', '2016-10-19', '6', 30, '7', 30, 60, 'A'),
(2134, 75, '2073-07-03', '2016-10-19', '8', 30, '9', 30, 60, 'A'),
(2135, 65, '2073-07-03', '2016-10-19', '9', 30, '10', 20, 50, 'A'),
(2136, 36, '2073-07-03', '2016-10-19', '10', 20, '10', 35, 15, 'A'),
(2137, 63, '2073-07-03', '2016-10-19', '10', 35, '11', 0, 25, 'A'),
(2138, 29, '2073-07-03', '2016-10-19', '13', 0, '13', 15, 15, 'A'),
(2139, 73, '2073-07-03', '2016-10-19', '15', 30, '18', 0, 150, 'A'),
(2140, 69, '2073-07-03', '2016-10-19', '18', 0, '6', 0, 720, 'B'),
(2141, 6, '2073-07-03', '2016-10-19', '11', 13, '11', 18, 5, 'A'),
(2142, 9, '2073-07-03', '2016-10-19', '12', 0, '13', 0, 60, 'A'),
(2143, 7, '2073-07-03', '2016-10-19', '16', 53, '16', 58, 5, 'A'),
(2144, 6, '2073-07-03', '2016-10-19', '17', 15, '17', 20, 5, 'A'),
(2145, 7, '2073-07-03', '2016-10-19', '17', 37, '17', 42, 5, 'A'),
(2146, 6, '2073-07-03', '2016-10-19', '23', 16, '23', 21, 5, 'B'),
(2147, 11, '2073-07-03', '2016-10-19', '18', 30, '18', 45, 15, 'B'),
(2148, 11, '2073-07-04', '2016-10-20', '6', 50, '7', 5, 15, 'A'),
(2149, 13, '2073-07-04', '2016-10-20', '7', 5, '7', 30, 25, 'A'),
(2150, 38, '2073-07-04', '2016-10-20', '7', 30, '8', 30, 60, 'A'),
(2151, 45, '2073-07-04', '2016-10-20', '8', 30, '8', 50, 20, 'A'),
(2152, 7, '2073-07-04', '2016-10-20', '9', 35, '9', 40, 5, 'A'),
(2153, 6, '2073-07-04', '2016-10-20', '10', 35, '10', 40, 5, 'A'),
(2154, 45, '2073-07-04', '2016-10-20', '12', 0, '12', 30, 30, 'A'),
(2155, 45, '2073-07-04', '2016-10-20', '16', 15, '16', 30, 15, 'A'),
(2156, 7, '2073-07-04', '2016-10-20', '18', 0, '18', 5, 5, 'B'),
(2157, 11, '2073-07-04', '2016-10-20', '18', 5, '18', 20, 15, 'B'),
(2158, 45, '2073-07-04', '2016-10-20', '18', 20, '18', 40, 20, 'B'),
(2159, 75, '2073-07-04', '2016-10-20', '6', 0, '11', 0, 300, 'A'),
(2160, 6, '2073-07-04', '2016-10-20', '1', 40, '1', 45, 5, 'B'),
(2161, 7, '2073-07-04', '2016-10-20', '4', 15, '4', 20, 5, 'B'),
(2162, 75, '2073-07-04', '2016-10-20', '11', 0, '11', 30, 30, 'A'),
(2163, 64, '2073-07-04', '2016-10-20', '11', 30, '12', 0, 30, 'A'),
(2164, 65, '2073-07-04', '2016-10-20', '12', 0, '13', 20, 80, 'A'),
(2165, 36, '2073-07-04', '2016-10-20', '13', 20, '13', 45, 25, 'A'),
(2166, 63, '2073-07-04', '2016-10-20', '13', 45, '14', 20, 35, 'A'),
(2167, 64, '2073-07-04', '2016-10-20', '17', 30, '18', 0, 30, 'A'),
(2168, 69, '2073-07-04', '2016-10-20', '18', 0, '6', 0, 720, 'B'),
(2169, 39, '2073-07-05', '2016-10-21', '6', 0, '6', 15, 15, 'A'),
(2170, 45, '2073-07-05', '2016-10-21', '6', 15, '6', 35, 20, 'A'),
(2171, 7, '2073-07-05', '2016-10-21', '7', 47, '7', 52, 5, 'A'),
(2172, 11, '2073-07-05', '2016-10-21', '8', 9, '8', 22, 13, 'A'),
(2173, 7, '2073-07-05', '2016-10-21', '8', 36, '8', 41, 5, 'A'),
(2174, 7, '2073-07-05', '2016-10-21', '9', 45, '9', 50, 5, 'A'),
(2175, 6, '2073-07-05', '2016-10-21', '10', 0, '10', 5, 5, 'A'),
(2176, 7, '2073-07-05', '2016-10-21', '10', 47, '10', 52, 5, 'A'),
(2177, 24, '2073-07-05', '2016-10-21', '10', 0, '10', 15, 15, 'A'),
(2178, 58, '2073-07-05', '2016-10-21', '10', 15, '10', 30, 15, 'A'),
(2179, 26, '2073-07-05', '2016-10-21', '11', 0, '11', 30, 30, 'A'),
(2180, 58, '2073-07-05', '2016-10-21', '17', 0, '17', 30, 30, 'A'),
(2181, 6, '2073-07-05', '2016-10-21', '10', 53, '10', 58, 5, 'A'),
(2182, 7, '2073-07-05', '2016-10-21', '13', 0, '13', 5, 5, 'A'),
(2183, 6, '2073-07-05', '2016-10-21', '14', 11, '14', 16, 5, 'A'),
(2184, 7, '2073-07-05', '2016-10-21', '14', 17, '14', 22, 5, 'A'),
(2185, 11, '2073-07-05', '2016-10-21', '15', 0, '15', 12, 12, 'A'),
(2186, 11, '2073-07-05', '2016-10-21', '15', 30, '15', 45, 15, 'A'),
(2187, 38, '2073-07-05', '2016-10-21', '15', 45, '16', 45, 60, 'A'),
(2188, 45, '2073-07-05', '2016-10-21', '16', 45, '17', 0, 15, 'A'),
(2189, 7, '2073-07-05', '2016-10-21', '18', 0, '18', 5, 5, 'B'),
(2190, 11, '2073-07-05', '2016-10-21', '18', 30, '18', 45, 15, 'B'),
(2191, 45, '2073-07-05', '2016-10-21', '18', 45, '19', 5, 20, 'B'),
(2192, 6, '2073-07-05', '2016-10-21', '23', 30, '23', 35, 5, 'B'),
(2193, 64, '2073-07-05', '2016-10-21', '6', 0, '6', 30, 30, 'A'),
(2194, 65, '2073-07-05', '2016-10-21', '6', 30, '7', 30, 60, 'A'),
(2195, 63, '2073-07-05', '2016-10-21', '7', 30, '8', 0, 30, 'A'),
(2196, 64, '2073-07-05', '2016-10-21', '12', 30, '13', 0, 30, 'A'),
(2197, 65, '2073-07-05', '2016-10-21', '13', 0, '13', 40, 40, 'A'),
(2198, 63, '2073-07-05', '2016-10-21', '13', 40, '14', 0, 20, 'A'),
(2199, 63, '2073-07-05', '2016-10-21', '15', 30, '16', 0, 30, 'A'),
(2200, 64, '2073-07-05', '2016-10-21', '17', 45, '18', 0, 15, 'A'),
(2201, 69, '2073-07-05', '2016-10-21', '18', 0, '6', 0, 720, 'B'),
(2202, 58, '2073-07-05', '2016-10-21', '22', 30, '23', 0, 30, 'B'),
(2203, 24, '2073-07-07', '2016-10-23', '15', 45, '16', 0, 15, 'A'),
(2204, 58, '2073-07-07', '2016-10-23', '16', 0, '16', 10, 10, 'A'),
(2205, 59, '2073-07-07', '2016-10-23', '6', 0, '6', 30, 30, 'A'),
(2206, 14, '2073-07-07', '2016-10-23', '6', 0, '7', 0, 60, 'A'),
(2207, 45, '2073-07-07', '2016-10-23', '7', 0, '7', 30, 30, 'A'),
(2208, 7, '2073-07-07', '2016-10-23', '8', 44, '8', 49, 5, 'A'),
(2209, 6, '2073-07-07', '2016-10-23', '9', 20, '9', 25, 5, 'A'),
(2210, 7, '2073-07-07', '2016-10-23', '9', 30, '9', 35, 5, 'A'),
(2211, 6, '2073-07-07', '2016-10-23', '10', 27, '10', 32, 5, 'A'),
(2212, 7, '2073-07-07', '2016-10-23', '10', 45, '10', 50, 5, 'A'),
(2213, 6, '2073-07-07', '2016-10-23', '11', 20, '11', 25, 5, 'A'),
(2214, 11, '2073-07-07', '2016-10-23', '12', 0, '12', 15, 15, 'A'),
(2215, 38, '2073-07-07', '2016-10-23', '12', 15, '13', 15, 60, 'A'),
(2216, 45, '2073-07-07', '2016-10-23', '13', 15, '13', 40, 25, 'A'),
(2217, 7, '2073-07-07', '2016-10-23', '15', 18, '15', 23, 5, 'A'),
(2218, 6, '2073-07-07', '2016-10-23', '15', 35, '15', 40, 5, 'A'),
(2219, 7, '2073-07-07', '2016-10-23', '18', 0, '18', 5, 5, 'B'),
(2220, 6, '2073-07-07', '2016-10-23', '22', 55, '23', 0, 5, 'B'),
(2221, 45, '2073-07-07', '2016-10-23', '1', 30, '1', 50, 20, 'B'),
(2222, 24, '2073-07-07', '2016-10-23', '3', 30, '3', 45, 15, 'B'),
(2223, 58, '2073-07-07', '2016-10-23', '3', 45, '4', 0, 15, 'B'),
(2224, 65, '2073-07-07', '2016-10-23', '6', 0, '6', 45, 45, 'A'),
(2225, 63, '2073-07-07', '2016-10-23', '6', 45, '7', 0, 15, 'A'),
(2226, 29, '2073-07-07', '2016-10-23', '8', 45, '10', 0, 75, 'A'),
(2227, 64, '2073-07-07', '2016-10-23', '11', 0, '11', 20, 20, 'A'),
(2228, 73, '2073-07-07', '2016-10-23', '11', 40, '14', 0, 140, 'A'),
(2229, 63, '2073-07-07', '2016-10-23', '14', 0, '14', 10, 10, 'A'),
(2230, 63, '2073-07-07', '2016-10-23', '15', 10, '15', 30, 20, 'A'),
(2231, 63, '2073-07-07', '2016-10-23', '16', 20, '16', 40, 20, 'A'),
(2232, 36, '2073-07-07', '2016-10-23', '11', 20, '11', 40, 20, 'A'),
(2233, 58, '2073-07-08', '2016-10-24', '13', 0, '13', 20, 20, 'A'),
(2234, 11, '2073-07-08', '2016-10-24', '6', 0, '6', 20, 20, 'A'),
(2235, 45, '2073-07-08', '2016-10-24', '6', 20, '6', 40, 20, 'A'),
(2236, 7, '2073-07-08', '2016-10-24', '8', 42, '8', 47, 5, 'A'),
(2237, 6, '2073-07-08', '2016-10-24', '9', 47, '9', 52, 5, 'A'),
(2238, 7, '2073-07-08', '2016-10-24', '11', 23, '11', 28, 5, 'A'),
(2239, 6, '2073-07-08', '2016-10-24', '12', 10, '12', 15, 5, 'A'),
(2240, 11, '2073-07-08', '2016-10-24', '12', 15, '12', 30, 15, 'A'),
(2241, 7, '2073-07-08', '2016-10-24', '14', 30, '14', 35, 5, 'A'),
(2242, 6, '2073-07-08', '2016-10-24', '15', 20, '15', 25, 5, 'A'),
(2243, 7, '2073-07-08', '2016-10-24', '15', 40, '15', 45, 5, 'A'),
(2244, 6, '2073-07-08', '2016-10-24', '16', 20, '16', 25, 5, 'A'),
(2245, 7, '2073-07-08', '2016-10-24', '18', 0, '18', 5, 5, 'B'),
(2246, 6, '2073-07-08', '2016-10-24', '23', 0, '23', 5, 5, 'B'),
(2247, 11, '2073-07-08', '2016-10-24', '0', 10, '0', 25, 15, 'B'),
(2248, 38, '2073-07-08', '2016-10-24', '0', 25, '1', 25, 60, 'B'),
(2249, 45, '2073-07-08', '2016-10-24', '1', 25, '1', 45, 20, 'B'),
(2250, 24, '2073-07-08', '2016-10-24', '22', 30, '22', 45, 15, 'B'),
(2251, 58, '2073-07-08', '2016-10-24', '22', 45, '23', 0, 15, 'B'),
(2252, 64, '2073-07-08', '2016-10-24', '6', 0, '6', 20, 20, 'A'),
(2253, 65, '2073-07-08', '2016-10-24', '6', 30, '7', 10, 40, 'A'),
(2254, 36, '2073-07-08', '2016-10-24', '6', 20, '6', 30, 10, 'A'),
(2255, 63, '2073-07-08', '2016-10-24', '7', 10, '7', 30, 20, 'A'),
(2256, 63, '2073-07-08', '2016-10-24', '10', 0, '10', 30, 30, 'A'),
(2257, 64, '2073-07-08', '2016-10-24', '12', 30, '13', 0, 30, 'A'),
(2258, 65, '2073-07-08', '2016-10-24', '13', 0, '13', 40, 40, 'A'),
(2259, 63, '2073-07-08', '2016-10-24', '13', 40, '14', 0, 20, 'A'),
(2260, 63, '2073-07-08', '2016-10-24', '15', 40, '16', 10, 30, 'A'),
(2261, 69, '2073-07-08', '2016-10-24', '18', 0, '6', 0, 720, 'B'),
(2262, 11, '2073-07-09', '2016-10-25', '10', 0, '10', 14, 14, 'A'),
(2263, 45, '2073-07-09', '2016-10-25', '10', 14, '10', 29, 15, 'A'),
(2264, 7, '2073-07-09', '2016-10-25', '10', 30, '10', 35, 5, 'A'),
(2265, 6, '2073-07-09', '2016-10-25', '11', 30, '11', 35, 5, 'A'),
(2266, 7, '2073-07-09', '2016-10-25', '11', 55, '12', 0, 5, 'A'),
(2267, 6, '2073-07-09', '2016-10-25', '12', 55, '13', 0, 5, 'A'),
(2268, 7, '2073-07-09', '2016-10-25', '13', 0, '13', 5, 5, 'A'),
(2269, 6, '2073-07-09', '2016-10-25', '13', 25, '13', 30, 5, 'A'),
(2270, 7, '2073-07-09', '2016-10-25', '13', 44, '13', 49, 5, 'A'),
(2271, 6, '2073-07-09', '2016-10-25', '14', 55, '15', 0, 5, 'A'),
(2272, 7, '2073-07-09', '2016-10-25', '15', 10, '15', 15, 5, 'A'),
(2273, 6, '2073-07-09', '2016-10-25', '16', 12, '16', 17, 5, 'A'),
(2274, 7, '2073-07-09', '2016-10-25', '18', 0, '18', 5, 5, 'B'),
(2275, 11, '2073-07-09', '2016-10-25', '19', 57, '20', 17, 20, 'B'),
(2276, 38, '2073-07-09', '2016-10-25', '20', 17, '21', 17, 60, 'B'),
(2277, 45, '2073-07-09', '2016-10-25', '21', 17, '21', 37, 20, 'B'),
(2278, 6, '2073-07-09', '2016-10-25', '23', 5, '23', 10, 5, 'B'),
(2279, 62, '2073-07-09', '2016-10-25', '6', 0, '7', 0, 60, 'A'),
(2280, 63, '2073-07-09', '2016-10-25', '7', 0, '7', 25, 25, 'A'),
(2281, 64, '2073-07-09', '2016-10-25', '10', 0, '10', 30, 30, 'A'),
(2282, 36, '2073-07-09', '2016-10-25', '11', 0, '11', 20, 20, 'A'),
(2283, 63, '2073-07-09', '2016-10-25', '11', 20, '11', 40, 20, 'A'),
(2284, 63, '2073-07-09', '2016-10-25', '14', 30, '15', 0, 30, 'A'),
(2285, 66, '2073-07-09', '2016-10-25', '17', 20, '18', 0, 40, 'A'),
(2286, 64, '2073-07-09', '2016-10-25', '18', 0, '18', 30, 30, 'B'),
(2287, 65, '2073-07-09', '2016-10-25', '18', 30, '19', 30, 60, 'B'),
(2288, 36, '2073-07-09', '2016-10-25', '19', 30, '20', 0, 30, 'B'),
(2289, 63, '2073-07-09', '2016-10-25', '20', 0, '20', 20, 20, 'A'),
(2290, 63, '2073-07-09', '2016-10-25', '21', 30, '21', 50, 20, 'B'),
(2291, 65, '2073-07-09', '2016-10-25', '23', 0, '23', 40, 40, 'B'),
(2292, 36, '2073-07-09', '2016-10-25', '23', 40, '0', 0, 20, 'B'),
(2293, 63, '2073-07-09', '2016-10-25', '0', 0, '0', 30, 30, 'B'),
(2294, 65, '2073-07-09', '2016-10-25', '14', 0, '15', 0, 60, 'B'),
(2295, 63, '2073-07-09', '2016-10-25', '15', 0, '15', 30, 30, 'B'),
(2296, 63, '2073-07-09', '2016-10-25', '17', 30, '18', 0, 30, 'B'),
(2297, 24, '2073-07-10', '2016-10-26', '8', 0, '8', 15, 15, 'A'),
(2298, 58, '2073-07-10', '2016-10-26', '8', 15, '8', 30, 15, 'A'),
(2299, 24, '2073-07-10', '2016-10-26', '13', 0, '13', 15, 15, 'A'),
(2300, 58, '2073-07-10', '2016-10-26', '13', 15, '13', 25, 10, 'A'),
(2301, 11, '2073-07-10', '2016-10-26', '6', 0, '6', 15, 15, 'A'),
(2302, 45, '2073-07-10', '2016-10-26', '6', 15, '6', 30, 15, 'A'),
(2303, 7, '2073-07-10', '2016-10-26', '7', 58, '8', 3, 5, 'A'),
(2304, 7, '2073-07-10', '2016-10-26', '8', 47, '8', 52, 5, 'A'),
(2305, 7, '2073-07-10', '2016-10-26', '9', 9, '9', 14, 5, 'A'),
(2306, 6, '2073-07-10', '2016-10-26', '10', 2, '10', 7, 5, 'A'),
(2307, 7, '2073-07-10', '2016-10-26', '10', 34, '10', 39, 5, 'A'),
(2308, 6, '2073-07-10', '2016-10-26', '11', 17, '11', 22, 5, 'A'),
(2309, 7, '2073-07-10', '2016-10-26', '12', 0, '12', 5, 5, 'A'),
(2310, 6, '2073-07-10', '2016-10-26', '12', 55, '13', 0, 5, 'A'),
(2311, 7, '2073-07-10', '2016-10-26', '13', 10, '13', 15, 5, ''),
(2312, 6, '2073-07-10', '2016-10-26', '14', 20, '14', 25, 5, 'A'),
(2313, 7, '2073-07-10', '2016-10-26', '17', 2, '17', 7, 5, 'A'),
(2314, 7, '2073-07-10', '2016-10-26', '18', 0, '18', 5, 5, 'B'),
(2315, 11, '2073-07-10', '2016-10-26', '19', 54, '20', 10, 16, 'B'),
(2316, 6, '2073-07-10', '2016-10-26', '21', 51, '21', 56, 5, 'B'),
(2317, 11, '2073-07-10', '2016-10-26', '1', 0, '1', 30, 30, 'B'),
(2318, 38, '2073-07-10', '2016-10-26', '1', 30, '2', 30, 60, 'B'),
(2320, 7, '2073-07-10', '2016-10-26', '3', 55, '4', 0, 5, 'B'),
(2321, 6, '2073-07-10', '2016-10-26', '4', 13, '4', 18, 5, 'B'),
(2322, 45, '2073-07-10', '2016-10-26', '2', 30, '2', 50, 20, 'B'),
(2323, 63, '2073-07-10', '2016-10-26', '6', 0, '6', 30, 30, 'A'),
(2324, 65, '2073-07-10', '2016-10-26', '9', 40, '10', 40, 60, 'A'),
(2325, 36, '2073-07-10', '2016-10-26', '10', 30, '11', 0, 30, 'A'),
(2326, 63, '2073-07-10', '2016-10-26', '11', 0, '11', 25, 25, 'A'),
(2327, 65, '2073-07-10', '2016-10-26', '13', 0, '13', 30, 30, 'A'),
(2328, 63, '2073-07-10', '2016-10-26', '13', 30, '14', 0, 30, 'A'),
(2329, 63, '2073-07-10', '2016-10-26', '16', 0, '16', 30, 30, 'A'),
(2330, 29, '2073-07-10', '2016-10-26', '17', 0, '17', 30, 30, 'A'),
(2331, 65, '2073-07-10', '2016-10-26', '18', 0, '19', 30, 90, 'B'),
(2332, 63, '2073-07-10', '2016-10-26', '19', 30, '20', 0, 30, 'B'),
(2333, 64, '2073-07-10', '2016-10-26', '21', 30, '21', 50, 20, 'B'),
(2334, 65, '2073-07-10', '2016-10-26', '21', 50, '22', 30, 40, 'B'),
(2335, 36, '2073-07-10', '2016-10-26', '22', 30, '22', 45, 15, 'B'),
(2336, 63, '2073-07-10', '2016-10-26', '22', 45, '23', 45, 60, 'B'),
(2337, 64, '2073-07-10', '2016-10-26', '2', 40, '3', 0, 20, 'B'),
(2338, 65, '2073-07-10', '2016-10-26', '3', 0, '4', 0, 60, 'B'),
(2339, 63, '2073-07-10', '2016-10-26', '4', 0, '4', 30, 30, 'B'),
(2340, 24, '2073-07-11', '2016-10-27', '13', 50, '14', 5, 15, 'A'),
(2341, 58, '2073-07-11', '2016-10-27', '14', 5, '14', 20, 15, 'A'),
(2342, 7, '2073-07-11', '2016-10-27', '9', 18, '9', 23, 5, 'A'),
(2343, 6, '2073-07-11', '2016-10-27', '10', 50, '10', 55, 5, 'A'),
(2344, 7, '2073-07-11', '2016-10-27', '18', 0, '18', 5, 5, 'B'),
(2345, 11, '2073-07-11', '2016-10-27', '20', 5, '20', 20, 15, 'B'),
(2346, 6, '2073-07-11', '2016-10-27', '22', 30, '22', 35, 5, 'B'),
(2347, 11, '2073-07-11', '2016-10-27', '1', 8, '1', 28, 20, 'B'),
(2348, 38, '2073-07-11', '2016-10-27', '1', 28, '2', 28, 60, 'B'),
(2349, 45, '2073-07-11', '2016-10-27', '2', 28, '2', 50, 22, 'B'),
(2350, 24, '2073-07-11', '2016-10-27', '4', 15, '4', 30, 15, 'B'),
(2351, 58, '2073-07-11', '2016-10-27', '4', 30, '5', 0, 30, 'B'),
(2352, 63, '2073-07-11', '2016-10-27', '10', 30, '11', 0, 30, 'A'),
(2353, 64, '2073-07-11', '2016-10-27', '14', 0, '14', 20, 20, 'A'),
(2354, 65, '2073-07-11', '2016-10-27', '14', 20, '14', 50, 30, 'A'),
(2355, 36, '2073-07-11', '2016-10-27', '14', 50, '15', 0, 10, 'A'),
(2356, 30, '2073-07-11', '2016-10-27', '15', 0, '15', 30, 30, 'A'),
(2357, 63, '2073-07-11', '2016-10-27', '15', 30, '16', 0, 30, 'A'),
(2358, 65, '2073-07-11', '2016-10-27', '17', 0, '18', 0, 60, 'A'),
(2359, 65, '2073-07-11', '2016-10-27', '18', 0, '19', 0, 60, 'B'),
(2360, 36, '2073-07-11', '2016-10-27', '19', 0, '19', 45, 45, 'B'),
(2361, 63, '2073-07-11', '2016-10-27', '19', 45, '20', 30, 45, 'B'),
(2362, 36, '2073-07-11', '2016-10-27', '1', 0, '1', 20, 20, 'B'),
(2363, 65, '2073-07-11', '2016-10-27', '2', 30, '3', 0, 30, 'B'),
(2364, 63, '2073-07-11', '2016-10-27', '3', 0, '3', 30, 30, 'B'),
(2365, 65, '2073-07-11', '2016-10-27', '4', 0, '4', 30, 30, 'B'),
(2366, 63, '2073-07-11', '2016-10-27', '4', 0, '4', 25, 25, 'B'),
(2367, 11, '2073-07-12', '2016-10-28', '12', 45, '13', 0, 15, 'A'),
(2369, 45, '2073-07-12', '2016-10-28', '13', 0, '13', 20, 20, 'A'),
(2370, 7, '2073-07-12', '2016-10-28', '18', 0, '18', 5, 5, 'B'),
(2371, 6, '2073-07-12', '2016-10-28', '23', 10, '23', 15, 5, 'B'),
(2372, 43, '2073-07-12', '2016-10-28', '4', 0, '6', 0, 120, 'B'),
(2373, 14, '2073-07-23', '2016-11-08', '6', 0, '10', 0, 240, 'A'),
(2374, 45, '2073-07-23', '2016-11-08', '10', 0, '10', 25, 25, 'A'),
(2375, 7, '2073-07-23', '2016-11-08', '18', 0, '18', 5, 5, 'B'),
(2376, 11, '2073-07-23', '2016-11-08', '18', 40, '18', 57, 17, 'B'),
(2377, 6, '2073-07-23', '2016-11-08', '23', 0, '23', 5, 5, 'B'),
(2378, 11, '2073-07-23', '2016-11-08', '1', 27, '1', 41, 14, 'B'),
(2379, 11, '2073-07-23', '2016-11-08', '3', 0, '3', 14, 14, 'B'),
(2380, 11, '2073-07-23', '2016-11-08', '5', 0, '5', 13, 13, 'B'),
(2381, 59, '2073-07-23', '2016-11-08', '6', 0, '9', 0, 180, 'A'),
(2382, 58, '2073-07-23', '2016-11-08', '21', 0, '21', 30, 30, 'B'),
(2383, 58, '2073-07-23', '2016-11-08', '22', 30, '22', 50, 20, 'B'),
(2384, 58, '2073-07-23', '2016-11-08', '4', 15, '4', 30, 15, 'B'),
(2385, 63, '2073-07-23', '2016-11-08', '10', 30, '11', 0, 30, 'A'),
(2386, 63, '2073-07-23', '2016-11-08', '13', 0, '13', 30, 30, 'A'),
(2387, 70, '2073-07-23', '2016-11-08', '6', 0, '10', 30, 270, 'A'),
(2388, 62, '2073-07-23', '2016-11-08', '18', 0, '18', 40, 40, 'B'),
(2389, 63, '2073-07-23', '2016-11-08', '18', 40, '19', 15, 35, 'B'),
(2390, 75, '2073-07-23', '2016-11-08', '19', 30, '20', 0, 30, 'B'),
(2391, 64, '2073-07-23', '2016-11-08', '20', 0, '20', 30, 30, 'B'),
(2392, 65, '2073-07-23', '2016-11-08', '20', 30, '21', 10, 40, 'B'),
(2393, 36, '2073-07-23', '2016-11-08', '21', 20, '21', 40, 20, 'B'),
(2394, 64, '2073-07-23', '2016-11-08', '21', 40, '22', 0, 20, 'A'),
(2395, 63, '2073-07-23', '2016-11-08', '0', 0, '0', 30, 30, 'B'),
(2396, 63, '2073-07-23', '2016-11-08', '3', 0, '3', 30, 30, 'B'),
(2397, 59, '2073-07-24', '2016-11-09', '14', 15, '14', 30, 15, 'A'),
(2398, 58, '2073-07-24', '2016-11-09', '16', 15, '16', 30, 15, 'A');

-- --------------------------------------------------------

--
-- Table structure for table `tbl_tloss_departments`
--

CREATE TABLE `tbl_tloss_departments` (
  `tld_id` int(11) NOT NULL,
  `department_id` int(11) NOT NULL
) ENGINE=InnoDB DEFAULT CHARSET=latin1;

--
-- Dumping data for table `tbl_tloss_departments`
--

INSERT INTO `tbl_tloss_departments` (`tld_id`, `department_id`) VALUES
(1, 2),
(2, 4),
(3, 5),
(4, 3);

-- --------------------------------------------------------

--
-- Table structure for table `tbl_tl_reasonings`
--

CREATE TABLE `tbl_tl_reasonings` (
  `reason_id` int(11) NOT NULL,
  `reason` varchar(256) NOT NULL
) ENGINE=InnoDB DEFAULT CHARSET=latin1;

--
-- Dumping data for table `tbl_tl_reasonings`
--

INSERT INTO `tbl_tl_reasonings` (`reason_id`, `reason`) VALUES
(1, 'Banbury - Air Pressure Problem'),
(2, 'Banbury - Gate Open and Close Problem'),
(3, 'Banbury - Hydraulic Problem'),
(4, 'Electrical - Extruder Tripping Problem'),
(5, 'Electrical - Motor Tripping Problem'),
(6, 'Electrical - Power Change Over'),
(7, 'Electrical - Power Failure'),
(8, 'Electrical - Winder Tripping Problem'),
(9, 'Mechancial - Conveyor Belt Problem'),
(10, 'Mechanical - Air Pressure Problem'),
(11, 'Mechanical - Emboss Roll Change'),
(12, 'Mechanical - Emboss Rubber Roll Change'),
(13, 'Mechanical - Rotary Problem'),
(14, 'Mechanical - Temperature Problem'),
(15, 'Others'),
(16, 'Boiler Issues'),
(17, 'Electrical - Electrical Heater Problem'),
(18, 'Electrical - Expander Roll Change'),
(19, 'Electrical - Problem in Motor or PIV'),
(20, 'Electrical - Temperature Issue'),
(21, 'Electrical - Water Heater Problem'),
(22, 'Mechanical - Count Rubber Roll Change'),
(23, 'Electrical - Main Motor MCV Tripping'),
(24, 'Electrical - Unvwinder Tension Problem'),
(25, 'Electrical - Unwinder Running Problem'),
(26, 'Electrical - Winder Tension Control Problem'),
(27, 'Mechanical - Air Pipe Leakage'),
(28, 'Mechanical - Blade Pressure Problem'),
(29, 'Mechanical - Main Motor Belt Change'),
(30, 'Mechanical - Rubber Roll Change'),
(31, 'Calendar Roll Polishing'),
(32, 'Color Change'),
(33, 'Cooling and Heating Calendar'),
(34, 'Diesel Shortage'),
(35, 'Extruder Die Cleaning'),
(36, 'Factory Shutdown'),
(37, 'Gauge Setting'),
(38, 'Mixing Setting'),
(39, 'Only One Shift'),
(40, 'Pimples'),
(41, 'Raw Material Shortage'),
(42, 'Strike'),
(43, 'Cooling and Heating Laminator'),
(44, 'CT Shortage'),
(45, 'Lack of Semi Finished Goods'),
(46, 'Program Change'),
(47, 'Startup time after shutdown'),
(48, 'Blade Polish and Change'),
(49, 'Color Grinding and Filter Change'),
(50, 'Color Matching'),
(51, 'Design Clearing and Packing'),
(52, 'Design Fitting and Change'),
(53, 'New Sampling'),
(54, 'Print Film Rewinding'),
(55, 'Running Design Refitting'),
(56, 'Shortage of Print Film'),
(57, 'White Dot'),
(58, 'Mixing Color Matching'),
(59, 'Mixing Paste Regrading and Filtering'),
(60, 'Raw Material Problem from Store'),
(61, 'Raw Material Problem because of Moisture'),
(62, 'Color Matching after Coating'),
(63, 'Machine Tempreature'),
(64, 'Machine Cleaning'),
(65, 'Paper Shifting'),
(66, 'Paper Change Over'),
(67, 'Paper Knife Broken'),
(68, 'Paper Repass'),
(69, 'Roll Cleaning'),
(70, 'Fabric Shortage '),
(71, 'Fabric Shrinkage'),
(72, 'Rain Water Drop'),
(73, 'Fabric Heat Pass'),
(74, 'Paper Inspection'),
(75, 'Electrical - Panel Tripping'),
(76, 'Electrica l- Motor Tripping'),
(77, 'Electrical - Sensor Tripping'),
(78, 'Mechanical - Cutter Problem'),
(79, 'Mechanical - Oven Conveyor Problem'),
(80, 'Mechanical - Knife Moving Problem'),
(81, 'Mechanical - Sensor Hydraulic Problem'),
(82, 'Mechanical - Motor Belt Broken'),
(83, 'Mechanical - Water Circulation Problem');

-- --------------------------------------------------------

--
-- Table structure for table `tbl_tl_reason_full`
--

CREATE TABLE `tbl_tl_reason_full` (
  `id` int(11) NOT NULL,
  `department_id` int(11) NOT NULL,
  `type_id` int(11) NOT NULL,
  `reason_id` int(11) NOT NULL
) ENGINE=InnoDB DEFAULT CHARSET=latin1;

--
-- Dumping data for table `tbl_tl_reason_full`
--

INSERT INTO `tbl_tl_reason_full` (`id`, `department_id`, `type_id`, `reason_id`) VALUES
(1, 2, 1, 1),
(2, 2, 1, 2),
(3, 2, 1, 3),
(4, 2, 1, 4),
(5, 2, 1, 5),
(6, 2, 1, 6),
(7, 2, 1, 7),
(8, 2, 1, 8),
(9, 2, 1, 9),
(10, 2, 1, 10),
(11, 2, 1, 11),
(12, 2, 1, 12),
(13, 2, 1, 13),
(14, 2, 1, 14),
(15, 2, 1, 15),
(16, 4, 1, 16),
(17, 4, 1, 17),
(18, 4, 1, 18),
(19, 4, 1, 7),
(20, 4, 1, 19),
(21, 4, 1, 20),
(22, 4, 1, 21),
(23, 4, 1, 22),
(24, 4, 1, 11),
(25, 4, 1, 12),
(26, 4, 1, 15),
(27, 3, 1, 17),
(28, 3, 1, 23),
(29, 3, 1, 7),
(30, 3, 1, 24),
(31, 3, 1, 25),
(32, 3, 1, 26),
(33, 3, 1, 27),
(34, 3, 1, 28),
(35, 3, 1, 29),
(36, 3, 1, 30),
(37, 3, 1, 15),
(38, 2, 2, 31),
(39, 2, 2, 32),
(40, 2, 2, 33),
(41, 2, 2, 34),
(42, 2, 2, 35),
(43, 2, 2, 36),
(44, 2, 2, 37),
(45, 2, 2, 38),
(46, 2, 2, 39),
(47, 2, 2, 15),
(48, 2, 2, 40),
(49, 2, 2, 41),
(50, 2, 2, 42),
(51, 4, 2, 43),
(52, 4, 2, 44),
(53, 4, 2, 34),
(54, 4, 2, 36),
(55, 4, 2, 45),
(56, 4, 2, 39),
(57, 4, 2, 15),
(58, 4, 2, 46),
(59, 4, 2, 47),
(60, 4, 2, 42),
(61, 3, 2, 48),
(62, 3, 2, 49),
(63, 3, 2, 50),
(64, 3, 2, 51),
(65, 3, 2, 52),
(66, 3, 2, 34),
(67, 3, 2, 36),
(68, 3, 2, 53),
(69, 3, 2, 39),
(70, 3, 2, 15),
(71, 3, 2, 54),
(72, 3, 2, 55),
(73, 3, 2, 56),
(74, 3, 2, 42),
(75, 3, 2, 57),
(76, 5, 2, 58),
(77, 5, 2, 59),
(78, 5, 2, 60),
(79, 5, 2, 61),
(80, 5, 2, 62),
(81, 5, 2, 63),
(82, 5, 2, 64),
(83, 5, 2, 65),
(84, 5, 2, 66),
(85, 5, 2, 67),
(86, 5, 2, 68),
(87, 5, 2, 69),
(88, 5, 2, 70),
(89, 5, 2, 71),
(90, 5, 2, 46),
(91, 5, 2, 72),
(92, 5, 2, 73),
(93, 5, 2, 74),
(94, 5, 2, 15),
(95, 5, 1, 75),
(96, 5, 1, 76),
(97, 5, 1, 7),
(98, 5, 1, 77),
(99, 5, 1, 78),
(100, 5, 1, 15),
(101, 5, 1, 11),
(102, 5, 1, 10),
(103, 5, 1, 79),
(104, 5, 1, 30),
(105, 5, 1, 13),
(106, 5, 1, 80),
(107, 5, 1, 14),
(108, 5, 1, 81),
(109, 5, 1, 82),
(110, 5, 1, 83);

-- --------------------------------------------------------

--
-- Table structure for table `tbl_tl_types`
--

CREATE TABLE `tbl_tl_types` (
  `type_id` int(11) NOT NULL,
  `loss_type` varchar(256) NOT NULL
) ENGINE=InnoDB DEFAULT CHARSET=latin1;

--
-- Dumping data for table `tbl_tl_types`
--

INSERT INTO `tbl_tl_types` (`type_id`, `loss_type`) VALUES
(1, 'BreakDown'),
(2, 'LossHour');

-- --------------------------------------------------------

--
-- Table structure for table `tbl_units`
--

CREATE TABLE `tbl_units` (
  `id` int(11) NOT NULL,
  `unit` varchar(256) NOT NULL
) ENGINE=InnoDB DEFAULT CHARSET=latin1;

--
-- Dumping data for table `tbl_units`
--

INSERT INTO `tbl_units` (`id`, `unit`) VALUES
(1, 'KG'),
(2, 'L'),
(3, 'Rolls'),
(4, 'Pieces'),
(5, 'Meters'),
(6, 'Set'),
(7, 'Packets'),
(8, 'Feet'),
(0, 'MT');

-- --------------------------------------------------------

--
-- Table structure for table `tbl_user_department`
--

CREATE TABLE `tbl_user_department` (
  `ud_id` int(11) NOT NULL,
  `user_id` int(11) NOT NULL,
  `department_id` int(11) NOT NULL
) ENGINE=InnoDB DEFAULT CHARSET=latin1;

--
-- Dumping data for table `tbl_user_department`
--

INSERT INTO `tbl_user_department` (`ud_id`, `user_id`, `department_id`) VALUES
(2, 1, 6),
(3, 2, 7),
(16, 13, 7),
(17, 14, 33);

--
-- Indexes for dumped tables
--

--
-- Indexes for table `be_acl_actions`
--
ALTER TABLE `be_acl_actions`
  ADD PRIMARY KEY (`id`),
  ADD UNIQUE KEY `name` (`name`);

--
-- Indexes for table `be_acl_groups`
--
ALTER TABLE `be_acl_groups`
  ADD PRIMARY KEY (`id`),
  ADD UNIQUE KEY `name` (`name`),
  ADD KEY `lft` (`lft`),
  ADD KEY `rgt` (`rgt`);

--
-- Indexes for table `be_acl_permissions`
--
ALTER TABLE `be_acl_permissions`
  ADD PRIMARY KEY (`id`),
  ADD KEY `aro_id` (`aro_id`),
  ADD KEY `aco_id` (`aco_id`);

--
-- Indexes for table `be_acl_permission_actions`
--
ALTER TABLE `be_acl_permission_actions`
  ADD PRIMARY KEY (`id`),
  ADD KEY `access_id` (`access_id`),
  ADD KEY `axo_id` (`axo_id`);

--
-- Indexes for table `be_acl_resources`
--
ALTER TABLE `be_acl_resources`
  ADD PRIMARY KEY (`id`),
  ADD UNIQUE KEY `name` (`name`),
  ADD KEY `lft` (`lft`),
  ADD KEY `rgt` (`rgt`);

--
-- Indexes for table `be_backups`
--
ALTER TABLE `be_backups`
  ADD PRIMARY KEY (`backup_id`);

--
-- Indexes for table `be_users`
--
ALTER TABLE `be_users`
  ADD PRIMARY KEY (`id`);

--
-- Indexes for table `settings`
--
ALTER TABLE `settings`
  ADD PRIMARY KEY (`setting_id`);

--
-- Indexes for table `tbl_bank`
--
ALTER TABLE `tbl_bank`
  ADD PRIMARY KEY (`id`);

--
-- Indexes for table `tbl_brand`
--
ALTER TABLE `tbl_brand`
  ADD PRIMARY KEY (`id`);

--
-- Indexes for table `tbl_brand_type`
--
ALTER TABLE `tbl_brand_type`
  ADD PRIMARY KEY (`id`);

--
-- Indexes for table `tbl_category`
--
ALTER TABLE `tbl_category`
  ADD PRIMARY KEY (`category_id`);

--
-- Indexes for table `tbl_daily_production_sales`
--
ALTER TABLE `tbl_daily_production_sales`
  ADD PRIMARY KEY (`id`);

--
-- Indexes for table `tbl_dealers`
--
ALTER TABLE `tbl_dealers`
  ADD PRIMARY KEY (`dealer_id`);

--
-- Indexes for table `tbl_departments`
--
ALTER TABLE `tbl_departments`
  ADD PRIMARY KEY (`id`);

--
-- Indexes for table `tbl_dept_request`
--
ALTER TABLE `tbl_dept_request`
  ADD PRIMARY KEY (`request_id`);

--
-- Indexes for table `tbl_direct_dispatch_material`
--
ALTER TABLE `tbl_direct_dispatch_material`
  ADD PRIMARY KEY (`ddm_id`);

--
-- Indexes for table `tbl_electric_meter`
--
ALTER TABLE `tbl_electric_meter`
  ADD PRIMARY KEY (`id`);

--
-- Indexes for table `tbl_electric_meter_consumption`
--
ALTER TABLE `tbl_electric_meter_consumption`
  ADD PRIMARY KEY (`id`);

--
-- Indexes for table `tbl_electric_report`
--
ALTER TABLE `tbl_electric_report`
  ADD PRIMARY KEY (`id`);

--
-- Indexes for table `tbl_hourly_report`
--
ALTER TABLE `tbl_hourly_report`
  ADD PRIMARY KEY (`id`);

--
-- Indexes for table `tbl_inventory`
--
ALTER TABLE `tbl_inventory`
  ADD PRIMARY KEY (`id`);

--
-- Indexes for table `tbl_lab_report`
--
ALTER TABLE `tbl_lab_report`
  ADD PRIMARY KEY (`id`);

--
-- Indexes for table `tbl_materials`
--
ALTER TABLE `tbl_materials`
  ADD PRIMARY KEY (`material_id`);

--
-- Indexes for table `tbl_mst_lab_requirement`
--
ALTER TABLE `tbl_mst_lab_requirement`
  ADD PRIMARY KEY (`id`);

--
-- Indexes for table `tbl_party`
--
ALTER TABLE `tbl_party`
  ADD PRIMARY KEY (`id`);

--
-- Indexes for table `tbl_party_agent`
--
ALTER TABLE `tbl_party_agent`
  ADD PRIMARY KEY (`id`);

--
-- Indexes for table `tbl_party_brand`
--
ALTER TABLE `tbl_party_brand`
  ADD PRIMARY KEY (`id`);

--
-- Indexes for table `tbl_party_name`
--
ALTER TABLE `tbl_party_name`
  ADD PRIMARY KEY (`id`);

--
-- Indexes for table `tbl_payment`
--
ALTER TABLE `tbl_payment`
  ADD PRIMARY KEY (`id`);

--
-- Indexes for table `tbl_permission`
--
ALTER TABLE `tbl_permission`
  ADD PRIMARY KEY (`id`);

--
-- Indexes for table `tbl_plant`
--
ALTER TABLE `tbl_plant`
  ADD PRIMARY KEY (`id`);

--
-- Indexes for table `tbl_plant_operation`
--
ALTER TABLE `tbl_plant_operation`
  ADD PRIMARY KEY (`id`);

--
-- Indexes for table `tbl_purchase`
--
ALTER TABLE `tbl_purchase`
  ADD PRIMARY KEY (`purchase_id`);

--
-- Indexes for table `tbl_report_material`
--
ALTER TABLE `tbl_report_material`
  ADD PRIMARY KEY (`rm_id`);

--
-- Indexes for table `tbl_report_order`
--
ALTER TABLE `tbl_report_order`
  ADD PRIMARY KEY (`ro_id`);

--
-- Indexes for table `tbl_report_type`
--
ALTER TABLE `tbl_report_type`
  ADD PRIMARY KEY (`rt_id`);

--
-- Indexes for table `tbl_resource`
--
ALTER TABLE `tbl_resource`
  ADD PRIMARY KEY (`id`);

--
-- Indexes for table `tbl_sales_register`
--
ALTER TABLE `tbl_sales_register`
  ADD PRIMARY KEY (`id`);

--
-- Indexes for table `tbl_silo_report`
--
ALTER TABLE `tbl_silo_report`
  ADD PRIMARY KEY (`id`);

--
-- Indexes for table `tbl_user_department`
--
ALTER TABLE `tbl_user_department`
  ADD PRIMARY KEY (`ud_id`);

--
-- AUTO_INCREMENT for dumped tables
--

--
-- AUTO_INCREMENT for table `be_users`
--
ALTER TABLE `be_users`
  MODIFY `id` int(10) UNSIGNED NOT NULL AUTO_INCREMENT, AUTO_INCREMENT=15;
--
-- AUTO_INCREMENT for table `settings`
--
ALTER TABLE `settings`
  MODIFY `setting_id` int(11) NOT NULL AUTO_INCREMENT, AUTO_INCREMENT=9;
--
-- AUTO_INCREMENT for table `tbl_bank`
--
ALTER TABLE `tbl_bank`
  MODIFY `id` int(11) NOT NULL AUTO_INCREMENT, AUTO_INCREMENT=33;
--
-- AUTO_INCREMENT for table `tbl_brand`
--
ALTER TABLE `tbl_brand`
  MODIFY `id` int(11) NOT NULL AUTO_INCREMENT, AUTO_INCREMENT=8;
--
-- AUTO_INCREMENT for table `tbl_brand_type`
--
ALTER TABLE `tbl_brand_type`
  MODIFY `id` int(11) NOT NULL AUTO_INCREMENT, AUTO_INCREMENT=3;
--
-- AUTO_INCREMENT for table `tbl_category`
--
ALTER TABLE `tbl_category`
  MODIFY `category_id` int(11) NOT NULL AUTO_INCREMENT, AUTO_INCREMENT=5;
--
-- AUTO_INCREMENT for table `tbl_daily_production_sales`
--
ALTER TABLE `tbl_daily_production_sales`
  MODIFY `id` int(11) NOT NULL AUTO_INCREMENT, AUTO_INCREMENT=247;
--
-- AUTO_INCREMENT for table `tbl_dealers`
--
ALTER TABLE `tbl_dealers`
  MODIFY `dealer_id` int(11) NOT NULL AUTO_INCREMENT, AUTO_INCREMENT=29;
--
-- AUTO_INCREMENT for table `tbl_departments`
--
ALTER TABLE `tbl_departments`
  MODIFY `id` int(11) NOT NULL AUTO_INCREMENT, AUTO_INCREMENT=50;
--
-- AUTO_INCREMENT for table `tbl_dept_request`
--
ALTER TABLE `tbl_dept_request`
  MODIFY `request_id` int(11) NOT NULL AUTO_INCREMENT, AUTO_INCREMENT=233;
--
-- AUTO_INCREMENT for table `tbl_direct_dispatch_material`
--
ALTER TABLE `tbl_direct_dispatch_material`
  MODIFY `ddm_id` int(11) NOT NULL AUTO_INCREMENT, AUTO_INCREMENT=27;
--
-- AUTO_INCREMENT for table `tbl_electric_meter`
--
ALTER TABLE `tbl_electric_meter`
  MODIFY `id` int(11) NOT NULL AUTO_INCREMENT, AUTO_INCREMENT=4;
--
-- AUTO_INCREMENT for table `tbl_electric_meter_consumption`
--
ALTER TABLE `tbl_electric_meter_consumption`
  MODIFY `id` int(11) NOT NULL AUTO_INCREMENT, AUTO_INCREMENT=247;
--
-- AUTO_INCREMENT for table `tbl_electric_report`
--
ALTER TABLE `tbl_electric_report`
  MODIFY `id` int(11) NOT NULL AUTO_INCREMENT;
--
-- AUTO_INCREMENT for table `tbl_hourly_report`
--
ALTER TABLE `tbl_hourly_report`
  MODIFY `id` int(11) NOT NULL AUTO_INCREMENT, AUTO_INCREMENT=2;
--
-- AUTO_INCREMENT for table `tbl_inventory`
--
ALTER TABLE `tbl_inventory`
  MODIFY `id` int(11) NOT NULL AUTO_INCREMENT, AUTO_INCREMENT=36;
--
-- AUTO_INCREMENT for table `tbl_lab_report`
--
ALTER TABLE `tbl_lab_report`
  MODIFY `id` int(11) NOT NULL AUTO_INCREMENT, AUTO_INCREMENT=4;
--
-- AUTO_INCREMENT for table `tbl_materials`
--
ALTER TABLE `tbl_materials`
  MODIFY `material_id` int(11) NOT NULL AUTO_INCREMENT, AUTO_INCREMENT=34;
--
-- AUTO_INCREMENT for table `tbl_mst_lab_requirement`
--
ALTER TABLE `tbl_mst_lab_requirement`
  MODIFY `id` int(11) NOT NULL AUTO_INCREMENT, AUTO_INCREMENT=16;
--
-- AUTO_INCREMENT for table `tbl_party`
--
ALTER TABLE `tbl_party`
  MODIFY `id` int(11) NOT NULL AUTO_INCREMENT, AUTO_INCREMENT=121;
--
-- AUTO_INCREMENT for table `tbl_party_agent`
--
ALTER TABLE `tbl_party_agent`
  MODIFY `id` int(11) NOT NULL AUTO_INCREMENT, AUTO_INCREMENT=669;
--
-- AUTO_INCREMENT for table `tbl_party_brand`
--
ALTER TABLE `tbl_party_brand`
  MODIFY `id` int(11) NOT NULL AUTO_INCREMENT, AUTO_INCREMENT=22;
--
-- AUTO_INCREMENT for table `tbl_party_name`
--
ALTER TABLE `tbl_party_name`
  MODIFY `id` int(11) NOT NULL AUTO_INCREMENT, AUTO_INCREMENT=621;
--
-- AUTO_INCREMENT for table `tbl_payment`
--
ALTER TABLE `tbl_payment`
  MODIFY `id` int(11) NOT NULL AUTO_INCREMENT, AUTO_INCREMENT=2923;
--
-- AUTO_INCREMENT for table `tbl_plant`
--
ALTER TABLE `tbl_plant`
  MODIFY `id` int(11) NOT NULL AUTO_INCREMENT, AUTO_INCREMENT=14;
--
-- AUTO_INCREMENT for table `tbl_plant_operation`
--
ALTER TABLE `tbl_plant_operation`
  MODIFY `id` int(11) NOT NULL AUTO_INCREMENT, AUTO_INCREMENT=1509;
--
-- AUTO_INCREMENT for table `tbl_purchase`
--
ALTER TABLE `tbl_purchase`
  MODIFY `purchase_id` int(11) NOT NULL AUTO_INCREMENT, AUTO_INCREMENT=104;
--
-- AUTO_INCREMENT for table `tbl_report_material`
--
ALTER TABLE `tbl_report_material`
  MODIFY `rm_id` int(11) NOT NULL AUTO_INCREMENT, AUTO_INCREMENT=7;
--
-- AUTO_INCREMENT for table `tbl_report_order`
--
ALTER TABLE `tbl_report_order`
  MODIFY `ro_id` int(11) NOT NULL AUTO_INCREMENT, AUTO_INCREMENT=4;
--
-- AUTO_INCREMENT for table `tbl_report_type`
--
ALTER TABLE `tbl_report_type`
  MODIFY `rt_id` int(11) NOT NULL AUTO_INCREMENT, AUTO_INCREMENT=3;
--
-- AUTO_INCREMENT for table `tbl_sales_register`
--
ALTER TABLE `tbl_sales_register`
  MODIFY `id` int(11) NOT NULL AUTO_INCREMENT;
--
-- AUTO_INCREMENT for table `tbl_silo_report`
--
ALTER TABLE `tbl_silo_report`
  MODIFY `id` int(11) NOT NULL AUTO_INCREMENT, AUTO_INCREMENT=247;
--
-- AUTO_INCREMENT for table `tbl_user_department`
--
ALTER TABLE `tbl_user_department`
  MODIFY `ud_id` int(11) NOT NULL AUTO_INCREMENT, AUTO_INCREMENT=18;
/*!40101 SET CHARACTER_SET_CLIENT=@OLD_CHARACTER_SET_CLIENT */;
/*!40101 SET CHARACTER_SET_RESULTS=@OLD_CHARACTER_SET_RESULTS */;
/*!40101 SET COLLATION_CONNECTION=@OLD_COLLATION_CONNECTION */;
